6596
428
1264
1
3
4968
89
4428
8
142
19
5
1
208
6
22
2282
4
206
8655
417
282
4293
1480
10
2096
775
1032
1
27
4713
3
9175
323
3729
2093
1
91
40
4795
38
1
1493
9800
275
3062
279
11
3830
5807
5
2698
1211
8011
1212
1165
618
7488
1
2624
1318
2
1651
3
6968
1
1266
181
5190
2
6557
332
15
40
2145
7573
7054
7449
11
712
8368
4649
212
789
1
327
3
6920
1
934
16
4410
6597
198
1002
1
161
4284
80
9707
9
1325
418
5
9355
22
9791
1898
2
1998
2
6625
37
1
3107
5425
1368
7236
38
50
1
9204
1
7805
9119
6993
2496
523
4024
12
372
77
478
22
606
1393
227
3380
866
6
4
834
248
7489
3159
18
1
4591
5381
8801
8500
7826
1
5280
11
3795
224
54
7540
1
3396
4531
193
9936
115
3542
13
6894
1
1364
9114
21
6682
2127
1
6378
91
87
10
3
3783
285
7406
2704
9691
2148
1
6910
2
2950
1498
1335
1
8145
2
15
2563
13
7883
6
8767
43
47
121
10
4955
8529
1512
20
1
2054
3585
95
4867
345
1
437
4
4274
10
26
868
3389
3618
1
7057
71
9230
568
4802
4519
5574
8968
4472
63
16
261
3
2981
8067
1053
8
22
2246
493
83
6544
8
2079
13
21
131
4945
753
3260
994
22
11
6
101
3155
8762
1717
4
1
5542
169
146
315
9095
7257
1952
5384
7351
1776
9131
8
22
25
492
6
1
5
30
522
1
8252
253
66
2888
1
8
23
5974
25
109
8100
112
6579
8159
2
2835
476
8027
445
154
54
5987
14
232
3231
298
11
7580
5776
527
2066
4
123
112
2766
6
6
617
6786
7613
72
2790
1
40
1
5688
6
5704
231
1
8011
1483
1
292
2
5255
6449
7580
2715
4010
767
1
460
1205
1
2877
7893
6651
5978
42
4289
1
1
605
13
37
1331
566
75
1
5130
18
2680
3674
23
56
1
3
4464
354
2023
143
1
1448
272
3
295
1
9075
4699
1
8100
67
839
86
1349
9521
6797
4218
879
3463
96
490
1156
1
10
25
312
160
7227
4485
5817
5
4517
4358
9978
609
3524
3696
8016
5641
6206
1144
178
1734
5745
1957
7013
2
7505
1
3
3599
3965
515
2807
488
969
6
1
2647
9126
22
13
40
1309
63
5100
25
486
225
4
42
12
1787
1
43
536
7944
349
1
9201
1
2
1718
200
2
1
1913
5
56
985
7626
2136
716
77
3857
6
1416
1
1111
2133
8274
1896
2
6371
11
5953
1447
52
1
8938
12
6057
12
3937
5359
5057
5578
2
228
5354
6941
3
1006
7432
3982
1
135
1881
638
3231
673
8843
1948
2
1
7849
7862
6697
6095
8
1
692
1421
2183
1611
1135
919
1
1
16
704
70
845
6
2431
3600
2
7089
643
123
592
2874
5527
24
77
1
91
300
1
2945
91
2515
1
105
30
8
30
206
6276
7575
1406
9406
186
25
5
3607
2
24
80
8
6112
105
5836
107
16
6224
6508
3395
2
6326
48
1621
2311
2
7040
120
5488
481
160
10
6604
6004
1
9494
12
1
94
1
5402
4323
5400
5388
5248
91
72
1548
2026
1
4702
1113
6102
5
1040
1
3890
1030
538
15
2
1767
8525
2
21
141
8918
1
420
9531
5928
809
5374
35
750
602
7
158
1565
1443
32
21
3478
6688
110
3178
5662
34
12
209
2031
1
1
78
1
1787
3104
585
1911
9154
678
4765
5813
1
1
53
2973
8532
1625
307
5044
2800
3184
6654
518
55
833
174
2
8782
275
7779
9887
1432
3411
5292
5889
19
8479
3
2993
1772
1
1900
8
888
5
2860
8652
5
1
7910
14
7467
221
8854
18
1
389
367
0
3
4
4137
35
7462
1043
3729
13
4445
694
7907
8867
5931
8126
694
8
14
36
3
1
1697
8174
459
9963
4664
7
87
2889
1
2173
426
1
6336
442
8231
4699
4037
6079
15
6863
19
1
4
6487
244
2108
215
2289
16
44
1
11
7430
107
2
2897
5611
3684
789
3530
1
97
1
132
363
4583
5556
390
89
9
828
7296
3969
7655
15
3477
7535
5799
789
1166
155
763
6370
7209
41
9464
2306
7
4
16
8278
7
2
6218
919
2
390
5418
1632
8
232
59
31
11
1
5005
2776
2
54
7415
2
2502
25
204
1
10
547
4
2
217
2420
4463
838
1
169
1
1587
982
258
22
40
743
8346
2043
3
1
2
173
1
1
134
523
397
7739
245
6159
4277
7522
1394
262
4
2516
719
2363
3664
92
5635
4454
2
2
2309
3
1303
5778
14
399
459
5871
115
264
238
14
1
4660
3729
1159
5634
10
4559
1
8466
3814
1
28
3
5478
19
6
1
294
18
1
4584
2
1
864
1
36
36
29
3
3548
7893
1687
290
6
1
8853
4339
4302
238
8673
1379
4303
138
7803
1206
35
6
1
4499
5277
1
5912
304
191
1
251
8416
6
18
14
1534
4937
7134
513
1901
9877
5640
2
3025
489
1
110
5
1
87
40
1832
9737
13
146
65
5
3
90
1
789
1626
1588
61
7326
12
5390
407
1
226
3288
80
4368
7161
1
52
7
7
1
141
4698
2570
8
2471
200
1
15
4783
14
5101
2546
1
1217
2
16
5269
13
3021
2558
2104
1
1024
672
3
2
1475
2
8947
9
89
3205
17
1
145
6786
3606
2
110
2
4405
92
9063
8650
141
2983
4256
11
5827
1071
7020
601
2636
1488
11
90
9546
14
6438
10
3
219
4821
3242
41
382
2
9222
6610
11
4580
1031
4105
1161
1
1
1
7
119
100
36
7961
2
2902
9435
411
634
7831
1284
5444
1148
125
8333
5260
9314
1
2848
6778
53
6775
7
236
4355
17
6305
7
4
6307
2510
5103
108
26
5428
1
8733
1736
7782
42
1
4
8895
1
5519
1
48
8770
4
7690
4709
5526
8645
799
1749
1
17
5689
9740
6251
8083
44
7
44
1
6
5
21
2195
8211
2599
532
203
876
5585
1
1
3954
4652
519
1210
5487
13
1758
139
6653
3626
4
6088
12
2135
451
522
1
3564
2245
5
7645
3480
5613
7505
414
186
101
7164
45
371
1132
1
26
7858
119
8713
648
9568
5773
7075
1476
2898
31
4
5455
465
1375
14
787
3145
77
2625
476
2
6067
3955
181
9179
6617
2
373
22
429
4
3337
7245
6
779
5
1
6287
9607
1
10
1334
3236
9319
17
15
3
3927
5486
1
1216
21
9275
7701
8331
12
337
254
32
1
2
1030
23
36
6
3
2733
1
2
3221
1
2
7944
1578
8389
647
5
2531
141
1
1
2
2
1488
8
2752
8834
9
444
600
3957
23
25
4649
12
606
67
2
5638
6
34
2
32
18
1092
8324
1067
186
5032
9227
46
1
49
164
12
195
4
1807
9674
1
264
9
555
7328
3259
17
2
3461
25
18
8566
742
39
17
8580
6577
5483
102
473
2016
16
5
107
1039
18
1359
833
129
3
677
5
7122
569
535
166
32
6287
7436
4
37
4949
2
301
5440
8
1
4255
18
648
18
1756
2
23
17
7258
4703
382
5
3580
4048
9197
1
4871
131
498
9
5188
2068
1
57
7769
4639
18
525
824
20
80
165
8634
4823
35
97
117
59
2426
5981
257
529
16
8157
6
11
9
1
16
6
1
3249
1
30
1568
6
80
4
8707
2023
12
35
77
4166
1
736
2212
642
7572
16
19
7611
3968
795
1548
30
25
1
37
1521
8697
585
7927
3
48
219
5733
8256
200
8047
4
538
35
6
89
2572
5540
2
3640
1
4
1005
1
265
8
6533
739
8
7174
12
410
6508
1666
3
3
4
9383
22
7106
630
43
9209
3
1314
8316
2
2891
462
56
3990
695
2
1
6865
276
2
1060
228
907
4184
1
1674
9970
4
6754
534
410
146
5150
9462
6241
2856
6125
142
242
1060
1
7801
5
4
6332
5761
6
16
18
70
527
1228
3464
2274
6
3
1
96
6997
6784
12
3749
4
445
43
4629
8603
8
378
309
8171
8092
99
6630
6880
9464
15
26
17
2
2485
437
2
13
2668
59
8213
8353
1783
1242
9
33
1
103
63
1328
17
3008
1
14
3840
3294
4
7652
2677
5567
2162
2169
9
4105
1
6374
1
675
1
7015
2377
7578
2
26
231
1464
287
131
1
1983
1130
2
39
3565
16
2043
217
2597
7081
1
1
86
10
8252
1280
9228
3
5697
5734
1206
3460
3318
11
46
6236
5
8777
2020
1
2739
4
2
29
1
93
4324
76
45
57
2
251
2
1913
9074
1
191
6170
3
2572
2
238
9889
2
5190
142
8034
70
15
1
17
1
30
3
6241
90
1657
1
5732
2737
2
486
1229
3347
1
1
8136
565
3
41
8120
164
9688
6715
14
2190
8
1
6977
1345
2
7370
56
33
1
5
7809
5839
940
57
129
601
3
14
1
7839
16
3553
8257
1698
6
2227
64
9658
1863
1
395
838
98
3
4
9
1425
13
9870
1
6864
3111
1874
9041
89
880
751
4718
4281
1
7
26
2904
8975
93
1330
2
8145
400
7930
6005
180
2534
9
435
1066
32
9514
270
5
7
1692
5638
584
1
7
1
165
1236
44
11
397
2
35
260
389
2
9
1949
380
5008
1
2962
311
6
9098
8490
1193
31
1206
6781
1379
62
1939
83
6939
4880
2
2880
3275
2488
26
4679
1488
13
4521
9
4835
2512
2
2
1
4432
8426
53
61
154
3969
176
1
234
8926
40
1625
9801
1
6689
8643
1189
1
19
66
20
285
2
9660
12
115
9468
4669
2632
6
6
3
13
81
5570
988
1
2192
1
1
5642
2163
1
12
490
4247
1
31
5883
1340
6825
2
1329
89
1
140
124
4851
8309
5713
3
1
352
4641
110
37
8
5761
3
2689
2570
4
3
290
527
8
8618
343
48
1039
15
6
386
3171
9000
5725
18
4
707
2007
10
2120
3006
23
7409
7121
2221
972
8999
94
468
3569
10
9683
381
4471
952
2159
2
1
8236
2601
4994
2801
622
9099
28
4846
15
12
3428
148
5863
2384
2101
172
9698
4375
10
6
8027
7999
45
6344
1467
2198
4224
24
1262
7
1119
6606
9895
10
67
4405
10
371
6510
1
1302
3280
2931
5
60
5571
3000
1
2887
4447
3
1213
17
257
360
32
7043
1647
4
1
648
7
22
5487
7896
1509
680
5574
2264
1472
227
786
1532
2
6346
12
8480
1
438
8371
4169
5531
168
3613
6
483
3576
3260
2
251
10
3
1
1
3123
21
630
450
2317
2
17
3
774
3
442
1544
58
8646
9571
27
2
112
3568
23
8115
4914
191
5
13
2626
8758
1419
122
2599
12
1
88
4544
37
1
1462
145
101
4
2010
1
53
3422
49
1424
37
1
9667
34
8065
1
9972
80
6829
97
5
3
1
9633
410
2
22
4
1
2434
4097
23
8290
1
11
5905
1254
25
48
6695
3880
9156
41
4146
2356
2
5327
1
4331
891
2
7
5852
1484
29
6103
6880
7782
6
1353
22
4853
5273
4498
5397
1975
2
62
1902
1
43
22
2831
476
1
1
1
7633
97
3574
1098
7860
618
8
6
1
9584
3007
1800
6993
40
2534
6510
6
611
3
49
2
11
12
2581
2
6369
9953
1
320
33
7004
5
9968
5874
1
440
140
14
5822
4815
1342
1953
7935
13
1255
5528
477
6399
3
6595
563
2965
15
1
2
1
1
2696
8556
5
1
825
11
9985
488
2
1424
44
2
6366
1
6835
96
3591
2086
4261
40
5471
785
4981
70
187
1853
3702
3
21
14
395
696
120
62
4
6
6792
1755
6763
1
4
917
1176
2624
16
4584
1139
1
57
1008
9723
32
69
4306
1
1
5181
24
92
15
2
428
20
3550
6431
7
953
281
1555
2
18
4
2
78
346
7
3216
4
1985
3391
872
8
8912
71
1
89
5827
3
8407
2701
5217
2
7566
15
8024
4797
6600
1293
6175
1
24
4058
2876
127
1
1
593
1
2179
2
424
63
7272
618
839
5400
207
1
5
9
179
18
3968
347
15
675
1
1
1
4
1
8207
6789
51
6072
76
499
6719
2646
2
23
81
3168
45
1217
1
2673
1
43
586
11
653
1
6192
1074
4928
1
2460
255
9273
79
6395
31
1132
707
765
56
3378
896
2
8917
3068
10
86
2976
2008
672
10
6048
64
484
6905
5273
40
1639
7653
165
655
120
8864
4315
536
22
8048
3552
2189
8650
8176
673
463
100
1
6517
4
1873
36
1
3
7668
6620
7281
1
1
13
9474
3909
1
374
923
140
1
5
89
3745
281
1592
1097
5244
4
80
3
7095
1636
398
178
9316
55
22
1
2
2
150
146
8
16
40
1
2218
8821
9127
1
528
33
1271
348
8881
2
676
9127
470
5
14
4469
5204
13
12
66
89
2721
3607
9116
1
1745
268
8612
4
2220
1066
96
392
5966
694
933
94
8982
7856
4666
4
1952
663
4042
1
4487
6189
610
19
2591
196
5
9989
1
9891
9802
326
304
3
13
9494
107
1
7740
1
4
3856
3
1643
862
9485
13
5601
35
27
289
111
60
694
11
442
157
2763
4
1
3615
3369
1582
1983
8517
3951
1171
95
6122
2293
2
1
6785
3
2962
8452
5
9616
5
38
26
1
1035
5
870
9586
2862
638
1441
76
8407
15
1657
2
2
79
46
3
1
650
23
194
5257
113
678
1
326
8
1
4
1
1
4690
890
1
91
4
6651
71
21
1
9409
7767
333
22
5381
9830
1
3228
8655
1
9
7247
9911
2841
6
3
3
308
5
1
1
1
4
1
7701
72
33
7878
39
1
1
2
1
1
5747
2569
34
7732
1569
1
41
602
901
2512
9614
137
1
27
8426
45
905
2877
5553
4578
8487
113
463
23
339
2
45
2
29
1
8288
635
1
3559
3
1
2
7410
3
5
2722
1
30
5340
56
1
34
4971
1
1
6731
3
2
5046
28
3542
4603
5637
83
6
2518
9589
1
5841
2454
973
7
2
9685
7087
6229
7043
1670
4682
105
2648
15
2728
517
622
19
1
16
4031
92
5
548
32
1578
7003
19
3319
9
3
161
1
1
1
8749
93
2621
363
26
5394
2
560
1422
23
5
36
3020
4610
1209
5001
1
1798
1931
1
1245
629
9056
3
14
80
8
4794
1655
1
9567
95
7817
3
641
4936
12
72
2
7592
3
1
1940
1
8553
1
8393
3234
5568
8
7222
9842
9390
12
34
3
8639
5212
25
673
302
7674
20
1392
407
8492
6761
6866
231
9074
8651
326
2
3132
3
384
2419
33
3280
26
165
16
80
1
4
1754
4
33
7
2498
472
601
7
8312
16
112
49
3089
1086
3799
407
4765
1
13
4396
3973
198
768
2
1328
1
2311
6
6451
1
2493
214
2
4958
8
14
1
3771
1
1241
679
6834
7776
5
3868
7
3
40
23
3461
8651
1725
530
16
7
2004
1
3495
1
10
549
1
19
1
1
184
2127
8784
1
1
5
4376
1605
8062
2277
114
851
906
2396
9611
6200
6
8433
1
168
253
6799
7581
23
9854
22
12
364
222
70
5926
1343
3157
8118
4344
1
7
1584
3981
134
3
2
4071
3629
778
4983
33
5
1023
2
1149
6279
2
5746
6920
268
100
2
58
4084
226
4729
2
7
8509
1
3
17
71
5
7
4
1
3
1
123
9
8476
1765
2023
9889
13
62
1
5
2
5205
2
6977
1714
138
443
6728
6057
8170
27
21
26
6
43
9984
44
30
5
1348
200
40
3
23
2134
26
354
2103
4291
1
52
1315
9829
106
4051
16
1
3075
4125
2616
1
10
92
5199
2190
7503
4284
2773
13
2320
107
838
4350
6992
197
4533
319
27
2
1
1
25
1246
8886
18
1311
226
4043
4101
7057
6
54
4
141
2769
141
3
3095
7
6536
2
2447
7175
1
10
6
1134
769
5
14
5792
1
5249
40
4727
9407
7267
6
4
846
24
1524
2
1611
1
1
4056
7808
25
4943
5
3
7034
1
9956
5
138
318
3170
1
949
2
66
4607
3
13
594
5367
6346
2
1405
1380
7947
1963
2
9139
2236
9150
1380
39
100
6
3
1
3504
8500
200
3
865
5865
2591
51
1994
1
210
6132
1872
3295
27
6489
1
9
436
53
254
19
12
2810
3
45
33
9648
9129
3
904
1
4626
5550
3
104
9
19
291
15
7040
1
2
8736
11
6
6121
846
6114
1239
23
298
6
7
4044
30
6095
12
965
236
2964
7584
8779
6919
13
4734
7153
1
1
19
4
10
7955
5645
11
9200
2
8448
2983
427
145
5
3057
3
6860
19
5592
2
3
115
58
15
4
51
1
48
2389
3586
1
786
1230
629
1
1796
7381
25
3905
52
54
590
61
83
7
50
407
8678
122
2851
3372
7654
152
5
159
292
25
1808
2211
81
3498
1
3361
5364
8286
2068
5
1
9107
3837
124
2556
6
2
147
120
9196
1
5
2
4631
8740
132
2420
3712
270
4150
1
64
7697
7766
83
2557
5
3
530
3667
1
1
5968
2
63
9
1
8532
189
6
47
5682
4209
1
4603
2
8043
6800
3
5101
23
1
4991
4280
8124
4
8384
82
3688
12
9488
3
334
2
1674
1480
7403
5102
1520
10
238
103
3904
1
3718
43
732
5909
10
1
1
1
3656
1
40
242
7857
3
3
4932
2197
7870
8317
1552
3
446
5508
348
833
7
1
5380
71
5611
208
166
9703
1956
6038
4389
8046
848
1
1
28
6487
6811
5190
624
404
7775
3501
2293
1
787
1
4757
717
6696
24
2448
56
3734
1
1
5352
11
9266
4285
2994
9
1
3410
7542
8753
2586
19
4976
1
1833
6664
9207
85
1596
2528
2199
4466
8836
5
7934
7219
4020
7658
163
4768
9
1073
4515
1
2814
2580
1186
1232
1
420
1389
3
8860
1130
44
2669
4068
7996
5792
17
217
3376
714
663
2
11
3038
1994
9163
1
5511
15
7602
543
895
2
40
3520
9152
35
6
9168
9204
44
188
2420
14
4590
5596
1
8328
9
12
1
9294
6688
1014
5
61
9296
1364
4
3327
3780
9
6800
2132
6569
7
3847
125
1
5264
124
4
8
17
1
4566
32
4622
6058
9111
5415
18
5587
1
5956
22
5
8217
3168
273
9613
103
2
16
299
178
5
1942
30
1
6
2
34
1
2284
8421
4911
7
19
2
5114
8005
5
331
8486
182
9700
4021
54
11
7859
7671
6359
2608
134
1
6296
9108
4799
1264
6
1605
3
4
1
3
2822
5730
4116
197
1050
2
917
6635
10
4782
1
6414
9951
461
8
309
5
38
2
9190
124
9639
8222
4559
11
2
1439
2638
5850
6
4423
8077
2193
94
857
68
15
9263
6217
5479
10
2
2637
513
2663
76
7975
526
3163
110
68
3344
6433
25
8544
6758
341
40
2677
267
6
1116
7
2698
4
56
9679
6
29
789
4
9
9694
3054
1
2
2669
1790
1046
1
56
1899
3408
1
3193
2803
7
6
3
65
1053
3740
131
9586
1
1177
182
2676
754
14
937
1530
1
132
5
7982
691
6994
1
16
9392
1701
6999
26
9
1
14
852
1
6
99
5968
7757
163
3013
17
2563
5180
390
131
14
2
343
2578
7853
839
820
31
2945
1
136
1
7
58
2735
4814
4226
9
7448
4
776
18
3
481
9917
2063
7310
1385
3288
257
19
2907
1
887
12
2064
4389
1364
3
80
3168
6511
7346
2
1169
164
272
13
9556
13
1540
1868
2
4
7582
2792
5393
1519
2785
9296
29
17
23
1885
7074
51
183
13
5
4
4366
1649
2504
2
2
4644
9337
3257
3027
1
1
1
64
1637
9414
2
8297
99
25
708
9332
45
3
14
7769
12
1
378
8580
105
70
134
9630
35
4
632
1
9632
5
3
4783
2397
50
53
7459
3830
9
1
6390
6760
2341
12
682
4608
22
997
179
6621
7748
1
1
165
15
51
1
2920
5646
428
1
1
170
9545
1
351
7812
5772
7
2731
8764
4
2929
3
1347
9661
47
4
2698
10
782
2706
966
1
1409
6178
20
4501
3
10
2899
9485
5
2037
7630
2
1
65
7638
1087
773
1
2237
6
2
178
156
1634
2762
1
387
5256
14
160
371
4768
1
8280
317
5473
6645
15
2425
2270
4895
4111
6351
200
9602
31
95
256
1
82
2
18
2721
279
766
4060
430
2294
8830
1
4649
3
1
1
115
42
4338
6
6831
9826
4592
1
222
7308
9803
219
286
1024
57
33
677
2276
9866
1
1
9830
312
4
9481
7
22
8385
2
304
13
16
2
3690
2025
7
5480
1
1101
1
816
1
3266
3747
7
764
15
100
2
1
6
3
3758
1211
748
4081
31
2448
7
6925
9104
1495
2039
9264
56
6150
5417
18
3
8719
688
1
247
3
893
89
3
2
2
9779
9
3
669
7289
918
5153
7661
894
67
1944
9963
1
1
6804
4
99
2
2924
179
999
8836
14
5870
46
3544
2140
1616
5832
1715
752
18
7684
6110
8
9216
4008
1
4932
8250
309
4945
86
5
2
7157
37
195
2312
773
2
15
7696
4932
19
222
1
373
8985
4602
40
4135
1923
4827
7877
54
1
1150
7350
1
8558
1731
42
9733
5
4639
70
448
4340
1
7814
2547
8528
9089
5
149
1263
22
830
880
4
43
31
9332
1
689
1900
4
1
16
7
1172
5131
1724
4090
9712
1
1
3341
6818
8999
2
1
3747
5087
9003
5853
7885
1
9888
8
4796
2
4016
5108
327
3
6585
664
3187
12
1
1
22
2287
1
5660
23
180
2515
6181
22
6759
7
885
3274
2108
1
1
3
13
3048
9499
9031
8
2
13
4200
2
5775
6252
3
138
8
1
318
4858
2
7756
1
6419
3
1
3
5248
2
8385
3
26
16
823
5710
113
5664
9
1
20
9052
2963
3721
2357
314
134
11
7434
36
2101
4425
14
8640
2
1
1728
4
2
9
98
102
5031
1
262
2
4
1129
2
509
7650
2
5406
38
214
23
34
726
35
2550
53
8711
8761
2059
13
279
6500
38
726
2555
72
6435
15
4
1
231
2728
1
8243
7234
1
6472
7722
25
7546
1585
14
6443
5675
4032
6
2424
2076
2028
109
200
8047
71
1
4
4683
8141
5985
5565
4
9223
114
535
1954
1082
1562
108
979
2
2063
2
2810
7068
249
3257
4909
1
8
9
119
2
5
2244
2
7
7
34
7
3
3
15
184
6031
142
8222
7079
425
110
57
4
6
4290
681
1396
18
412
5762
13
3
3
1
17
19
7278
80
188
4103
216
1392
17
149
465
1770
27
185
1553
195
9832
3172
2
7
9
3925
1
3493
2011
8314
1
7710
65
9703
9
2528
235
1603
2151
6
1
9789
1253
83
509
1122
1
3
1
5145
4083
4
2
8052
8
9410
20
9759
2176
337
8597
16
3
4
875
9150
8236
4160
10
5
21
6291
2929
370
1387
1
8
4542
2784
74
251
4
24
26
156
6
194
118
1
29
1887
2
49
1
42
331
7740
3
27
2
395
4461
25
3505
6763
2087
1225
6590
2
398
484
1587
110
2
33
573
3
3383
955
5
7
1357
1000
3
998
8034
5
902
6216
2052
9986
1
7299
70
3432
7631
1
161
4560
2
6046
8251
37
297
19
1
7626
10
7422
5509
2710
61
812
327
1842
1089
27
78
8112
1
66
81
179
24
4298
13
2
3367
1
2659
9735
1
8233
9416
3
7
1
23
40
19
1
7965
8170
2190
2065
5
314
8946
274
847
316
7294
1
9096
4169
8462
967
1
3
7
552
4012
181
1232
4170
4204
1518
4848
4852
5344
4150
99
6
6320
66
944
1
2
2131
8069
4880
612
6
7
1
9665
7024
4987
6503
8739
6517
4
530
109
2
221
70
4609
400
22
459
2
51
48
6030
7118
3438
22
1
4
5863
313
7392
5790
3248
1
1
4124
6600
235
65
182
1221
9163
4
2247
406
173
97
87
3
8939
55
35
6672
2
82
1445
18
1
1
227
9
371
2
5
1
106
6666
3
6593
2392
5815
2
2
6
1
1
5843
22
36
4696
3536
1
18
19
9607
7
22
1
741
2
6176
4136
232
7341
1
4652
1
13
4594
12
40
4327
1630
2200
1
2
294
7
2595
2
8014
1
1
9986
5150
9471
7506
3488
3
1327
2347
5454
9766
806
2575
1
2259
5256
20
6301
8185
2756
8159
1
5101
514
1
7372
1
402
383
2
4
7786
3
3230
4
2915
2735
7378
3
48
5456
297
18
6086
1
5292
4473
6645
317
522
1143
896
5793
2
2
64
221
7854
2767
39
69
2
9978
3345
47
1736
1703
2
1322
7275
1653
1
1134
996
46
214
2647
5546
7
4475
3
1
354
35
241
6
4548
8361
28
5393
2
42
3
6652
3425
198
334
3609
1
5024
9809
1243
4852
2
2
2
62
9725
1999
269
30
143
9030
8917
14
7936
8405
46
67
5849
6
1248
756
5061
7587
205
3781
5240
8148
3
5244
3381
19
1440
519
2181
65
9
1
1
1
7907
1244
9067
4
1194
1616
357
4729
4826
1
2155
2979
2
2
9001
5107
85
8026
625
3581
9345
229
6160
2
363
1
43
3
420
7261
1
1
12
3
27
352
12
1
126
12
2349
6726
5659
61
8953
1
26
3
544
2735
72
5166
6544
1200
1
7188
3032
3
2987
232
2703
21
149
2
8577
171
45
21
9363
332
2162
2316
114
3
3030
101
1543
2426
661
3
174
46
1
9
4209
6212
130
3458
4
95
6853
5897
1
42
7
1941
3
4666
4690
5
183
6934
194
2
2
167
6
1
3655
14
2008
2284
571
818
3999
1504
307
5
1699
18
1470
4246
10
1
62
1267
8
5229
2050
1
10
5
8664
1
2
3696
3
6
61
86
1
329
224
2
2
41
2
1
1
10
2722
6
25
36
8601
1
2
107
9723
1
13
15
131
4632
37
5886
781
1075
48
2
9
71
4
46
195
189
25
3
8895
6046
4574
6583
34
6288
11
5778
1776
4
3991
769
651
1888
14
8825
50
31
12
1
9193
1
22
49
4
3714
3
66
10
1
281
1
32
3
3302
4686
1876
99
6
4
7266
1
2261
7336
3680
3600
3074
2153
1
6
4449
1058
1070
5331
1
10
7536
3
2
1
5
7798
7910
6
9852
5
32
17
1
8105
103
328
7316
3907
4252
1
4943
2315
1
3374
11
26
4245
94
3354
5892
2659
210
78
8628
16
3459
5
22
7568
3092
2756
3800
307
2887
68
93
1
4
5988
29
104
1
8809
4
2646
8329
335
5328
3
2
2
6
1122
5
6271
394
25
29
9769
6
13
215
2305
4491
167
157
5
12
3306
2328
6
9657
1299
1
1
198
2
4704
29
4
438
8
3190
8967
9
20
2
6
3889
2
4841
9905
383
39
11
40
361
332
1
99
1
5
1
7600
4
1544
183
4644
1
4
2154
2624
120
1
4891
715
5646
733
6451
5186
1384
1064
3
2
1
143
9655
10
2604
263
9
1
299
467
5667
6353
8000
9
55
3084
13
75
113
22
6566
4112
336
441
9
568
21
3756
6
9929
1
1532
1
2
1
8881
3201
29
3280
6345
2378
2
5203
3278
802
2765
7951
335
757
441
117
23
9608
6461
4104
9166
3013
1108
24
4
142
133
1370
153
3123
7843
1
230
7
25
1404
4918
1398
1887
16
6804
9274
11
5007
4811
1
52
1844
7245
23
1553
4099
7
8013
6486
13
6741
1823
18
545
2
7640
1
3395
47
3479
5129
7072
987
14
954
4736
14
2253
735
4
9747
1208
2
2679
639
436
6880
2796
34
9
130
2414
4157
291
8867
1438
2
7811
590
1502
3
13
1
348
2
38
99
1
2
191
9738
4722
996
13
61
338
504
3973
3
1
1
1
4898
1307
40
7751
1
3
32
1
2
41
9748
1
1
1467
3134
1279
24
5478
8
3442
61
9500
271
9101
3471
13
55
493
3
8685
264
6173
4180
2263
5516
6837
19
46
3300
17
47
1
6229
6031
3684
1638
1
29
4277
1219
6824
190
888
4505
280
1082
338
5109
84
1
4
562
74
270
1024
3
8833
11
34
248
1
656
2215
1
5
6489
227
4968
6
6361
1
4833
5396
624
1
576
16
3820
225
7764
6492
4
4568
2
2
1
1
198
6734
105
180
14
8566
118
829
7253
32
1
33
1
1
192
7503
3344
5875
6801
13
9301
4632
496
2022
1
60
552
3188
7347
225
2
27
1
664
21
9
287
3
6276
871
97
13
1
156
7575
71
5688
2207
2
2
8898
2389
2982
66
9
4
7
8527
182
1455
22
1171
21
683
5952
6
63
4022
4195
2
13
9
8792
2756
8
9851
15
5561
54
9869
2501
8791
6910
1310
23
35
12
208
8012
4
3
98
2
58
6910
5853
51
802
4020
10
114
856
32
12
64
32
2
3
13
4617
2530
242
21
3581
1
4055
141
73
3
2
4925
7316
12
6
2
5967
9
12
8750
1240
316
2944
1
75
1
431
139
1718
5739
1023
8318
4338
9262
13
1
4
722
1764
1
1280
2
1
7173
6
919
5745
4080
1856
191
193
2269
2
77
9353
9168
23
9141
19
13
7779
6
9095
1
173
30
5649
5
8
2
229
1
4371
8670
4486
675
3517
181
2
42
46
6946
3558
1
8115
1
5498
83
1
170
1872
3775
16
2
10
2
9
2
110
381
3415
215
76
14
3
18
2050
5008
112
9
748
5450
5512
8178
5141
1336
8570
1693
5
111
3098
9490
2283
7052
2
7
46
7
7
4522
5007
135
4825
15
9
148
6476
11
494
1070
45
8
4
9
1
262
5974
3
1266
2
5319
2
4931
5863
12
6675
1
249
213
19
3824
6182
133
9
3159
74
14
1
9295
1665
5065
15
249
12
1529
6997
5040
1926
2847
552
5
2
9504
1
1
675
26
2012
459
1
3
23
24
21
6512
17
5358
996
6893
56
4896
2705
77
13
121
3713
2015
454
1
6
31
134
2
7049
9057
1010
6842
2163
561
37
4296
1201
7195
2
508
9148
1471
31
262
7909
1
3
6546
3
3
4384
2817
9148
830
111
4464
3
3
185
1
89
3169
41
1
6549
1371
9208
259
48
113
9421
4445
923
7
7252
8656
2137
7398
5110
3
3118
8108
14
1959
60
816
10
8372
591
7845
1
2
2
2
8472
939
4648
3
365
258
33
6030
95
3
2023
16
226
5640
930
245
5832
27
4
4868
2
2
3075
1347
3515
6899
2749
2
6
5596
1
11
3912
14
739
8095
2
5
4
252
1
860
9
253
1
8
9900
2943
65
7
137
2259
6703
1
6379
2
2
5094
5395
3861
4797
2
6544
23
1013
139
6381
24
5828
1672
7982
470
441
4
620
4
356
7580
14
5715
2278
1980
6985
3058
19
9231
9168
76
6347
9428
1172
767
6216
6142
1178
5316
7360
5
2
3330
3740
826
4304
1
8
40
538
5296
7770
1
2
16
8661
203
1295
11
147
462
1
5
3135
1517
139
33
887
7408
4
3637
7391
698
4
1003
33
3570
125
24
1
7142
1
6080
5779
2922
5123
5
8242
3608
9337
6274
186
1364
8756
1
3022
1
1206
652
1416
769
6701
9916
7389
38
4635
2
9553
1
4461
1
9
1424
1
7206
1
1
3172
579
101
4
1669
3471
37
1
5608
1181
4
1
101
6597
456
3374
7217
62
1
190
8
84
11
2
9826
32
3742
5266
15
368
6
609
1355
6935
143
1
130
1
4
7210
174
275
2016
541
33
4650
4353
8234
1
1431
2
47
1
3616
5
16
319
6822
16
2241
1693
9771
3614
2250
17
1
50
2278
35
423
33
6556
226
11
1647
2
2
4608
5371
14
106
9675
5861
17
326
2902
283
1
197
2
164
4138
165
26
738
133
18
48
16
3941
730
402
1477
14
5440
145
159
3685
1
1516
3
113
142
5487
5701
7936
4
6220
13
4396
5555
1
3305
1
534
147
1
840
5
160
170
2
11
3716
1
6
2520
16
3598
5853
3
1
9580
1
4
15
34
722
147
6065
8217
4
10
9640
6
5
10
8
135
1179
60
3641
5
3
5695
481
259
36
5881
11
2
8001
2
26
360
687
1
5503
7
101
1
4861
4963
6251
220
736
4369
16
41
43
576
2546
2819
8916
4
3420
33
3
6661
7594
672
1
4578
7
7326
1710
23
1
1
7165
113
9257
2877
220
6
9007
2
112
1
4486
265
943
5211
783
13
9983
3
3
2
6
7
1
6240
1
4322
9450
80
19
173
1502
1318
1
7289
62
1
6057
1365
1040
125
5440
8815
28
8520
4804
3
1475
1
15
6253
7384
512
9824
228
240
1315
44
17
5
3221
594
9254
10
4820
7169
2
7
2325
1
14
4216
3932
2612
1878
9
7239
3021
9121
35
5531
4865
587
14
5366
9
108
7608
1859
3
5808
200
14
43
27
2
936
3
7479
874
77
8
3
56
9
1
1
1
7113
1853
997
1
4619
7
8
1
141
613
1
2
2683
3340
6242
8842
5950
28
5
2991
350
512
18
1
459
5
585
3
1
645
7
653
131
9532
9523
8
3530
3365
4116
1
1
6442
292
2277
12
8432
7025
137
4
2954
576
7195
9457
7693
53
1
34
2
6998
1397
49
1157
1
62
865
238
417
6279
3
8498
179
4146
1
1
11
641
19
27
2455
11
7099
4993
2
60
3932
2
1
64
5568
1
22
336
1523
1
4
6
74
1
1
20
6768
5608
20
552
7654
9898
9963
8147
4193
53
102
1
9986
1
4
6553
2392
5
128
419
228
499
2629
9613
94
23
59
4086
41
404
8510
175
81
595
1
4959
1
2
654
7
143
7
2697
688
290
132
1565
7
9286
4
4
1
111
52
2176
326
2088
2
298
8609
3432
7392
6
9759
1320
4
10
2846
1220
1
927
5987
14
2
3811
1
311
39
11
3883
8
1276
5952
6625
2
55
2792
1
1
2
72
45
157
24
6882
18
216
2544
113
2
1433
702
8
279
207
1760
2382
1
241
5268
217
4925
1
109
5
272
1
2965
7093
7517
545
9352
4
1415
1
41
1
9015
2023
138
1
1
3628
428
14
1440
6831
2144
14
585
50
3305
1
5840
1033
154
1
7
5887
66
1
9829
767
24
1
144
1
4489
30
1568
126
4895
2500
914
7581
43
7106
2
4368
36
4
2842
162
1
1851
3432
5722
11
2
1
1704
6510
19
2394
5
177
1
11
1063
278
6
590
2740
5991
6061
74
194
1
1
1
9525
776
1107
7
12
20
15
555
1
5
3883
131
4
9358
11
2316
1
10
2
6844
117
139
205
156
4636
3
1
1
82
1
1
256
11
5
18
3
6
5814
8248
185
4688
1215
1
186
8540
182
4860
448
1548
74
19
6996
5982
5095
7858
2
1
9701
1995
133
904
8344
8325
72
10
3081
8214
3946
4832
1290
403
384
1255
6665
596
2546
1304
2643
5491
2250
74
36
1
9797
7825
3810
3
2673
1606
8560
2424
5617
7592
6390
1844
1743
1233
9149
313
2402
34
6
3144
7234
5
2
1860
9
237
8
8629
41
10
8757
6
3560
10
252
118
301
15
840
2
1
36
1
2850
1
6369
3578
18
1393
2619
3254
5488
7
12
471
3
3131
454
1922
6133
15
1
16
4151
4
2470
8108
9525
6985
2
22
657
5233
3796
692
33
2018
21
1
11
9
1001
2
275
375
60
7057
3
1
5792
2754
149
1
16
5691
20
402
3
135
6340
5200
8620
7892
1451
1
37
1
16
12
7720
4135
580
5324
12
5
1
6574
35
590
9
4889
121
1719
5331
540
6
282
6
3
9238
8573
292
4163
3
387
3
3141
685
205
6841
4069
2107
25
16
1
9039
9606
4395
7097
3729
7565
3712
2
2215
8558
4
3977
32
2
5017
6
3295
5533
311
4875
1
11
6164
9911
18
7471
104
3246
1
20
4
9718
76
5344
4765
2821
1911
1
573
73
1
8826
4830
426
1245
3
9025
7004
3508
1
7
2932
5627
166
83
5343
4
3715
35
279
1
8910
11
41
140
1157
3244
5915
318
5451
24
26
35
248
148
53
1637
25
16
2953
8966
26
2940
1
5402
14
1600
5825
8
311
3210
1926
8
9
3090
3966
1
9
5
20
3657
1
5318
2575
9965
6
1
870
3
5
2048
128
1361
1
1
110
5728
3721
7
814
2773
9
1
1423
166
3927
3864
8713
5
1
1
1078
49
1648
9
36
3261
3
6312
8
36
6784
1
9198
2
2118
1
78
744
1504
1
3
1
3150
3
6246
2
1103
383
168
1
9207
3199
33
1
1
7478
1
1
36
7953
6769
3068
8
559
723
6376
1
11
5
6587
736
2941
1269
9
2
4
643
9041
2
5271
3
9
8
4317
6
4
116
9
1
260
614
4
979
967
2980
587
6815
4667
32
54
7
27
79
311
3
4751
2
2550
38
1
7869
1
2
4
3
28
14
417
8
1
213
153
12
131
7048
9129
6699
193
4
6
3013
1406
9398
835
1
12
222
696
6180
698
19
2167
7954
15
9
6
3237
3509
3669
13
8246
3558
1
1
3
114
1
183
1
24
367
4
34
11
6
19
9664
631
4306
124
6
1
11
5058
2
7493
437
728
75
12
7868
5102
1482
4085
7951
4
37
1
8
53
15
524
1
2
49
2
3
4464
1
809
1
24
271
2
2
17
6727
1
2697
303
3
1888
5087
4
4887
293
4
8
7105
68
39
4962
6879
6162
1762
3
853
9223
892
156
121
1
1385
2821
4
377
3333
1
4960
5
6363
3660
1
13
24
119
2
7257
8018
5538
9252
1065
1469
166
3
185
8081
3
4
55
2020
2
6
3811
947
9468
6
1184
4
25
3425
2
1000
1
4
7804
7
201
64
1
31
3103
175
43
1
399
6440
619
1519
23
8108
11
1
9415
2
1758
4438
26
3329
6464
7722
4
484
5519
2
1943
51
62
154
120
2916
2
3389
24
3
78
435
8705
7606
206
7311
1
2500
16
7580
7
10
3879
106
1
7594
19
13
1
8
39
1
34
7901
2
312
2110
440
3594
2
7736
1161
126
533
2098
13
9781
847
2708
2
8360
28
575
1
9648
696
3
763
3400
3
2
45
4
1
10
7482
12
2226
2
2
165
38
8370
7933
4
36
4936
4
470
4208
9172
3
7044
278
288
8747
129
5724
1898
6369
1674
1484
11
1
5698
3331
5443
2443
8440
9483
4
2
7354
6842
5766
7421
3328
2215
60
34
5975
3
46
7915
7363
4549
16
2599
3345
4619
224
4899
24
1875
2529
8071
5633
488
220
7642
355
3
13
3016
2
4504
8932
496
1257
979
4936
1560
9564
8546
76
6
160
1257
4761
12
1
14
8041
11
14
131
12
199
4
7
7494
2556
9491
1
3423
4
2915
258
5
3
1
6829
4246
234
2574
5738
3
1
1
7462
1045
8784
1957
1591
2681
3
8
4377
2897
7122
59
2959
6169
6002
3156
7084
7922
1
45
1
1
2046
5
577
152
6110
2
755
9630
1336
2
8350
3021
33
577
90
149
669
4673
8147
1000
1520
893
563
201
100
1
80
7539
1926
9750
548
6
35
3
79
5658
4647
2925
403
377
4
2068
7145
5590
1718
1077
6029
1
9856
6345
755
1659
9056
4635
4
92
24
175
5462
2141
5190
9344
8998
9771
3528
4090
1
6
1
9983
1
6586
38
2
4
748
2194
3676
8109
7109
3210
2
1094
3609
4
1
162
5
1
4659
78
9845
1
1
1359
6558
3878
3482
23
4511
58
5181
3647
4583
1
3376
7986
5530
2962
2247
2
871
5
5
71
2590
2
46
6836
5463
7435
9
4916
1
16
841
8
307
8508
44
1421
6
4264
1073
4281
2
1150
705
1
176
3931
7808
5576
31
8209
2
9865
7588
6495
48
5
8119
9021
34
5236
2
268
4601
12
9
8184
2
18
832
6498
1
9051
168
602
94
9071
5976
10
9043
4277
6
1
2441
8423
3061
52
14
8903
75
3716
4
100
9
56
40
3752
1364
1
9209
448
1953
5091
9733
1
1047
2
6902
393
32
22
3711
7494
5084
4784
5262
8597
67
1
2
4579
7360
5377
797
3
167
6
34
1
5724
5
5664
285
1161
6387
2
6087
84
87
6509
9019
1
1197
1
482
5499
7696
226
16
4
9622
1112
82
56
22
7451
1
4
207
9031
8
7375
78
428
1
8934
83
1
89
9
4770
11
9364
1880
4504
1430
690
7126
66
2274
317
4330
705
55
7
2940
1
44
33
1990
9414
11
9114
1587
2
8013
69
1
3070
91
155
295
4
15
2
5608
7204
164
625
7103
3004
6984
8
195
1059
6510
20
2
139
240
1148
7
5656
2047
16
175
2745
3555
12
9858
7894
8226
8901
304
1118
6313
952
4
11
6801
6139
12
3540
1872
5621
1771
426
1572
1
1423
10
7
5394
2720
940
1699
6600
28
37
43
5372
4844
1
7609
3518
8724
862
7571
262
3
1
4
1
4
2587
4843
23
4810
99
43
2619
9208
9129
4887
1
6983
1
361
79
2708
8
6904
1
1685
8360
7412
7148
1
1782
46
3605
809
781
2284
3955
812
31
6
5
5833
1920
3728
1
6
165
753
6889
9484
9
2
9840
9452
7954
33
2051
4487
1
1
2130
54
7920
6249
4296
3390
5648
148
134
2
298
17
1
222
8746
0
29
9507
5
4096
1
8547
3665
6
2534
1
8091
590
1
51
12
1
2630
752
2358
1
1
360
4028
1
5507
525
396
15
41
346
234
10
2727
54
4522
1
38
7080
1
1
4486
15
50
833
3
1640
213
7144
10
7
4
17
2
305
8679
196
5251
1
665
1
5
88
228
2
851
3066
22
5277
4779
2996
499
1
47
78
12
8257
1752
126
13
1
3072
5
4
36
6740
5
2815
2996
9798
1
28
1855
9112
1
1670
10
4072
9044
147
7
8984
23
2
8623
6
1
2
257
779
26
1
2697
13
2
5170
2121
7126
12
2450
500
3401
2710
2
9893
448
6
3
6215
2696
6731
3
86
1
8
64
1
122
11
1
5
1
1
2
4303
1
3747
1182
6536
530
1
4
2693
7545
231
1311
121
1274
4918
162
550
5516
9667
13
109
155
296
282
15
1606
24
1
1
1
1
9553
6083
9587
1
8545
1333
8801
1714
6
53
54
7665
1
1
1
2
1
21
5
15
8121
3
4459
5828
32
1640
3
18
1
9616
8
62
1
6658
1
1
8098
1
20
337
25
2756
2069
9395
1
37
5153
1607
5169
9116
28
1271
7588
7336
7
366
1
6
169
229
2783
2400
6
3
1
21
235
1
2
6449
5208
1573
16
9
2153
671
1197
9155
3641
2
7313
7486
30
9572
1
3282
1
135
2
9590
3
1060
35
1
3
560
1499
52
2
203
195
7
4
156
1393
5953
1
7692
949
9739
9465
3232
1
9669
493
8689
8131
15
944
9216
173
2
9
1
16
3586
6
4674
2250
193
254
3
4408
7
82
6145
6657
8046
1
1011
1
23
32
8
609
5512
822
8909
57
17
9149
1
747
6
562
7407
1
5187
24
6699
34
8097
477
1273
118
133
1
269
1
9940
8
938
4953
15
190
1
1
1
4577
8
4
5168
64
3
4818
112
41
6906
2
1104
1
1
497
14
5712
23
9930
4496
1084
111
1888
115
17
144
2
8660
2
431
713
257
8456
334
3
2074
1856
5
9
487
2812
1
4
1223
7178
3868
9931
525
38
4981
8414
5848
40
8316
27
696
1659
9792
9547
2933
1
9199
8
1254
43
2187
9490
1267
20
1
435
2
5264
2
9888
4495
29
440
5048
31
23
219
2462
3328
5983
9681
8382
8308
196
985
180
4596
5278
953
2
10
6340
8621
5
6984
6842
6
24
3017
9
3908
9702
926
69
11
168
1479
226
9016
1635
164
3767
7722
34
895
21
29
161
720
972
6644
6151
8599
426
3989
4
3542
6720
6814
7277
499
1
8946
1
1
2901
1
262
659
5
76
2
1191
3256
25
4862
6080
9
1
8447
33
1
1097
5
252
145
3020
2648
3062
1486
1
5819
2480
4806
7686
1
7808
8022
1
3
489
1
1
5930
5
768
9191
6088
212
15
2477
6255
135
2
35
669
2139
3724
1
3399
2
4
23
8117
691
205
8687
11
38
9326
2
5542
109
9
12
63
9038
142
159
8
1
9011
1936
39
423
310
4277
8
3
2453
1
1610
11
1508
511
7685
2
1
33
2271
16
4
5014
1
1741
1
7
39
6330
3494
2568
5741
156
8906
8970
4
220
6491
3133
4585
2
6
2
35
956
7207
4599
3
287
1
3556
5647
2424
7261
9282
3849
1
10
81
10
922
7955
893
9
5624
7843
1
1968
5999
158
9
8343
533
108
4907
7732
5395
2
1
45
1
3
1406
1
1751
3997
7
1596
25
1369
5492
1
763
3302
5285
7
4
1225
4467
4939
12
51
2580
2
2
6944
2
10
4385
3
6009
3720
1
7225
5
1
11
3
2
2
902
351
13
1855
145
27
1841
36
4756
9551
2
1200
2
395
11
7
3
1
14
1
100
5551
9391
43
6
7766
626
28
19
7
4502
12
143
17
13
9
581
185
604
2
1415
8995
2277
765
16
4
1
1
1307
7
3186
12
3828
4341
20
2098
3
452
2010
63
9864
16
90
6989
4819
224
9
2675
9294
10
13
123
7
9687
6
429
4480
1970
8315
2
8539
3108
1444
1
7215
342
1653
472
9
3146
2
1
4860
11
13
929
8
536
1178
3238
4092
11
5855
2
4203
2
4115
2094
1
3
4187
58
89
8614
12
2
364
3
247
2044
5029
2881
9582
4169
23
429
3084
62
8200
5491
1
3443
2
6602
2429
8
9232
52
34
56
1432
251
14
6056
454
7990
1150
8009
152
3370
388
4050
13
517
1
108
1
7
9101
24
2502
6831
50
5477
3634
6436
8311
2287
92
326
5
150
643
4113
90
66
5432
4399
3750
10
1
4883
3
1
3110
5261
9777
456
527
331
1257
7967
1
3
343
9657
5
1
40
2
1
3692
4714
4
2799
2273
9
1030
433
1
115
56
5116
2
1131
24
5746
3
2248
73
2
34
1
1616
1715
9486
5683
8800
615
3131
6
18
267
9156
5965
125
444
3781
1820
5374
269
650
18
9516
9250
7309
5
8
140
103
3
370
2
1
575
3982
4109
6637
1
1313
121
1
9374
3642
36
4467
1
7860
5089
1
7924
1791
4815
5848
2
149
6840
6
19
62
2
1039
6528
1
7904
174
5048
3622
55
28
14
9056
6
6
881
38
6442
1
999
3718
8046
302
1
5386
258
1
76
1080
1
3
3
642
6472
741
8
3503
6
7683
3
4378
6449
27
121
1
10
14
1
5993
8787
6
20
95
276
1
7876
2670
6732
10
1
762
1
1
570
5946
50
154
423
56
258
1
22
666
1
2446
4402
1667
1869
4902
2
213
1
1077
1
17
1
10
70
29
6
1
3063
1
28
4562
216
5631
10
20
9237
4009
488
3
8977
30
4620
6503
1043
4157
2327
10
3656
4579
1
5378
7
1
6430
4835
89
437
1
439
285
7
1
7
239
7468
2
2
112
11
5478
555
2471
25
372
6880
34
1
5043
2
4881
2151
3
5270
1
1548
3
1
1
3355
3526
2
1
2
3207
8598
2064
2
10
8298
527
12
1262
7
110
1470
5754
1168
18
4522
6473
1
2
3258
8534
11
1
385
11
1
8816
5203
1
6200
19
3175
9
140
170
8609
4238
30
16
1
9469
14
2754
5
386
139
4
61
98
8338
1
2668
7245
188
7423
9683
4140
29
6
37
9
6761
22
5
92
641
1769
1
3722
27
4701
9534
1276
4050
6763
7
3899
1
4828
4
5913
7701
815
1113
2
5
1
5
2326
4224
6320
5399
2483
1143
136
27
5118
13
531
4
1066
5958
1
1539
2204
340
1
1585
5128
2
1
8573
96
333
8838
1
27
476
2
4
7225
8956
5
601
7632
7475
1543
7841
89
231
2296
5262
138
3883
9897
6028
3
2
3087
8
68
4195
8298
1680
4
5807
3862
1
688
6402
12
993
3464
39
1070
1835
1193
273
7123
61
7022
5291
13
2010
377
3031
4
13
69
3
157
32
226
718
9868
1
22
56
22
5151
1360
1120
7043
19
5186
5507
202
3
2
93
9162
5677
2598
5314
8352
26
10
1
1
1291
2328
8912
406
6269
1728
14
5955
6988
417
6054
6555
128
3121
130
95
9
3848
5
480
1
16
13
305
344
1148
2127
44
35
6908
82
245
1608
885
1
1
8109
1647
3639
10
2
1280
161
5426
15
20
1
254
373
7
1376
22
3262
9866
1444
525
1
5568
59
1517
3
4612
2
12
11
7401
2636
1728
45
23
1011
1856
6
3568
4755
2
59
8
6010
7098
1
394
6
3590
5863
8691
2
1
3
5466
5026
821
19
6655
1657
11
7544
99
4384
2033
1
1153
43
2
5
3
4837
7250
3460
2841
61
2
1708
7731
805
7510
108
6377
245
315
2839
4090
8
3324
6
5191
3222
15
84
7590
5488
1
9937
62
1
4
2
8398
3
219
4616
3
14
1262
996
3
4
6683
9778
1
8
5164
4235
39
3829
2
6
5596
3
142
24
1672
90
7285
7906
1
508
236
2
7
1
4290
140
2480
114
4395
4370
5843
8010
6
2
113
4
2
10
6516
1
6772
314
5101
622
5569
5165
950
7472
9917
2419
1294
276
2695
5105
17
2762
1150
3151
8
7339
2211
2
636
6901
2
157
8079
2
3440
1
1088
3205
7847
1140
7
2
4
686
4
3473
1
9729
5373
5593
12
8
2
9161
9558
1
4
29
5716
1
1
3908
19
7
1
6293
101
177
7
4620
1120
9
1
34
1
1
7556
38
4
5
63
5944
17
1679
2442
2
211
326
5
3
5
1
7
7333
203
9
301
8957
4
1
8235
1
191
211
5
1212
2
1313
1212
22
4850
1571
1
7680
969
5479
1
7
4656
28
2
13
8
3463
2
3142
7556
2734
8699
2
8598
570
1
112
1
2551
274
6
7153
7073
6997
3665
6
24
2643
12
31
5592
4817
5870
341
8177
2085
1525
2442
1
54
2
4893
7706
1
2502
408
239
886
13
3
11
94
10
2875
4
4019
3
698
417
324
473
7549
32
124
3131
390
672
6362
200
7606
101
103
5260
4
42
3321
49
7181
7915
10
9608
1
32
16
2158
5877
367
7
626
11
692
4144
1
3
19
3312
9138
1
4440
40
3421
7602
1
9052
3654
3
5408
20
3
8323
1
4169
11
123
6838
118
133
7443
5
2189
2
2
2
22
209
3030
4399
8893
2
1478
2
1
532
2
8605
952
3504
50
8623
1
5
2045
1
3328
4232
5266
554
5610
2
2603
7542
7900
6
2715
7660
4484
3
3
8
3
2
1024
4133
6955
1
1208
4
126
100
5331
6000
1
9
4861
1217
2314
7542
4857
14
5655
27
3
9
9263
11
2
468
14
1208
6771
6899
4155
8828
9
9280
38
8
8
15
525
36
9032
2464
4163
8458
1
126
138
2187
4
718
1
1245
35
288
1
9262
7349
5792
239
5667
3006
29
8242
6875
1
2
33
1961
655
1
7692
154
1
326
1143
1292
430
6571
425
7413
1
3950
59
1
5111
5914
1
5
1285
9824
2499
402
22
27
9492
3644
2947
132
2
2193
1
49
69
3
132
4
5994
1
7052
1934
6078
15
301
1641
1
1
509
180
2352
2183
4738
6448
10
1
31
95
41
4833
1701
1
9068
3
6564
6026
3
60
1095
8377
7000
2
9181
3
5
9241
2617
23
1390
6370
4518
9
292
3377
12
8
1
1
75
110
43
1692
8560
992
87
4
1
3911
236
8967
1
1368
3
16
1
1
5934
2
2093
17
226
1
54
7763
2
5144
5832
1342
812
142
744
12
5468
4858
9910
18
3984
7907
1
15
6
41
99
9679
1
5
2
919
6340
55
6
986
9498
1638
254
3379
9624
1
9034
1
4908
80
3280
9207
4050
4486
21
411
4455
578
49
3482
2653
8
5
8
6
4319
1812
2
1
102
2880
2383
800
24
558
3
91
1
2476
8481
9229
8658
77
7
1
3047
396
582
160
2
3
3662
598
1
3
12
1680
5406
7286
14
5892
78
6561
3265
6198
1
2957
51
19
47
7400
7925
9149
128
1517
339
8572
1320
9107
130
10
401
4669
2
4479
384
761
9542
254
62
9837
8
4
155
13
5715
8860
2890
1
1
4
1
2356
7
11
758
611
3940
654
1
6490
9146
3632
6
8321
219
8979
944
4288
44
4321
16
3
86
8829
16
245
1927
297
2653
326
128
11
2833
108
6844
3
2
8344
45
6463
3873
473
4479
668
9500
522
1949
4704
6671
146
5292
8
25
1
356
1
1
14
600
7659
7040
1015
156
4
2163
486
4478
62
9519
63
2134
1
6
771
6
4084
1193
648
3
3895
4475
6405
4
211
12
23
2
6
22
23
5662
5
9784
3424
64
16
77
553
2
239
12
3
12
61
3
3
3656
2711
800
10
1518
6529
270
7094
39
8826
4210
3692
1
4793
456
9712
9819
2
819
5566
2
4698
6867
790
37
17
2733
8
2203
3228
3118
9326
452
6178
192
5771
8292
552
5865
95
8
2
7081
14
8549
2
10
5088
1
3
8
3
7359
2
958
1
5207
3
9267
206
264
16
3722
8582
1
18
6
555
8610
1
1
2
9875
3
6564
1
6879
5464
286
1385
1
274
351
137
3073
3
3601
521
101
28
3679
5958
923
350
1973
4
3240
1567
3
2133
37
3665
131
4345
4405
1
9657
2
2500
5996
5165
2276
6554
1
47
4714
1
4
1033
3
1
150
29
6669
7592
16
8488
2
1
1120
1
35
1823
3099
552
1
5323
5938
1237
1
898
7851
14
4
12
19
9756
5
26
1935
5594
3968
106
5
8880
1106
1
6
1320
4210
1017
18
8
8254
3025
7426
6
4
2
9912
542
31
14
32
6236
5138
3
4775
6
4727
655
6
4
1
118
7246
8685
31
8734
9
7697
4
2
3
8
1337
1309
520
1519
4113
47
23
9
5208
1
4581
6
274
8964
2839
352
2
4660
3950
87
1
1367
6642
3540
17
126
6208
8976
3106
1
250
3
435
5
37
2233
3240
41
64
4839
919
986
6
549
257
9403
8
9
8359
307
3
4129
2
5
13
1464
32
29
2
114
2
4976
7093
57
8440
1
2471
1656
6800
10
2
3097
181
1458
3463
4259
4
988
411
591
4426
6030
62
2507
8
8535
1283
620
9635
9621
332
423
9
3542
1281
1
5955
5943
1646
6881
2
1
66
1
4028
1
14
16
3939
2441
6
8
1843
7116
10
1
5
1
216
561
4289
3802
7175
2554
24
6
2
2732
6
7587
2975
716
6105
7838
1407
5587
533
8
6761
4698
17
1
331
258
4711
38
816
3
1
1648
1199
5
5186
292
3820
99
4279
5
2
20
30
78
1
7040
96
5
1
233
5353
7052
2
8965
575
1
2235
18
54
62
6876
9767
4
3
9633
1137
7755
678
2
4055
2261
3
6723
1
9996
4
8
8514
1
1396
2
1
4
6
7533
2
4475
6028
9603
3455
1
4
555
1525
3
1
35
56
9623
604
3
1
157
6
37
1
3627
30
4184
1
1
4792
9
1443
5
50
97
4706
5866
40
4451
8320
6818
90
2735
6
152
1554
2
136
3
391
2024
9856
1
43
6
2059
1062
17
4580
4
9
18
54
326
3929
139
2
4486
757
6087
40
9163
2
4
84
4489
7399
32
263
1164
1592
8
1
4658
8328
552
41
2629
1
39
799
1090
356
4923
2
11
649
17
3
4
21
3003
8
286
4654
3229
3
1
6179
25
6065
2457
6555
5669
7681
20
1
1
7813
12
7209
1
36
122
3
147
1732
9
9408
1
1
2
5213
20
4378
10
703
8190
469
1
8763
1
677
10
4
367
7726
6384
4046
3456
30
101
3540
47
3
9114
2398
512
17
8052
11
212
2663
2
2513
5237
3
6349
2574
0
498
3
886
5803
3
428
1
7705
9874
1500
30
1702
11
1
2980
8620
1122
2620
10
82
5700
6175
2
15
651
6794
7852
1
4
39
20
350
954
3137
3
6674
133
9290
1
5594
6
1
5447
7908
3593
2783
2
2799
2054
3136
1
138
9608
4023
122
1966
8
5621
6
110
2706
75
8033
4
9150
3
5055
22
1
96
6
1
25
6158
7710
189
5
5
2
1348
36
8061
1192
8729
7
8013
1
2
161
6810
1
1742
1239
4077
4251
4434
2070
8302
2
7258
2161
15
2
220
1028
1
9100
7909
7418
663
6014
1785
1238
7570
9213
1
6768
2
82
1555
4
3
6910
23
2968
876
254
1
1
2
6254
480
4
1
7240
2
16
1987
7328
8034
23
9947
22
136
109
9085
78
1
519
9386
7689
9
6221
1
8
4541
1437
1
9289
2
31
122
9974
9448
1
197
4698
6601
2
1
5727
36
8
7716
8953
3555
24
321
81
13
1925
8727
6850
920
5
59
7
2412
816
167
3
6
1
5932
74
6032
15
2018
71
5
74
5
320
6
1
8557
2187
5828
8
1039
2686
3
68
4498
2127
83
3384
1195
74
21
1
29
5923
102
4
6
307
334
439
15
6
1400
1
7
7
851
2078
268
8017
3006
2003
5
1
1
57
7609
6344
1
24
5795
9264
3
1
926
8525
253
1
65
5529
1101
4494
1451
4765
1
6976
305
3204
326
2264
258
1
1
1
91
4
9
5879
4146
5524
32
5
5125
8915
3
8023
4552
1849
935
9575
1086
45
270
1477
10
1
982
1
9820
5500
1391
19
6088
3050
22
5321
9792
4
20
59
208
8
6235
3768
14
489
2
8383
6133
8114
359
5
3212
6898
105
5553
9
5
2846
6929
6103
1509
111
8633
5581
24
124
21
146
1102
8100
2664
4607
2
4
1
673
368
1355
2573
15
2814
5376
11
1
22
8617
341
338
8
6292
9996
1074
1
44
2701
7986
7980
19
4864
1
39
2869
43
4
1
184
3088
2
311
89
3540
67
2
9
196
721
168
1
2167
2477
12
1
1349
7771
4304
2841
9704
6778
6
1027
7797
2
1501
30
298
11
73
33
242
2021
2813
3371
1554
7
7441
2
7360
1169
3205
1
90
3204
35
37
4550
2950
1
8775
1
40
8150
177
4
43
421
4009
13
9211
10
9713
6
8
7257
575
3725
9
26
6848
1249
8530
6870
4
30
9320
721
1074
7846
5
17
4167
3466
1
22
3
4315
225
285
2313
1
228
16
573
1
1273
5
1
4551
13
9420
4081
300
176
169
1534
4219
3232
3
1532
78
112
3596
24
3984
128
72
17
7
1058
843
787
3801
2
1
8
1166
4522
52
1
4901
2033
2
18
1001
1
8
5408
1
2
1
459
176
1810
3997
9536
1
2281
1
62
1
1
3
2
22
3
19
3828
53
3094
292
6
4783
118
11
15
1134
9375
2801
4291
1109
6
9876
181
1
4
296
50
8997
49
1344
2039
189
3099
1
6052
124
25
2
179
5162
4756
82
456
2
2885
7697
5793
487
1398
23
21
2461
1
7163
6154
3025
7269
1
4
1608
433
1
1
66
1975
96
3610
5
1407
5597
1845
4534
3463
6
26
10
9516
10
28
114
1725
1
4065
3
2733
28
32
3
5067
1796
691
13
6144
494
779
8916
9884
7983
2970
1
8538
825
295
287
5501
65
253
4839
7
217
109
4253
6188
84
1
2
1
200
14
213
6874
8382
1316
14
3737
3
4838
3746
1
3
5
14
2
90
720
5609
198
48
3902
966
2220
5
23
1
8745
5537
3346
120
4592
1
7951
5
7396
4532
6239
7877
416
12
2570
93
1
2
83
2554
406
586
7881
1
8274
4845
8984
2
8
1
171
272
59
1
1
2
1
19
33
7207
87
8202
4
8823
5
9
436
387
7131
1
4712
137
970
8876
2
4308
9383
6
1738
8882
1
1
5
9170
9701
9196
7221
2502
7894
7
2295
4913
7012
2496
6691
385
9417
893
1800
2
2521
29
186
1275
3516
318
3177
6272
6389
20
8590
272
2840
1
6667
1334
7
14
1435
8726
427
36
28
5658
110
5
3807
164
24
3546
5961
45
1544
3
4
9448
7659
19
9022
77
1
178
3
3
9039
9615
1071
12
18
6624
37
7317
10
102
26
507
10
123
8239
747
17
9032
8
855
9094
773
10
1370
14
9807
6327
1
6206
2786
1241
5111
8196
7461
5485
2504
1
9
1114
6563
1
3
1130
3785
31
2
8
9752
2062
309
236
88
510
437
8087
8449
1
4915
322
647
139
20
1
1395
19
23
428
5115
538
58
288
5334
4
24
5549
4921
3486
4182
1252
7685
4712
27
9616
5
1175
3
8605
4980
9084
339
9
9838
3233
31
64
8912
7067
51
25
1
71
21
3
6050
2274
172
1
5392
504
7435
7
7193
60
302
1
1525
2692
3990
1
1
351
475
11
44
121
7468
5153
4
1
138
6104
9885
91
6791
2257
1312
9603
1
3595
447
6421
6981
80
32
9
9233
3
6899
30
2904
11
190
3065
46
6903
3
8
22
662
24
13
491
976
6822
914
2887
1
51
15
7328
265
2
1
3
1
1
6596
2711
160
7
5190
8432
18
8213
9411
5925
48
9848
1
95
4158
29
494
224
1
2
10
186
7505
103
9348
1
28
44
1
25
19
1145
1
104
31
5
8752
519
630
728
1294
1804
22
151
788
1
2
4903
478
4
4
8
3964
2781
1
4929
1
9987
114
5842
2
8398
2
7450
6617
1
19
7907
5830
3
9
3
3680
5394
2304
2903
2096
2
20
1
9604
6126
1344
352
9057
11
132
6
3
4451
25
10
71
11
15
52
836
9607
8
883
6002
9767
1403
632
586
6858
3398
7118
793
92
244
1
531
3432
1996
1
9
292
22
7722
7760
3572
6883
3511
1
622
109
5744
6100
4308
6125
2
5492
467
4177
6220
31
1
9598
3
115
9492
518
1152
1
3
8785
860
9
3
641
2863
1639
5947
103
7185
1159
2891
1
382
20
70
188
9
6861
19
7919
7453
10
32
403
1
2307
174
165
1
14
8734
505
9334
166
456
8481
242
1494
9071
9751
694
9060
455
3247
11
3
8635
9175
2321
3168
4321
2
6447
7880
7672
70
1
85
7
1299
59
2911
532
3597
1
5632
13
2435
9984
621
6785
208
61
3980
309
2281
2
4222
602
912
1812
591
246
335
79
3240
916
7
1
209
700
642
727
210
758
1
10
1341
7
1
27
3
40
1
3844
8358
9793
81
9935
389
7290
109
1
836
8145
6083
5672
3944
2001
9841
1155
108
8715
1599
98
4
10
227
2351
8100
1
648
6743
9014
749
1
1
1922
60
27
2
7438
2
9488
9996
8
2
36
4
3
1
306
16
4
11
2270
1
3921
6
8984
703
9829
2
911
27
1138
9788
7321
8347
322
125
749
8245
1
4473
58
2733
4180
151
7405
6790
6133
6961
3014
1
89
4648
4788
5399
5616
2
1104
5848
271
4325
5941
522
266
8
3
1
540
178
8740
8
21
2270
7
2149
7
3
363
33
1095
8
4
25
91
4370
9
662
286
3
132
1989
1826
3260
1760
5997
1
2383
3507
1
4
4442
5047
326
95
15
2
3
343
1
15
3897
5306
9657
3
2
38
335
5621
5308
1563
5278
6755
2407
3453
3
1
62
517
176
8004
2453
5859
5761
11
36
2061
1
6230
5328
3
1
619
4
28
8992
2813
1
4014
3172
9214
8540
8220
74
5
6026
2720
10
1
344
1659
201
247
4384
1161
11
4699
1
1004
9720
4474
94
1456
1
868
1
2008
5936
287
9482
8646
16
1455
4090
4065
1296
4538
3216
5640
5895
20
10
8631
759
569
1
4
507
8249
1209
3752
6663
8845
2064
4
276
2054
477
386
391
1056
5
12
2330
88
305
1
1
6330
12
3918
13
33
3849
2724
27
22
654
8174
9
5848
9178
1
2464
3479
19
4
6136
2877
13
1
462
1
5
996
1
763
168
1
1
47
5083
321
9778
1
12
1286
1
7797
68
8105
5683
17
4556
7
7
1
721
5709
520
1
145
2
1732
1668
248
924
32
6474
6528
20
55
2
7292
9796
2875
5460
21
5976
419
15
93
5947
1636
7552
183
7381
1
8832
3
1844
8457
9333
1582
7674
5
36
9522
730
252
3084
4
3925
2540
1
3
15
4028
7
533
1028
9321
4757
7
7
572
23
223
5651
6226
1
1
5595
266
1550
3
10
10
17
1
4
6
1
1
742
3997
1
6426
1414
82
8653
7047
1704
5806
5246
4760
7928
1605
846
8513
419
5072
12
7996
3799
924
7205
6
77
8
230
4
82
5035
8
136
6988
63
17
5498
249
1
4553
995
1770
1
2
4134
1
16
7662
2776
1653
5831
1918
307
4756
50
575
7180
5925
7994
6243
5597
48
3563
5
4165
1386
5551
594
1501
5046
3314
1
3
5297
269
6895
1
115
222
156
433
1
4
1812
21
631
6906
6
2
123
23
4
45
6736
5223
2
76
2368
1
8393
1412
11
800
56
2672
9
2637
1730
6457
6274
1050
1
7600
224
3799
19
4491
61
1242
2029
4
3680
113
1756
2940
1
3087
6186
17
1
11
4
7224
4465
9013
4903
3
6352
8580
3281
302
7265
9768
41
524
2
4542
5684
8886
330
4575
1477
1129
2
1
12
5864
2
9675
1
272
3
9825
15
13
3
9
45
727
1
8
2
6537
5
3009
4912
1573
1
9908
64
8288
461
1
7481
3364
8747
3451
5297
3448
1
1
780
4293
3
145
2368
2342
10
5
9360
975
787
78
3
9424
999
898
8971
101
7113
1190
4
1
429
22
6867
9012
1
9968
8694
8725
4317
955
100
8551
171
2
221
282
1
3438
6930
1342
1
3984
2
9131
6
734
891
5
58
9
1234
13
8337
9941
3721
7370
9367
9074
337
9
72
1713
1967
3855
28
178
9
4645
1
974
32
7
8001
2492
6860
1
30
4
275
6
2924
8
8
1054
497
1
18
59
4205
9984
79
1977
332
6259
1
1
130
68
926
7178
3911
12
4
2148
4825
914
6504
1
117
2513
696
6288
2032
6323
3
117
11
2
9014
3638
1
44
6376
1015
14
2543
54
7
6698
9
6832
560
1
685
1
2
20
1
9191
2310
1
21
15
2041
8
2
3
2
1
6829
7954
3526
2
1
4195
52
5
60
4169
1601
10
113
3314
3
2813
35
5
52
2639
4420
92
2504
6916
2
9428
57
1380
5198
2839
21
1
352
1894
1
8806
17
3690
6
16
341
1
8320
2
1
8250
3
15
3545
2
1
2262
972
1
9
19
1
183
5407
540
8545
16
3
11
4377
40
16
2
1
117
4720
1353
1
1
2765
7
9605
6
21
2379
5996
67
3
9738
9593
1
1
615
8712
50
59
4192
688
3347
11
7666
9778
3369
2350
1
637
83
9238
8448
48
1
1
970
7951
6
4853
2
221
8548
704
2036
1
18
5724
3
25
8983
1
639
153
6064
7324
28
42
2401
725
166
89
18
16
950
1
2
2489
1
4
8822
6
1
1651
5379
273
5583
568
1403
1
19
19
9593
3054
7
2
45
10
3495
1929
2516
6075
27
5
89
445
12
39
10
8493
4670
306
7241
5236
98
5665
2324
229
91
833
1537
36
802
3209
5
3
42
1500
2
9158
16
3
307
5
2829
107
6633
10
9522
1
9
16
55
32
2341
383
320
2147
1
1454
1507
4721
5007
2
1713
4877
3219
2432
297
15
8015
1971
6
363
627
94
6
4718
488
606
2
4
63
4358
33
3604
3
1170
79
57
7212
29
54
2212
2465
2193
7961
35
226
6
8517
7985
2
55
1325
78
6974
1
1
131
5711
6876
2652
61
447
64
18
9282
12
7051
5088
1
3141
5
1263
6520
1385
7275
21
1
2
4628
4
3
6547
670
269
288
680
1104
5996
1374
7325
1
8036
3753
4
15
5
8623
6620
3109
367
2
64
2151
513
8989
1
3062
3052
9
550
7
735
772
4
1
13
2910
176
1
3413
7339
408
7696
26
5302
7680
5040
2
8360
4426
18
5
6
23
316
5128
193
8054
46
1
3
3838
8891
168
5466
2155
371
212
3648
6895
3184
7685
1740
146
525
1
69
39
7179
7518
6733
1
109
91
103
40
2
4459
5817
8861
9499
1
8168
1
10
140
23
59
6248
17
9972
6484
1
3
6021
9989
151
1
5473
1185
1491
6135
3
2
48
25
4852
1
1893
919
9223
2684
3
10
7960
7
8176
118
9897
15
14
3994
587
5150
9515
1252
25
1
3362
9546
2
1578
3625
8298
4915
4
7
42
12
2090
9812
7253
6444
18
22
82
3327
20
1
2
7019
237
98
21
3918
4102
7946
7260
9648
9524
423
4
2
5929
6347
86
315
923
55
56
2
9
4164
2
234
9880
5235
1
3
5314
391
4
7320
24
6
7796
14
16
8602
7213
4219
6
921
7784
38
3
4882
9623
23
24
635
1786
73
16
935
2439
1
1
32
6764
11
208
8
4624
4955
2594
8
5123
2203
15
1
1
1
94
9512
1
5321
1513
769
1
36
69
2
5248
1
6445
63
7
3128
8529
4
3580
108
1922
6
996
1617
5573
3
1684
1
2
944
36
181
2
2163
9916
4630
250
4868
5
3472
5138
3
5
50
137
160
33
2
859
1843
718
1
200
9922
1
17
2
2666
6
4786
1994
472
1
72
141
9
4881
882
9061
38
6091
684
958
224
75
1119
8798
3
3
3177
5
4367
5363
4410
8640
12
5786
4667
2756
4689
1
5
1
234
759
13
20
60
1
372
3863
2
5397
223
17
1
281
4280
1
3
4131
1149
967
4861
6419
50
2855
28
19
2
264
7653
1781
3
128
9798
9213
4
442
2884
2286
828
2
5888
1441
1
1467
15
740
3702
7976
8
1205
60
3
2227
125
7844
501
21
7
4201
154
4620
12
101
7327
1
7436
13
17
1
3
14
5
9817
2
5004
20
6867
2151
8
8526
5660
1699
19
758
1
224
6699
8630
3
1
10
6556
6
1
1
3
5496
19
3587
5183
14
1037
351
1417
9057
2240
32
1982
34
73
1651
2734
11
6010
6667
178
1
2247
1837
9155
188
4572
1083
4
4647
7
5135
1222
2
12
348
6837
3
3900
1
41
12
2736
5
89
49
9653
7766
7933
3
260
1
6779
10
6924
3011
1590
3
7
9800
165
214
3
3900
7833
4256
144
437
2127
4077
1851
1
5400
68
8
18
1630
3
4
15
4148
5
1
2092
8645
88
8
1
57
198
5644
4231
9621
2
3
6642
2427
1
3
6217
1
4886
47
6494
1
1752
45
75
930
4183
4179
10
5720
10
16
3
13
2
8289
8372
5201
2
3
134
23
7897
1078
1699
6431
11
3455
1679
3595
5930
2570
4013
6058
7765
1
59
1
456
2552
27
3
11
109
2760
1
480
154
308
1617
6262
1
41
6827
8701
4090
7064
5383
1067
3431
37
8338
592
7018
7896
7462
454
49
7326
9
4
6206
1
32
3
1
1349
322
73
12
243
4032
28
767
7635
2199
121
521
48
3756
1
672
42
445
1
2
540
25
8088
961
42
3
3849
1935
5912
8
1016
1
13
73
122
6
2251
3437
8991
1
6765
1
6067
45
9
36
1323
5664
4
3239
1
901
19
2178
2
913
9651
126
6512
8493
2
2322
105
29
2
3725
1
22
911
2968
7
3
39
3
1
5204
5
3034
486
11
4231
5770
59
26
341
3083
1
10
225
7321
1
7070
10
7539
9
2
5187
224
4570
14
6637
1
4
2
3250
257
2892
1475
8
9537
2880
5195
3
1
9789
8570
57
16
13
2645
2
697
470
1
3
6200
1106
3553
14
5360
6090
5
1
1965
5
7546
5
212
4698
106
1
6600
8
7829
9
136
1
2198
9986
57
5638
3734
6165
559
970
5048
2431
208
61
6
2493
108
1239
3859
1371
833
1
5
185
206
1
1360
24
551
9616
9011
3959
7429
2620
3661
4
3495
243
9100
5789
2
4
31
2
8352
38
5928
4230
148
32
5465
54
10
1918
9857
59
88
5
3
1
18
8
7
67
3921
8195
41
232
1234
167
623
6058
7
3
6681
576
1312
7
8714
1937
8
4
9530
1
7194
2967
286
345
120
3735
1840
583
1448
67
386
8364
8793
1
3930
1453
2
2878
7431
751
3
9
4485
1
516
6
22
3009
124
2588
1
20
56
843
7121
7676
5139
1
3563
3472
6589
185
3
8365
270
5112
979
983
74
2
41
28
6096
451
17
7944
4220
850
8
24
17
6931
1
2069
10
6
7713
1
36
1
25
1191
9324
27
1
1605
3
991
100
3644
1732
1487
2
1382
21
2723
6263
2
1
3
865
5196
110
320
2
2
3
129
5
3278
694
21
4164
239
1
16
7268
137
6192
1
85
869
1622
106
7518
1
56
1896
1
1
830
1636
11
5464
538
2
11
1072
61
8275
4
7
6230
818
9073
652
3287
12
4578
7391
1690
1
699
47
42
2
2
4691
7
3
14
5
281
14
288
148
3842
7
1267
59
3
835
15
7263
1271
1
5381
152
61
1
9
234
1136
3972
895
196
679
4142
11
5359
98
1
4708
6551
1448
40
2729
7314
2483
129
5821
1
5764
11
2592
2893
3696
9668
140
2785
1
4441
235
9774
4225
1046
5280
6356
2085
2376
2
3102
3
7799
1
3282
43
6543
72
80
1
1
220
133
3110
2821
6411
683
21
3120
23
6
3
1725
2924
34
23
2
8240
118
8
91
5
2971
2
4
2503
1
4428
726
7177
796
13
14
63
41
2956
4374
492
4
8622
1806
20
2077
5
19
4274
6685
7
8448
362
3395
49
1
13
1
2900
6986
3503
6
577
1552
3
7985
9609
4822
91
5577
6973
6003
3
84
1616
1285
1
4
2027
5
1
9066
1
130
8342
571
3871
140
39
6558
3
32
126
1636
1
4456
3999
27
27
5
6118
1824
101
1
2936
7273
239
8153
14
76
2
384
8632
2212
3866
9259
581
8931
4258
3
6926
6133
9
9693
7
2072
628
378
44
528
23
29
6
1
5195
1259
8
2820
3127
4763
7872
6375
5
1
5
3
96
3
16
19
77
1
8248
1
454
4493
15
3409
5482
44
1789
6001
9865
5108
217
31
10
39
7633
2
2281
3789
4202
1
129
667
12
5387
1
3
1
2
2952
1934
2334
1
109
3537
1
7
3888
133
227
4953
209
5501
1442
2
8832
44
706
9537
1
9708
825
3011
3296
3381
276
3687
181
6267
8948
9149
2
16
12
5690
2
1165
3
90
1
54
4338
8941
21
430
95
1015
58
544
3
1
950
7300
11
263
184
3888
3305
8363
314
99
2
7720
9270
2
2857
1519
11
6339
1
20
1
178
5224
204
8574
9671
7185
2684
166
105
1415
2112
1851
1
1
1
38
1
2
1621
14
4370
1094
2549
691
1
633
1275
9844
81
6690
6439
5
4
1477
11
7441
7054
2615
6
6
12
1
4942
3619
90
1198
1
8
12
2624
2697
5408
711
77
9452
4435
8
4
116
305
2
7735
4370
7287
40
1460
9341
61
4
8092
46
1257
2090
841
2738
7610
4374
6
165
344
512
2
4
16
9056
24
3
643
2
37
1
12
6607
4767
48
5510
4946
5613
8893
311
858
1
8451
4090
9494
3332
2541
6
532
6466
1
36
1
6755
4
60
3162
512
1387
26
3
9702
8060
47
102
3685
4041
3020
23
6
644
3701
281
28
842
9080
1
3788
5367
1502
191
32
4795
4884
8217
8987
6
1
4
413
37
2843
7910
2831
9935
127
8414
6591
213
277
6659
8504
1
4
2372
2
471
4
2462
3821
5550
3323
5931
9037
14
2
9375
42
527
3191
22
600
26
1421
5516
7610
4
6331
2
2
7
3
2637
4547
16
1304
9688
13
13
7283
1
7251
1472
5
6
1073
72
899
2273
7520
38
9942
1
8766
2754
9089
12
2
4
9
4314
6525
9310
5
1
85
3536
6314
3
904
54
20
4
3632
8894
37
1246
1
9389
9746
1006
2
6476
1
78
9784
7446
1
9987
335
6770
1104
546
476
3780
115
179
1
642
3828
3515
1483
5870
8753
62
9269
7250
4
28
4379
7860
6830
86
3127
2
9723
8075
3485
1
15
7
7066
26
1603
2937
4
7689
204
1
7
13
3973
287
4402
42
3
6767
9605
1788
8534
96
9042
4813
576
1
1
506
75
3
861
5617
282
1
5362
3600
11
3
5606
1
1799
4
107
1
120
2681
28
23
0
8656
4830
3770
2
2355
78
9
3495
463
3507
22
1911
8172
1927
4717
866
2935
37
7
378
1051
6710
5046
161
5878
6447
5697
3
838
780
3018
779
22
183
886
5789
7962
3439
22
104
3
118
5237
1
274
1000
1100
9401
5
1753
3412
6585
8550
16
1
12
15
13
12
1851
2863
2838
9688
4915
144
761
1516
47
5456
16
5840
132
13
1609
3
36
9864
3146
732
79
3
2
857
3547
6
9145
43
1
249
8947
3
2
8020
1
703
2
2157
7972
1947
283
7021
2
1
5
1388
1
6086
3553
2108
1
145
6087
71
8789
36
2
1
134
1503
3243
94
268
7
21
286
2309
2571
2958
179
3618
4398
1010
1128
2508
3504
5862
8717
2
1036
5
174
71
9563
1
8688
13
1
206
7864
8761
6
7199
5342
2
2
1837
7052
559
10
82
10
18
8902
2
274
1818
7791
49
4
8483
6
3
7
1
1
16
7594
2
13
4
2262
4619
388
3056
6161
316
1
1
4554
8828
3
3353
5486
387
162
3795
5881
109
3
2204
2420
1
191
5440
1
6
4619
7353
6
9457
3350
4724
320
199
9048
1
1
2708
7206
38
1751
2
1
56
31
4
452
445
12
2228
3
1140
30
1386
3648
36
3
6925
9578
3
1
12
4
408
142
5050
5762
9854
8783
1683
24
4691
8925
8767
142
48
48
1
7676
9
819
635
8090
9760
1
7503
26
4
8227
1396
28
8396
115
2
7692
461
444
9469
460
6
813
4352
1
5076
4689
31
6428
5472
896
17
7934
4022
91
4
230
1
2375
2550
410
8343
14
4
41
9418
6823
1
9640
42
295
5158
69
31
461
806
1990
5360
6
7386
4672
11
249
1
4072
9341
3966
1122
2
393
411
1
326
600
35
3035
2
1
7
172
5
385
7535
3
4
1
2
3
2546
45
1282
275
6937
157
7199
436
129
4917
9456
6
1
8
340
1611
9972
6
3159
9529
5
4305
76
1728
3280
6254
2
2464
9978
54
1
14
5208
2590
8
315
5681
5657
1
4466
282
52
2
83
3
7377
8938
3
299
9035
55
184
2257
7344
586
79
6368
2589
4667
368
2472
1
28
6
14
220
7026
43
29
1
1
2074
4655
6866
8785
3932
47
33
4665
424
5915
3
1
4
2171
8725
1648
7
74
27
257
1
1392
5150
7102
9444
4
6894
792
2876
4413
9626
9542
1089
8115
4955
2
3
9343
3450
3712
4471
1
1
2424
913
321
7557
8595
1
1
5992
9412
1
5170
7877
1
587
6333
5049
7057
6321
2519
4976
422
2907
1821
8333
1840
5
975
3
4
19
2270
2706
8
5351
148
56
35
9220
23
5786
21
6577
93
1066
6721
3
3
6215
1
968
505
103
1713
6120
5146
8550
10
18
4168
1
6135
222
5283
90
18
7597
6391
1
751
1
7931
7924
938
501
17
1
15
18
21
2914
3346
2416
9582
3
1
6743
2497
5156
6703
326
1
54
6555
2
6623
489
2912
4764
84
5
1
37
55
2466
2
25
23
7476
5
1
9354
8115
1
3458
2118
65
1
1
21
670
7
471
10
9563
4
1
4267
7
3992
2
1973
398
65
2000
1
447
6031
8928
23
11
5
1
6
5510
150
32
140
2058
8447
553
1317
2540
4110
129
3374
439
1
7000
4
1
7129
128
39
3
8556
9158
633
39
9
20
31
2
2228
230
8
31
7818
6634
348
2
20
3
115
1
8260
6697
3
385
16
9019
117
1
320
2979
10
5326
5554
1241
8861
1056
2003
37
5587
2
449
170
248
16
1
8871
3488
2
162
18
82
801
1
58
11
382
104
1
5724
3
7065
2084
6131
2017
6104
2795
3796
2
8039
885
8
6533
131
7095
6974
1
524
3389
5
3418
1
5735
3
44
18
2328
972
3595
5666
1
6756
5552
1
2038
309
79
9583
192
5727
7400
374
5
12
6047
1316
5672
5229
8641
141
6210
33
4501
143
47
1751
2
4418
4480
5577
3349
901
5532
5591
5
5384
239
2
4
1
1
8857
1812
3973
1563
30
7916
94
2
1
1
30
1
7
7
20
8010
4
3
268
4
1
6117
5356
6185
1
66
8724
4635
14
8845
1531
9491
1
34
4626
580
3
82
136
466
36
2652
2
2247
3842
5
1387
6118
3163
27
2630
10
101
105
2459
8109
6662
100
9328
2
167
1624
10
6562
1
5858
77
3970
8440
51
1
68
9778
1
9747
1
27
5340
1
7306
1751
3
18
1592
1358
2601
4644
5383
8790
2705
6912
12
1
4
4661
8
1
3
2
21
7562
11
6364
295
5
11
870
8
4434
3
8592
122
1570
724
781
4736
47
95
4
1625
62
9895
143
2
2
1
6167
180
31
1096
2969
9940
1310
3
2
7
38
3489
9
3254
123
8943
998
2241
8164
7310
1
1617
1
5
8809
8
3624
908
1883
5568
1
25
331
1
1
6047
43
4576
39
6845
8054
13
7822
4279
1
5995
462
5107
9902
3
5078
16
587
59
7477
1584
5
1966
9555
22
2672
640
64
2956
4898
5
9998
4899
10
3183
9807
2961
59
1
1
6907
1056
27
3327
898
2260
1227
3454
1934
2050
6806
445
7
9832
16
5870
18
49
8807
192
4418
32
743
1
2132
8311
661
1
5342
6349
527
3
1683
6253
5672
1
5625
1250
3
745
5016
575
6456
1903
3217
4048
1611
1492
3
6864
6
2
1
1
10
3012
3
3700
3
5671
19
108
347
34
1
4045
1
12
8738
667
29
145
6184
946
13
9
9482
27
6016
60
1
8754
2
77
284
4228
12
3456
14
49
3905
7
1
1798
1
2
697
3
22
6
0
19
2502
76
8744
43
2907
1
1810
2
1
1
8139
1868
11
9
904
2
164
7350
22
1
1416
3
5
1489
1677
2394
10
3
10
6022
5894
1
12
1
7715
7185
1481
25
3811
947
2
26
1937
3439
2
8
452
1352
3869
9
47
5120
4135
1
125
1
9
3066
58
27
5369
27
56
2794
2
733
1
9435
3408
3267
57
2
6605
11
2464
43
2080
7179
222
1
1
2927
952
9025
2015
7394
7759
1
8106
3548
45
671
127
8994
1657
9564
7
598
467
44
4335
6
1261
535
3
21
3076
5332
1
2815
300
2786
6890
831
5994
793
220
4479
295
4
6361
1
1
119
677
311
6
317
9384
5762
2524
6
9
8
753
4
1
6397
2
27
9491
7
3878
1
1010
1
5101
4522
1223
3265
31
9650
7159
1143
217
7480
3673
188
4
9363
150
4541
38
716
2
6646
4999
53
185
2044
7588
3500
9
1
24
2457
1137
348
9186
509
1
277
396
9983
4
16
9863
2029
7154
8449
98
12
848
1279
4551
8
1
111
152
2135
1
15
1
1577
188
4625
6
1139
2
3759
2
1
7255
49
1
944
2257
175
2094
6678
17
7178
1156
2023
7476
7150
1
37
179
438
2209
1
2235
24
170
58
2096
4815
1476
47
10
134
2541
3402
8020
2478
1766
2939
3226
5
398
8815
18
6
53
2
4998
13
139
1060
14
1
2755
55
166
1
5728
9529
4
6975
5641
1934
1
9845
5312
1
207
2
1
1
1
2
85
13
3640
1
5750
3
11
528
230
13
100
34
3224
1252
5592
7
99
9776
4464
333
10
7071
3154
1078
122
3912
6741
3393
98
1693
4
3116
4
5939
18
5205
4768
339
3138
95
1
3680
1
5018
9544
5377
7543
38
8897
4
1
1
2968
2143
5769
124
7684
6
3
40
4
6431
4015
133
986
9698
1
4993
48
1
5051
8197
3
7896
4615
8348
4
3
70
5023
694
2561
3
3682
9
62
1
4
1
9
127
14
19
1864
5371
3982
1
9238
4247
104
8276
1308
22
1604
5771
1
321
1
1545
6
5246
18
70
2710
5315
2321
114
43
1
1
9
13
91
12
134
70
52
1
28
7391
1
3573
311
6335
3852
4
4
36
2889
1
8269
1626
4
4673
6
8107
137
5890
9083
906
7
432
254
5051
1413
4861
437
208
4674
103
184
9257
6397
8
3009
424
3
12
52
8307
4420
16
4883
3254
6
2893
630
6
2293
1116
9939
243
1
1895
270
3169
67
5067
5
1
6688
32
4735
1
3000
5
771
637
1735
2911
1
6362
4329
87
5189
723
146
1116
2061
8763
7
136
8233
9360
14
6878
1
83
8
5779
3549
1060
7387
26
7132
404
1
7085
1865
3
4
5861
4156
1
5343
6
6632
2
2279
8039
159
8
4759
3
312
9862
9040
32
5473
3757
63
2633
1
8636
20
1251
3
2412
119
4320
1
1
19
1091
8951
4
6794
2
4654
198
4557
60
2280
9716
180
949
542
13
981
7585
2
31
3
3152
1
5174
9885
4888
304
6657
6459
10
588
19
805
14
2
11
2763
7839
212
5
2
1654
8024
1
1009
2353
483
36
52
6
47
6
6663
58
1
32
2
84
48
3359
1594
1
8409
8632
467
3
63
5
2
12
5
1
3
3692
899
6597
630
8317
5286
9841
7899
2896
768
9899
5453
951
20
2189
670
7
30
976
3
2
6700
915
1
2856
3736
2385
3153
1
129
747
3
2579
4707
7421
2
655
676
5
1
370
1
1096
1812
2407
6150
4013
2699
4767
2054
4071
1
108
7
786
8448
6128
9819
6303
55
925
9793
1
8930
4824
1
239
10
21
1378
177
4
2755
475
282
134
1
1
4747
114
137
198
6
38
8
104
3852
9532
1
88
1
6552
296
18
524
263
96
5962
1555
43
9485
3
770
2332
3
2
2
764
8539
9
2839
5481
612
37
6
4
1165
35
2
1
4484
9657
8225
2
6643
1
5
20
1
1
9916
3105
3
17
2456
311
4015
1
8381
9031
9655
9030
971
1613
3443
6355
177
1
2
3091
373
2828
9228
3
37
6737
23
5448
28
887
431
27
11
6925
2
182
3609
3
519
10
1
518
79
39
193
2927
4
1493
5741
75
3391
7
112
12
4
1259
2063
1
2951
30
974
1343
327
46
1273
207
868
1069
953
2
7
2
33
6546
1483
24
9524
1543
2921
1
1
3
9508
6
8
9119
2963
64
1527
3
37
9740
7418
6762
8010
33
3794
2365
12
8724
7226
2
5245
9085
2
17
37
1
169
2378
5
5870
518
6550
7925
6670
9177
52
9984
15
3
8028
1102
2559
2
22
7890
617
3
10
37
7855
1010
1
4319
2407
4570
9662
9169
4
147
128
488
5259
877
6465
21
9389
5
18
322
90
1346
2
227
7289
50
16
3401
8228
1
1182
7275
484
38
6878
6424
500
126
4126
9700
598
18
5960
4235
8511
2200
1369
173
6124
3820
2
4
2006
5878
8502
429
6389
7
3
8836
7922
11
77
2472
1
1
5776
3378
31
2816
207
4
263
2
300
1923
3680
2
3
34
1
1294
724
33
3
324
1602
10
40
6873
11
486
2
3654
11
6356
6223
24
1014
3438
7918
8606
123
3
8938
18
2
5
1599
248
1
7965
4075
9064
45
26
6364
1744
1765
19
512
5947
1669
8413
215
1
9211
38
116
2
1823
239
22
8130
1737
6992
5433
1239
9110
899
5998
13
6172
85
3992
94
162
956
363
1565
6497
1
1569
395
824
7866
5859
9330
9092
9
167
3324
1
3
203
2074
8562
13
75
7
2360
1
5499
3
22
5622
7
51
7357
135
7449
2889
11
7548
4
6236
7668
2
4
8275
5808
5566
4456
1
1
1644
9587
74
1
14
1025
4502
1
8613
741
1576
47
9936
5762
1
143
3
2012
1
33
1
26
1
4415
48
459
33
7374
2
3159
2
1
2
4529
1
2
21
49
5
284
9337
3
161
3958
225
2
272
4843
5084
1
2261
1
916
420
253
7
1
74
7
3973
179
688
9481
5515
7330
2232
1513
5994
4
4658
4738
71
33
1157
1
1685
2
1
10
712
688
4
6
225
7944
3284
1315
1
1048
25
77
5
305
21
577
52
7610
400
448
4826
8647
2905
1
1479
39
589
2537
2892
124
1
64
1283
1498
479
6524
4485
1
5213
1364
3766
5210
210
8213
1891
3
345
1982
2181
1
5501
893
3315
9
117
3
5
23
2
1150
5414
919
35
3
34
1705
6356
4
5293
3032
5540
2
2277
38
167
21
37
24
9240
880
7735
8460
2
4926
32
1795
1845
7760
1
358
1866
63
1572
5
3
81
1046
7
6822
2472
7457
9
5784
1656
1350
4688
13
3411
7369
97
4786
1672
3567
8545
9314
5506
1298
12
2
13
6795
5
4187
48
10
6477
3
7093
7759
833
1
83
16
2676
5264
7487
7254
11
7723
3437
3104
5022
298
2758
7086
2852
2629
76
3574
5582
3685
879
6015
16
1905
1
477
2900
1
70
1
369
615
21
1
8313
30
506
3
1667
1431
2931
1450
8000
1
24
1
4938
1328
8054
180
24
1
1
7022
5191
7105
297
35
2
223
1
7463
7957
106
320
33
3097
3
127
7866
364
5745
6237
9888
1968
23
2344
9715
3
199
624
4332
4485
1438
1
2793
8
240
5969
9552
9208
6325
3059
8584
1
2
4
1214
9257
8648
562
2187
2
337
6812
8051
6
4877
69
4892
6508
99
4607
1
96
1
6
31
22
9198
2544
10
4992
371
3244
2
5623
4
1416
5
1
6484
44
1
7205
2
1
33
2
11
26
174
2158
3
1071
422
1
5962
7199
4846
1
4811
3
4
1505
1239
6549
6891
7671
4494
9828
1371
5
1
1
1
3
72
1
438
8880
1
1
1
115
1
10
7
1
1
3545
3685
7
1923
8728
12
4192
7448
4800
225
6318
1
4534
4
6029
3323
7097
2796
7600
2
3145
5
9693
3
5510
1144
6
239
7750
5275
6
143
1
9116
696
2662
2
78
2828
4237
9076
2
1476
649
6424
6144
128
1326
1
1
12
2
9623
61
5154
126
1
5591
704
5780
15
1
1
6238
3904
80
4646
1208
7575
4090
6
4
3874
5074
152
5
38
7
9804
1941
3427
9470
113
1558
3043
964
3137
417
9887
2
7117
49
10
1
29
18
73
9413
978
1
18
3241
3112
9
1334
256
1041
3
3299
9020
8141
40
123
35
3462
8619
1497
3056
104
1
2277
781
6
7
4568
111
925
3497
568
24
1
117
4
6
9040
2227
10
28
70
2506
12
2
92
13
9719
1
238
426
3291
1910
2
1
1
1548
8626
3810
592
7703
3562
9526
8
44
2470
5
4647
271
1
6913
1
6624
2
203
43
5207
46
2762
1967
5053
45
1
7
2
31
4911
6214
8591
4099
1610
1
6524
5
5264
2813
725
9
2997
9479
1
9
885
172
73
1
4346
7459
12
296
4
3
2822
5635
3
1070
1
1
5
1
263
613
107
1946
6839
66
4
1645
7322
4682
8843
1830
6570
1646
5921
7521
732
10
4
168
9295
5
9065
1
7106
2
87
2039
2244
4507
3180
4478
3
8885
9860
4667
88
6974
116
4534
1
1474
473
8958
7
7632
4
4905
205
778
424
5292
7
4
141
8277
8608
161
34
7483
8279
2
5
7216
2980
6
2394
1
3090
106
1105
501
2
1925
7571
2864
18
858
8
2
13
5519
4977
113
4
2
5
1574
118
1
3
15
2400
1
1713
100
28
1
2648
29
43
6033
90
6551
8313
2030
7
637
3
8
204
1577
8539
1
1
7537
1
1421
5872
3891
2568
2
1678
976
27
1
37
4045
9
34
2
9440
9
1697
1
1
2
7177
740
1758
101
2386
1
1
43
6685
1
8887
5953
2
2221
6078
130
2703
1040
1387
3
8180
906
1
7839
1
2
6632
712
754
2182
2860
427
5546
5182
1
87
2
2615
1086
7228
5027
5873
2152
130
633
778
9
953
1426
56
39
6
5789
6818
8897
62
4879
2028
26
52
8299
117
36
8130
12
1
1
18
2
2
6626
34
4847
8
1316
2
5299
5
3165
1491
6367
2
6076
193
93
16
1255
9398
1051
24
6967
12
39
906
8163
6152
1
8445
7873
1
4
8764
1325
535
2
6009
6722
1
1627
67
26
292
4541
3114
2253
7
123
17
111
5
279
105
6823
6036
18
16
5073
214
336
2316
1494
127
6995
1
1
1136
30
2
8865
90
765
6808
1
16
5485
2
18
4
1969
790
499
2
13
1838
7
8
792
10
9136
2
4612
1301
9212
5
5975
3267
9858
9674
9
17
5012
2
185
662
4
1
1
1
7222
9878
259
5
2
1790
1
4812
1835
2
5677
15
1669
10
34
2706
4
359
882
3
4118
2
4384
3
2387
266
412
5
4592
42
1354
2288
7422
143
345
772
6778
103
5
2
6218
92
3545
60
1293
8085
280
1
225
293
7165
1
8420
9194
5584
122
5114
232
288
2624
4
152
5
1
5713
1
1
6308
5
5295
1
9716
2
4059
1149
4206
4391
1187
1885
77
1070
7065
95
8806
25
2445
3
854
3202
139
4
1047
3059
8098
59
443
6127
2506
629
4
21
1
1
1
1
269
1
4417
2560
9133
4722
1
2
8240
9746
3
89
7
7129
77
5633
6407
5201
646
4
89
11
2382
1
7940
2879
4
4496
408
9587
17
2907
775
61
28
1964
212
280
2
1060
137
21
3428
72
1
2356
14
5253
1
2
2
12
1502
1862
364
1313
398
1672
9792
3727
2630
8343
93
490
8732
12
9
3
31
714
9670
2191
3
403
71
125
500
2
54
3422
5788
210
7532
4424
1
215
78
674
83
1
1822
1059
10
3954
573
7754
7069
27
5997
1635
2805
4134
2890
1
2
1
45
63
7
4816
467
232
5279
6745
2423
990
1
8420
4482
134
6593
3047
46
5909
9
2623
1
4
2943
2
1
1
2881
2
8
2579
762
2
9482
3657
2
954
65
137
8
5618
7817
20
1
165
1
1
10
33
9559
9003
28
1
212
2320
9
1144
825
2
293
24
33
56
874
7
9003
7754
1050
255
9921
53
7494
11
1
67
2427
1002
25
3
25
8900
100
8913
556
1180
2
2
47
157
129
4644
4
2
4724
4366
154
7
1623
2252
524
4483
4403
8480
770
8480
9653
104
7221
159
38
3
4196
6294
6
5
7
858
2
1998
2620
493
6
4
1616
6325
9504
3
18
5465
8983
1
1451
8011
1
82
1673
1113
2
3686
774
6485
2029
1
347
13
1461
651
2440
2
580
3963
7574
1
23
125
30
11
4361
445
4580
4
3
1906
13
7934
130
1726
39
5
3061
6105
51
37
4170
3201
187
62
2
3
2
4040
5299
4
1555
559
21
1
6
33
1
5136
220
350
2
3657
3177
4981
3
3607
713
348
6688
447
6860
1565
1405
619
284
12
6751
8
7614
7
4
7639
23
107
99
761
1
15
1
55
3069
7147
1
1
6892
7
6
6106
4337
2186
48
10
1061
184
186
7
2
504
2567
5544
133
2827
1
7535
2
2
1887
8050
265
638
13
7411
4560
7
1779
8374
157
5008
8160
83
4
5503
1
2
2614
198
548
8490
132
79
2279
1345
2366
1531
6968
467
15
64
6846
3632
2
226
650
4350
1038
381
6764
6633
6736
8
12
4
7062
3451
6601
2
7
7726
700
3785
341
1
6684
88
1
9
3
1
5682
23
21
3262
5629
3065
18
4978
6109
3931
9069
7
1
2781
1
9255
707
514
5742
71
5733
2
3067
6468
2862
1
1
8784
4587
6
79
6497
5801
7342
9
2427
46
2369
5263
9052
2171
7
5
73
10
1
4345
332
9279
262
6628
6462
3150
52
1
9
4099
2912
7777
2707
563
920
8231
458
3346
2
7200
67
4686
110
360
8672
1
2435
3
116
5692
102
19
6509
5484
794
2
1194
69
3633
3089
345
13
307
3903
2981
7303
26
1
3317
1
15
2
6314
3393
70
260
538
136
1881
493
4188
216
8557
77
1305
6850
4343
3
11
13
3
1
18
882
2
1
1402
6354
10
497
1460
1
7783
5752
435
3551
129
3464
5024
1
4
2
186
4
1974
351
158
6096
21
1
1
5
9870
6479
86
15
2256
4
6123
7210
3879
5562
2
3635
8
6
1120
3390
2
11
6848
2444
4128
2
1217
1433
110
1146
97
36
84
6223
5425
1555
1769
4310
1416
2
462
1
5195
83
8
1829
884
1
1
60
627
980
101
3547
246
57
332
9
2968
95
2
674
3
39
1671
29
3
10
799
2033
6
4926
7657
121
8
917
2433
771
6
5110
1
258
7
4930
1466
1
9499
6214
1662
2
1
283
35
6044
5595
6
1231
62
2856
2082
2
5
72
29
1516
2
2
8821
2
9629
1
2176
931
528
2316
1
1154
10
7513
9674
36
1
168
4705
2891
1
25
1
9643
8599
31
2
9431
5395
4593
9
375
8784
7218
7665
3
7306
4
8476
1
76
67
1
684
7620
3360
1
11
2
1663
3172
3571
4
4752
247
740
1
1
6361
3850
1967
8196
705
7
5
95
10
91
383
70
3590
1
4332
2067
7008
5661
1
1
8179
39
5939
9167
6608
5148
247
6
118
3
3362
1623
79
3
9284
197
7728
185
10
14
488
1
51
89
2630
13
249
6482
338
6611
1431
1974
8384
6402
6191
1663
2
7244
5665
5074
30
3
5272
243
528
8783
1098
4
1
15
1
83
9396
2
2976
7219
5858
1
1287
104
1
2
536
6663
23
1
18
257
5230
2055
2
5878
46
364
73
6054
7
5
6143
7
7345
30
1776
1200
3093
298
1
843
5123
1096
6729
7241
2
1586
19
302
2
678
5275
41
5440
160
4430
9571
56
49
5751
478
9686
10
1048
22
9204
1
178
9
1
1
7806
4
266
50
9066
29
2778
1446
540
3985
2
1100
1471
6870
7271
1
9047
99
7842
2227
1089
5
1
166
537
3
1309
1
201
31
2067
1720
1
146
9036
6
15
236
5037
8799
92
4363
2
423
3194
2
4
6
1
1
1
259
1
3230
585
10
284
7
112
8677
2183
19
8306
1
1
32
4
19
108
229
1552
6658
297
1463
3305
7974
5
3299
1771
251
3459
17
5846
4496
16
97
1
8864
6
186
3955
4
13
1
23
1
3
5405
3161
5
1176
73
5619
139
7513
241
47
1
8313
8219
3105
171
769
2
129
86
297
1
1000
6518
2336
12
1234
5622
1759
4389
82
790
1664
3781
8289
227
2187
2
3
2331
6048
9624
3397
23
1000
4569
2228
42
81
9
1
3
2202
5184
71
5343
144
3324
31
2
2
307
2
78
27
8604
394
3
3
448
186
8
319
3728
9306
577
194
1
872
5043
1863
11
1
687
4725
1753
1562
33
3
8012
2627
1
1
2
9892
59
1
136
4867
6
4125
1
9087
9495
7
9456
3382
8681
6806
87
489
10
11
12
3948
2
9754
1996
3999
60
1
12
6697
229
1613
1437
86
7417
985
1
66
1
663
6686
2759
2694
1030
1
3429
8729
72
1574
276
72
297
4998
1127
57
3
1336
9669
9420
4
3
1765
5
3130
8333
4397
602
2
5801
6767
9813
2
260
3
3616
5980
2
4857
22
4394
3818
21
2
887
124
1
21
2
8810
5
1
5295
139
1
380
9
175
2940
868
5
1
1
9857
888
1252
2
3952
1
2
9620
1
21
1
1740
1
133
4
5501
49
2300
2647
8
2256
9287
725
6
5312
4
813
9215
2
7224
1
2
3936
9358
9700
709
66
678
4
1963
1840
7408
6222
16
2
7023
5671
30
1
232
5
481
4469
5190
174
663
587
447
6530
1780
5298
967
6755
14
4
3438
19
2
16
3149
10
13
20
211
2
3
4025
4397
1
964
8
1
5215
1012
10
40
9
7018
2335
1170
1
8208
6390
1099
1
5
3965
3
55
1
7405
5659
474
885
926
1
6046
7191
2974
11
1
3
97
4649
11
8219
4599
66
57
2903
24
2
3087
3342
6170
233
3606
3258
1
504
2688
4331
16
77
5939
9
11
118
8488
3981
3
2
123
45
1867
37
12
9249
1
1105
2897
331
12
64
1128
4360
2608
5302
1
7481
9427
1
12
9407
14
6018
1
278
1792
4210
5949
10
19
9083
5866
576
4
4
1
7634
8
15
6352
528
8704
8793
30
8574
14
1668
1
4789
8504
3
8344
1
5420
1
2
1367
7968
22
4
9716
9646
13
8
470
4683
962
2816
1801
3343
1
1
18
2
12
55
4608
1
190
3686
7
49
7939
7
10
3081
6461
1232
341
4963
6051
9192
13
3
4726
3
122
35
8481
186
4045
784
234
6560
608
16
3818
1026
9
176
1422
215
6549
6948
10
13
6
7238
3
1536
3059
2999
123
4345
3662
395
82
2938
1
2
6
4148
3932
3
2038
8788
2421
8478
2747
63
39
1221
3878
5851
4
1524
28
3
9037
5392
12
7231
1
4
7664
709
9123
2
3
4862
4588
6022
248
18
4840
4257
8733
4675
3260
192
268
3261
2
7993
74
7211
5191
2063
754
5940
9
4
396
6022
2672
7329
8783
6849
6617
2476
5
6746
18
390
1483
8143
7
8117
18
30
2397
9780
301
6493
253
9843
1022
1
6166
4514
7256
4899
6420
13
4
24
8325
8416
9448
2622
5
1343
41
8882
1
47
12
1015
7220
469
2556
5
8109
1
4145
13
80
9504
238
1
5024
7
3
77
4
2
2
5989
4329
1
7023
8427
4689
2
250
169
97
8799
5
248
6
191
20
9594
5702
7
5
2
3337
10
5446
333
5
2359
7647
164
4831
4584
5844
74
7135
5074
11
319
2766
4
3724
1
339
4038
6895
3
76
8534
4227
90
7318
15
4405
6818
222
192
2
9673
1
1582
1
4288
310
2
1
15
1
5
27
7
8158
1
9967
11
2633
3
7348
7639
41
6000
974
2522
2
5
4385
4266
2579
5776
7
967
6350
5
9
4563
16
1
2175
4357
11
4649
6
9361
3714
4
62
222
669
9477
551
11
3267
1399
965
5306
8510
409
2511
1
9382
10
1
5697
5598
62
65
5399
9
66
41
4
470
1161
2
3
2067
2250
3
9970
3271
7012
3
1401
12
5
7819
36
5466
342
607
856
1
36
3010
55
415
2657
28
2728
7
772
3
8
9808
7
2
1898
3
2
49
9406
200
1046
4573
8103
2
9979
6319
254
340
619
6956
9058
588
6145
1851
2
3402
3518
1875
285
8682
126
220
2863
5
1
1
769
163
3382
60
587
4
7
45
9760
9024
1931
78
577
28
7998
9524
3
7066
746
97
1
7498
1
1942
2
9
2348
10
6043
6016
322
1
8542
7722
55
8999
79
9493
3899
13
649
2
1
161
4
2
6252
9480
4425
2
1
7695
3644
49
686
5779
3
1706
9
237
1
58
5578
4
36
3
292
7369
4345
2793
23
7564
55
23
2874
7744
3903
1
460
1
16
1100
1
5
7626
2784
5347
5
260
1
2
8
778
570
1986
1169
8
3210
664
3
51
12
4
35
3
1
3897
8744
7424
2364
6403
85
29
5
5163
1
7
7001
9
22
820
317
3
9402
7
3735
1
6333
2
2
25
1
4190
11
26
1972
41
652
51
1054
1456
146
4841
4877
1178
4857
973
8844
1092
9280
5
9
1
8709
5316
4
9
5640
1
6097
2365
1
1592
106
4460
4469
12
12
5
20
130
6846
6992
2615
1559
2456
3128
7
27
2561
3
5590
126
1495
7877
939
9618
293
9168
6725
3884
9625
9278
1
2569
4068
5
8090
3270
5904
7491
1
3
4308
444
9
3
1
2313
11
55
5481
481
9175
45
109
6819
1
9998
6341
2
55
11
13
3826
4528
25
6300
1143
1210
4864
21
306
399
8
3
86
249
5920
2785
8555
2292
445
875
6207
5081
2649
4040
6822
426
7393
9611
6
5120
750
9930
1483
2
1814
5973
5194
2415
2063
811
76
4170
6289
1
8
6
77
2
39
3474
5553
8721
86
1
7611
4
50
9794
1
1258
1745
281
4450
1493
168
5931
1
2
590
7743
12
8791
6680
6204
3936
8594
2277
5916
27
43
1
465
1
6186
9764
8
1324
1
5770
9422
4
17
3
6513
5
975
1554
1
5670
922
7286
11
1576
5
25
1
4
3373
3095
19
5062
2
618
7489
5643
4185
1
4978
4771
25
853
208
1
284
2573
14
1441
18
380
3513
2
765
10
6656
148
1810
163
28
2051
8033
8
4386
11
622
41
4
8698
19
7
32
7
22
1
2
4886
5983
9251
11
8660
6660
3081
6
426
5421
1296
10
1
4520
40
67
1
1
36
9927
7256
6640
1
180
2022
4922
2166
11
4
218
1361
1
5
50
1
7481
3083
18
1
7321
155
1575
8908
5556
1
54
3543
7602
4
5319
1
1
9
1006
6
8666
41
5
1139
41
2457
1780
918
62
4767
101
2600
33
2948
7040
1732
8709
5423
2
297
40
316
8920
4443
139
18
414
4
4
1
1
5
2738
1
130
3471
1192
5
487
7615
29
181
46
0
216
12
1
1248
219
1181
3413
2
8524
9476
2
8460
816
6289
652
1
1692
6505
3
5147
1
5896
12
1832
7724
9719
1
5616
50
13
5954
4632
7
298
75
5561
2
71
614
2822
6127
2
2983
1380
114
9890
4
6
1
888
176
1
5873
577
2
6982
150
5817
388
3637
9947
1122
472
6872
9189
35
8
680
7196
8406
156
1
1
1
8930
10
3
6
1178
77
8878
2913
1368
5983
5460
7717
1
9551
1365
808
7393
7
54
1
1
327
2
4813
11
4273
9042
7664
23
5853
92
11
2476
5041
9474
2274
1581
8780
120
7339
1
5003
7940
1990
2
1108
4018
8036
57
745
280
2
3923
22
10
181
1861
2631
122
6387
1289
1
2
219
689
7966
1029
165
39
8202
403
16
1931
8975
1
33
4440
4126
4299
2503
138
142
3
460
891
3
4817
555
7119
7461
1
2040
75
3550
6884
8969
8326
1944
346
2
1
4378
3377
7146
8646
6814
1
3221
4
1277
2015
12
4443
1920
3
736
5665
45
940
3986
1888
431
4396
77
2778
143
2338
5400
1077
2777
6986
1897
5
5
4311
4895
5795
2317
6
7365
2835
7390
63
6660
7348
721
3
1
7501
47
2054
3704
412
1
4
3448
91
833
14
424
5958
66
5928
5
263
3
16
619
2836
9439
59
1150
1
2502
45
1308
68
7601
3
263
689
1522
6
2060
233
113
3896
2
165
112
1
24
2
6753
9
2
1
528
60
2331
94
37
2
847
98
12
1
361
2785
3608
4
701
32
2183
4775
5367
845
495
1
32
1723
2981
7322
111
9630
20
1
573
4441
2699
1129
3837
1
1369
1
2033
7279
6546
1
1060
9727
5143
292
6
1
8848
108
289
9838
3864
6
8083
756
6156
137
71
1
19
1
2045
1412
2
7680
5983
13
474
100
33
604
5322
2367
4797
7771
148
1609
1
4131
1584
3566
1
618
3838
7
378
1149
507
306
9851
1505
5714
8417
20
12
9166
501
804
1
4
2599
1951
253
5763
262
4920
1220
95
9675
9459
9396
6
14
1
2635
3
1
5508
3948
685
6
160
2
5224
2052
7973
2255
6588
91
4635
1437
6275
2
14
5798
7208
1378
432
1959
2
1
3687
2122
5744
3048
4
45
137
150
1952
16
4455
3
5260
8
3
7485
1227
128
20
43
4556
8892
1558
3548
1827
10
715
7839
7784
148
121
4768
110
75
1
5948
255
14
6411
8049
594
994
8907
537
2
30
2
407
2757
1248
253
7121
8067
1
1092
1439
9710
4861
2081
4694
1560
2
50
11
3256
116
44
1
5069
5
9439
9238
1
1
3
34
23
52
8071
3719
23
4
168
2
130
7588
9597
4528
1451
171
4599
4264
4633
793
9334
3
1
85
5705
2149
48
131
294
4912
6408
147
4377
1
5897
22
338
244
386
1454
17
41
89
994
2
6965
2665
7
96
5146
1607
8
1830
7216
114
1356
687
9817
1220
1
1
1952
5163
138
5484
7952
4336
4360
2283
7555
4912
91
1050
73
1822
5374
8449
3
7379
6835
2057
2
1799
3
1
3245
2094
7195
1573
2891
4
4629
1
8
32
6532
151
63
6
17
5136
481
1
93
1
5181
1
6383
9895
183
3855
63
1
3555
49
2822
86
6217
6208
1803
4
35
2
17
9332
1
4100
63
4069
3
8324
3080
1
3403
3951
6234
255
71
5376
5607
4091
28
1
9452
1992
3624
9
2
1
456
2
7089
4
2
480
5804
1559
104
94
358
4982
144
982
6136
1
7816
96
4
1
2338
2942
2226
1526
1
8474
13
18
1
4431
9280
9305
1622
8256
6985
1
32
947
9674
70
9687
88
3592
8657
961
57
17
117
9741
1
17
5285
3233
504
31
3206
2893
9154
609
3824
481
6
7187
2067
4478
21
37
5
2552
3
7
178
2367
2
7
2529
2311
352
2
7261
4110
4
79
15
4932
576
3534
5611
2969
1012
730
583
811
2
5184
9250
2
159
8365
31
1
2560
2886
1
1447
26
16
6294
1
8457
2456
1
1071
15
7100
18
738
1
40
2439
144
8168
596
4
3456
125
3
41
954
19
5577
7646
1
1
2196
2
31
2
9145
3399
322
6
19
14
5
8875
1171
10
9095
3249
6391
7633
1
3
27
6849
2
1
21
4451
1
9264
4458
5978
2462
4
15
2937
4
2
6190
50
72
9985
6613
7684
7542
1046
4
2764
87
5282
1485
6
5
5435
1
5275
143
69
282
3739
2012
37
8054
344
4
1
3
1
1452
11
179
1771
2
4983
70
438
1
19
1600
7147
8
1745
5
6305
4710
2560
1803
1
9442
745
5
8511
742
6969
3
38
160
2
2
91
6787
3195
247
37
7
21
138
3117
7965
61
50
1029
5216
3
3556
7978
1
4193
16
197
2855
2
1
2936
6461
24
1373
6227
1967
7902
19
6580
5198
5279
8984
2
1
17
4085
7475
8
1419
19
9714
200
7617
5898
2656
5866
1
4
2
2506
10
2
9312
1018
8214
117
7716
4551
842
4338
9442
2
13
610
8239
8069
3
109
5188
3320
3
163
51
4672
9815
5910
20
1
1
1
126
16
9239
947
1
124
7
5
4256
90
694
29
7505
126
5738
1122
5153
21
89
63
1300
6098
802
3632
19
3574
2095
1109
1
31
4787
9
399
4269
1
4
77
30
9776
9596
93
1
14
1
3
129
48
26
5385
5489
4
18
2
1
9257
219
1286
24
3
1
12
1
3233
3875
2543
27
1078
8487
3
9784
4636
9
181
238
72
5164
7055
1217
4010
8
443
3337
38
337
49
2815
30
1
7369
1148
8375
8044
85
88
6053
2127
3244
29
7627
4960
40
24
9515
7173
3
648
3564
12
8614
114
20
1507
323
112
448
43
8383
2970
98
331
249
7
2178
778
11
3220
8
9807
6284
5
355
1
112
577
1
2
2004
5
661
145
5
3
1713
6
1
733
7118
499
16
1
7562
6041
2177
64
6
1873
128
5601
175
5583
7683
5322
5
2393
6500
1
3776
46
76
8087
32
798
2057
6
6
346
1427
2468
4576
3
1876
72
2785
1791
192
7626
540
526
6424
1499
2163
4288
6643
5296
7556
3
2592
3023
1
334
9378
181
1
9067
525
3763
1
361
6957
4
238
1
5787
9
2752
2154
3165
41
9698
58
7188
2
1
2380
510
177
1
839
1366
27
9046
140
1
3424
8309
375
7159
1146
4669
8673
9420
1716
3553
3
7540
2
5736
4
82
2728
7737
553
24
7
1
11
1
7810
7770
1099
4438
455
141
9160
3291
34
7729
6797
3
234
6442
10
3608
605
92
1
77
7251
3
8885
8312
1
1064
1
54
92
4
6125
5566
3
1
752
338
8993
4591
4964
6597
1972
8794
169
2598
283
8992
378
319
10
8081
24
4205
4272
3565
3
72
225
33
41
2
199
8525
1669
4172
3182
873
3294
46
56
6727
2384
3
905
4
9692
5
3
528
1102
9699
6537
2041
47
20
4
1
26
322
363
10
9020
1
85
15
9281
1905
4
4
1485
2
9803
10
9511
1843
3
3441
3891
6128
3513
64
5886
531
1939
1
1329
2389
63
5120
3
189
1
3
3650
3
3888
3754
1
1059
79
261
7947
4240
3679
6
2438
2921
469
8714
5130
1
6
719
7130
8
80
29
7252
9
3353
2
595
7087
6
8618
2686
10
190
3857
612
544
6811
2
1423
2
537
1
2
8600
14
13
57
7761
45
17
9846
12
1
832
4684
13
128
5640
2510
8274
183
8338
2373
8453
16
8224
9982
8
31
2919
2
4
1903
8784
4820
7864
1387
7405
8
164
25
646
2240
5
9
9791
45
4924
3862
232
1242
8
9898
2040
29
12
25
2502
343
1456
2900
5593
2
9
1
9590
27
22
3449
8295
71
7790
4
9
7344
684
32
9977
129
142
7011
4
92
1
32
8037
1
1
2333
434
1649
6463
2
9
1
1143
8076
198
1868
7255
9416
6029
3321
1
4
1
315
251
1
212
7
8624
111
3
4
56
37
752
1477
1
8
6857
1
1
2
7
1068
452
10
844
3
2909
7489
18
312
4779
2
2215
39
16
274
6
5175
727
5906
6044
1062
1
1
11
468
6115
135
1
734
1
8759
6128
200
2
5373
37
9120
2
9088
1165
1
1
535
22
10
40
123
1390
972
6226
12
6
6765
418
7948
2234
7
9178
8241
194
4507
875
9516
126
495
566
1836
2
2
7
7200
4946
714
1089
2298
1471
552
157
249
5
6
5561
2
5022
2
2176
1225
112
34
5
433
3
4845
1
5
90
7352
2
1012
1
77
3584
4315
320
1
3281
9369
6678
2085
1
7791
5644
6605
3
25
1
127
2
3375
8522
2315
6072
8149
3299
1
2422
7819
3135
9
1394
30
91
654
7
5
8
6
1
13
1
2
6583
2360
453
24
2
8833
3875
296
178
6327
13
4228
105
2
134
11
8916
6634
216
6668
12
4524
1
6058
7630
5149
75
7324
165
4197
7822
5
5461
227
426
2695
4712
4913
12
3821
738
8994
38
555
5910
9638
39
9047
1
26
1
2886
6908
7
2996
3217
6
761
58
8252
8
3993
2
38
1
1
8216
1196
609
2
516
1148
7331
1
317
1327
602
3
7876
1
4689
14
120
580
7178
3
8
1923
4
10
5961
8451
9808
427
272
5669
7
276
2211
10
3
321
7
2
8996
7572
7062
134
6
1814
7
419
1
8048
9205
216
175
1566
486
6204
18
7846
5232
2352
1
1256
81
3444
350
230
1257
1
3696
1
5629
1
4961
9468
6460
1815
5
1329
9765
5
4604
1
20
8618
4134
9904
2137
305
563
337
8881
4292
4030
9621
2
88
4140
6087
9800
9475
15
355
2770
9376
15
3206
151
7859
1793
2767
8112
773
250
8347
5
11
1200
5
7416
7
9726
6671
8
2
11
5500
5720
11
9023
20
149
241
3
392
36
182
9191
62
2320
4315
3359
1828
4330
17
2636
515
1
1832
9
2
763
1
5180
9522
413
183
3245
4296
8554
49
1
2645
400
6
338
1
1
1
42
820
117
941
6802
9670
7911
4
8041
896
6
1514
2152
3680
9167
2
1
774
3
491
52
16
4280
1
4
4
5941
926
1
1
3
5
7
3
9
746
165
738
1
26
8430
506
1002
844
6365
2032
2
7833
9646
1743
48
7856
14
7162
58
113
8
3472
358
382
1
8069
12
8040
463
764
6
2115
6
8092
1
6191
3876
6906
7899
1
533
4
3277
335
7527
12
3
4
1
4851
4118
7696
4
3703
1
8498
286
5086
7112
351
117
16
44
2
4
464
539
17
4505
21
5
1
76
1156
17
5934
349
1
1
7
1153
851
9586
2857
1099
2112
8928
1372
1
379
4283
3822
4576
251
8240
5776
5033
1261
1
212
2857
3386
8
1607
2021
2
1566
5
6570
1500
65
30
27
17
1171
3204
8442
9383
1
9383
73
65
32
81
91
9460
6481
5742
16
8688
5344
922
2995
8264
308
752
3051
5
6203
5153
7572
132
2096
6603
6040
1522
695
23
4578
4
2861
6768
3
3
2
1658
9966
7
304
1
131
1
1091
2
118
5
423
1266
35
7
4
3
6885
4202
8816
3
6158
2903
9
9
2
17
16
403
1238
14
297
9157
152
935
1
1565
4501
266
8
6740
1
1
4212
29
1781
191
4158
1
1563
2883
155
8
1260
1
2
351
7547
4347
2
72
1845
3
3320
5747
1
2455
1876
3
389
218
3926
9796
250
1736
6424
307
206
97
3
3081
8946
4526
49
4
5879
6685
8461
7930
7574
1
30
5593
14
172
5427
4
159
8910
289
8016
8
13
692
1
1
780
2489
378
95
5
215
6874
9
74
759
65
1680
1284
6672
1
956
1
4008
5180
12
1541
57
9835
2405
308
8
3
27
1932
2713
13
8713
1679
6
4038
1945
680
3
441
6118
7120
4
2730
1416
1210
1
31
3168
1
3
3032
76
1
3968
1
37
14
272
841
1
206
578
7490
20
1953
120
1
289
1436
22
4
1
2
7208
6
6701
168
25
2
1
2
1647
2
39
632
95
9902
6
790
10
1757
2
439
2
5652
1
31
34
4
646
1540
11
2010
9
230
13
3527
8310
4803
3
1278
2566
1
4208
9653
6604
8505
6025
6826
1517
6925
3
1
319
3231
4
21
484
3170
1544
8856
8826
3
65
5
6223
258
9682
22
2972
8
2017
8
27
3181
5
2055
12
7578
3080
422
4481
6831
25
2277
1993
1621
838
4143
1414
10
3
2711
2614
8766
8008
5476
17
3775
1131
1
544
8
3
7173
3467
1677
39
1838
8713
4038
3644
25
20
43
1
404
8240
85
1
1124
6882
2
2
3
336
3518
19
7981
135
1
6270
13
1444
150
1232
3693
305
6386
8047
5186
730
34
1
966
4201
9
5322
239
3913
6
6511
15
9362
2363
351
12
2
14
3970
1
9976
1
2401
1
8
2178
5
1
3
2
86
2108
123
8150
1406
99
432
5
5
212
16
5211
10
9942
6
1898
38
696
8504
4803
34
50
608
60
31
4
1524
5397
1
168
1
4299
972
2216
5169
2844
26
4698
111
1175
602
8054
9173
6381
3
154
9152
130
25
5805
43
29
1062
3
7909
6214
9265
3944
5046
4
3917
3172
8830
7
2
8747
67
5066
1
8290
442
866
9194
4868
2
3489
84
2617
6339
9306
1180
4987
2
450
6880
62
6
8308
621
2887
5148
99
51
7
305
7739
6207
6780
6
1
349
43
6106
14
12
1
41
276
3714
17
1508
2557
404
4
40
8
208
4650
1
1136
8
78
185
5326
604
445
42
7336
4
552
123
3765
6287
1
3539
9294
3
4
74
3658
4
8164
2620
5804
500
3
9352
185
1
4033
147
1
7249
133
3904
59
5564
3
74
5900
6780
27
2
13
5
537
6125
4717
377
88
465
1
9033
23
7424
782
4653
8821
9402
1686
7340
6570
1
6046
3231
1943
4
34
25
332
373
4087
6411
2262
3880
42
1597
7695
8670
3334
3013
7013
45
319
8598
68
6255
1
2
8177
4190
1
1830
4
9667
6917
4
1
4463
6
171
1
233
2969
3623
5744
515
36
3
2368
74
1160
9453
3
441
885
17
5
1
5343
1
592
8785
2589
113
1822
1
9653
5
183
1
8513
17
8250
3160
6868
19
7288
2897
1
2
3687
1
8500
4039
2
1021
20
3741
8851
9995
1244
6039
7069
5
217
7611
3869
1720
2204
2
4875
8
2352
5310
5692
11
83
183
1808
4
74
6293
68
3016
109
2098
1814
400
1997
1794
5732
6981
184
6
2732
1788
3
4
1
4364
6315
1378
214
30
8133
7794
2347
33
1
4042
2087
8522
1762
1539
93
11
5071
1545
1348
7
6708
6
2898
4
1
7650
101
15
1
8689
3950
61
62
52
32
33
46
3149
8228
46
7436
7104
6223
2
1
966
5520
4
3831
1
2301
2471
1964
438
19
569
1884
31
1
5776
9646
11
92
396
5827
11
1
47
910
1
1
1
1
4
7947
311
10
26
5374
6031
1
4
2037
8024
20
4
1913
6084
2997
8294
3664
42
960
3690
7842
3356
686
1
150
850
8109
1
1
3144
5355
30
470
19
5
7030
1598
8400
6030
822
8
7909
79
7
7611
14
25
1461
750
588
2011
65
7426
10
3449
1
4
3
3500
172
6207
1366
5564
12
440
270
3521
8
25
8900
4365
1
158
62
7105
9111
1889
1
23
1
6831
9810
4
5797
50
51
4247
9845
1
5775
4
10
8542
1
1958
6398
3
520
1
1
1
8721
8954
4640
9566
14
6505
125
9914
70
5848
8772
281
2
48
1760
253
7140
1407
18
3245
19
279
6427
2
185
9811
13
6532
1
2
404
13
5125
211
71
4831
1257
4033
4
11
1
2
8192
3743
3
614
1
1006
8432
152
3
8017
12
21
4
25
3809
6184
1450
517
8374
7
157
47
1430
9
2
4
4943
1
3962
7085
2
893
1
7365
379
1
7339
2615
1
330
9213
3
5
3
7492
6825
4293
9466
7117
5578
990
1
6688
1029
6924
7591
1293
65
4286
5265
14
248
1
8992
3854
11
4664
35
9092
16
5898
8095
5743
9144
5956
388
1
287
1462
1440
1
27
1
3
5350
2
875
345
126
5247
1614
31
2852
2
7071
179
202
1
2950
1
6428
2553
668
1384
1
285
3753
1
1
2000
1643
9411
2
1098
4372
2
25
5
57
6405
2544
7168
1906
6704
6366
2461
4820
1
6358
3
62
9103
2453
8404
1
29
50
4
34
4099
9743
7983
11
11
24
188
7929
2073
4526
2779
4
3
609
1
64
3427
1
9399
908
12
1883
1
2611
4896
2037
2
4987
1666
2183
5616
2154
9147
1
1
3
8464
3185
4271
4408
609
3631
7
2579
1245
1
3
6
7585
1
434
3730
3243
2
17
5642
237
2
9481
255
6438
383
32
940
3
248
6238
3074
10
2392
1664
1164
2
698
419
8
100
3
4294
1
2
1198
106
6472
2232
4
6711
3
36
8219
4070
53
1251
36
1
122
2431
105
1878
80
4766
7868
2
13
1886
336
9419
14
977
1
8688
1134
1
8572
47
1
569
4620
4483
1587
4
1
1883
5344
2213
738
4469
178
3914
6905
8569
2
7606
2348
969
4465
6869
8467
6814
4
2858
8864
6286
5143
1
4809
24
8
1
5302
3920
3423
9441
4410
1
409
7
10
9730
69
107
2
3
134
2737
2835
358
191
3
4487
3
661
184
1
72
1339
29
5
1
8544
1
4
199
2
410
19
12
8
12
5269
2
2
1566
180
1
3040
680
1305
455
1597
1920
1
192
7371
3
7005
4759
3081
13
11
2758
3187
1480
4001
8879
18
233
16
6
7
4
2
69
4130
8859
8851
6188
1149
2826
22
1738
2
6492
4827
10
5637
2775
2
15
730
699
21
108
24
63
1
16
6606
6804
28
19
141
6225
1119
2604
11
28
3107
9258
2
2956
4026
2033
530
8653
1
7119
464
4077
1
6
2864
5161
25
3
1
8691
1
51
2
6341
6
3200
6282
1
40
7535
3592
10
2373
12
135
7113
5196
2
2
104
1295
1
7
65
20
185
1
788
182
187
2637
2
1
9043
9617
6178
233
216
4295
68
9
3620
56
1
1368
3370
2
89
2
286
6175
669
384
4512
2263
8391
3
9604
7204
119
1
107
3
224
6524
1
5422
3
3
3110
9190
1
3745
32
585
574
8335
6737
4720
1212
9624
47
2
1
6
40
77
1
9488
4433
119
4
6865
93
4733
36
8
6405
2
1
2544
11
157
6343
464
1059
167
2
429
2
1960
4959
6416
23
4880
3458
2
2
5
15
1
2
7
18
1
2
31
7651
75
2
4779
6129
3635
572
2
749
9
1146
89
3674
7739
5864
4116
880
8705
355
1747
9998
7
9600
10
199
97
73
109
1
2349
46
3693
7277
3745
1
27
7366
3688
5684
113
928
597
1767
7614
57
1
2427
143
1
4239
391
2567
2
164
9244
6829
263
11
3232
9616
3
8544
202
35
6122
338
6822
42
1126
1
3225
8
1
1
7410
369
3772
4
4408
486
1506
8511
8695
4796
17
1
8205
9
9473
63
1942
3409
1520
7781
1238
1996
3318
1455
7278
1338
126
1
9
1
268
12
7966
2328
1
2
35
916
8596
83
7571
6539
3
1821
1
5696
6
3
5797
1418
26
6634
6592
1817
3599
3
22
6535
2
4612
4675
6515
96
2052
1
3593
2022
7437
1
2350
1346
2
793
1840
7
285
19
189
1420
7514
2317
4
1
982
1
12
2
981
9431
5264
540
5722
2521
1
29
16
137
8
77
4034
47
626
702
986
1
718
2716
723
9625
9238
2283
9462
1
2
5505
5264
123
170
21
447
6
3917
32
63
5861
6148
8278
5195
6645
65
865
946
6079
1
6388
20
31
1
7641
8857
7294
5524
37
2
236
181
5
9631
3
238
18
38
588
183
1035
7215
2
5751
2005
174
2
4750
76
6
25
6359
1
6035
4427
1631
45
2237
3088
5
8
1
31
203
5
9
7192
15
4033
91
185
1
8
209
1
2285
2787
2
213
2389
2
43
2
19
2313
5
41
345
8468
10
6315
4462
9080
7
105
30
7
2
4
20
1
44
12
2566
177
4599
515
43
7492
1
47
8
75
20
71
789
2
11
34
1
3
3779
11
7263
3736
20
7
307
6710
2123
8
160
2426
2
5334
7492
11
4997
1274
122
80
5
9
379
9326
1
69
11
9163
3
1217
3555
1
5437
9587
2736
50
110
3
3
584
5
89
1347
8545
13
18
2
9
7
7221
2220
2487
3032
1
713
852
182
8834
8269
5
1518
1046
5014
6167
203
116
36
8453
1
77
5458
107
2356
7852
1972
27
1785
3140
2
7065
7
2
1616
4
1
8710
9980
8
2
9215
1
1310
227
2177
2197
20
15
6
2
44
1992
18
11
85
3341
4
8906
138
3099
5
2046
1230
5
37
1445
802
6
65
3
18
18
8369
1814
1209
7
5272
51
2749
5711
1367
1
20
9326
15
1
1976
1024
19
768
3566
3720
8465
8479
374
7616
5
5
1
945
1
2606
3893
7370
8205
1
167
31
5593
50
3012
1
64
1472
4864
9599
15
1256
5548
428
16
26
1
70
1
64
8
157
2215
8
566
6886
4
23
4584
8317
1
38
1305
4031
4
733
5782
1179
3
55
15
3916
1034
1
53
4482
7840
9875
30
115
16
6731
949
2
11
9626
907
408
222
4
9602
129
963
15
51
9
8426
3241
4
64
7776
8326
9565
3
107
5
78
2
1
2065
6340
1321
1766
1583
3
90
138
8519
306
1
2
34
3
2558
8281
7311
1
9
7234
6
4323
6932
7726
2
32
59
7456
950
7339
39
457
2810
7214
1319
3011
9237
5
9727
4049
1748
1385
7116
6117
2
1
812
59
1
2883
3
4277
1
5316
1518
606
76
91
2399
128
103
15
1
554
703
1833
5329
2803
4829
677
59
2949
7526
6028
5
6
6781
341
1
218
8906
3194
75
468
6533
3693
1
9400
721
7602
328
6
3409
1
2170
9
2
2
4
1
2
9738
1
516
18
218
5170
6712
13
2
226
11
9614
8027
3992
3637
93
1679
1
1
2
248
5012
9319
80
4988
1
5636
1
765
403
10
3
4478
394
10
5766
8
8284
1
3491
5881
2
2163
1823
50
7100
604
4025
2
32
63
61
47
7
341
3471
29
8
7154
743
5105
5189
1
629
2
191
2
9029
1
690
600
962
10
261
584
6696
128
22
2
152
3478
9253
163
5922
8876
1063
4427
4990
7608
5981
5
5769
2
601
6912
5
779
38
560
63
26
1
5
7488
4688
218
5
31
1
6083
17
2472
1666
747
49
381
2061
7563
1428
12
235
9
891
7931
9456
5289
4101
17
338
3349
819
8235
8996
32
2
51
327
2
3423
2138
3498
2
50
3622
9996
1424
9853
433
7023
214
2
190
68
1741
307
6
11
1
158
29
276
268
35
18
9451
1356
1
2
41
37
1
60
13
6465
8487
42
3
2
1231
1
286
3
9
3409
9542
1075
1199
2585
8620
90
1
38
2738
4782
7102
818
13
4918
6103
1872
3
12
8749
6905
5686
1967
9746
22
19
4687
3311
2
57
6
112
31
2500
4646
1
1355
6011
8912
5
1012
18
3
6747
137
9
3516
3035
5282
15
3492
1118
3281
2669
12
741
294
7806
9563
1
9071
24
6889
11
5531
1
5581
1138
51
5
1535
2156
1748
7774
1
3979
2
18
9241
6906
23
9894
6
7406
2895
651
24
3688
1
1
304
248
5132
5547
6077
150
4709
1
1
585
2064
1
3
4261
6231
2936
2569
1757
2
3811
6
4256
1594
7805
1313
78
1569
37
502
83
7581
288
2
7376
2533
666
266
5292
8161
104
7703
266
874
2
18
3178
2596
3
3616
330
1076
9838
4
9
9564
51
30
532
47
9859
4205
216
1
1432
1237
358
2062
13
2
5
1
5
847
3
563
3
1
3089
5
9
64
5538
6315
5418
6822
163
1811
7524
3387
340
246
9029
1368
2465
3582
964
985
1
2710
3
96
3173
6010
3
1728
516
1
1
85
106
4139
4968
1
596
1
3
3442
1
30
37
7023
4989
490
4
306
5992
3748
454
204
48
25
202
61
2534
1
9414
1364
2867
1
24
26
11
25
3691
160
1
3118
1
5532
8375
53
81
521
562
2
1
137
6
5803
7600
114
10
45
6248
42
16
4202
1008
7255
6898
4
6
1203
7167
2217
106
4344
7601
2389
4395
198
249
102
19
6338
8
100
531
294
8942
1
8356
2
3
824
7410
1
2
5033
4
64
1
597
8702
284
6773
1
3443
4379
798
9512
9128
23
653
2
1
42
4183
31
483
1547
2108
2
14
4
3875
175
3
49
209
3
4
1551
13
6837
2257
4409
1025
10
4720
5
8945
4
1
4
26
593
5153
10
7017
436
1
8888
95
38
2
3
1
5068
9059
7255
6146
7127
4494
143
3
1479
15
14
2
2265
125
6
5403
1
2243
2
207
8448
4271
9168
13
320
3709
2322
7263
3035
3234
8774
8485
5751
35
1
85
5666
1829
464
3
3
2513
4
88
9060
3395
465
8834
410
2614
24
7380
351
7486
160
3220
29
4
6926
43
4431
9005
4250
105
5749
4
7313
9717
3394
3
9198
3
1452
66
366
5252
1437
8526
2848
15
1135
14
5950
3856
684
2475
4362
14
3026
3
5
4766
6093
1
708
4114
159
8991
1
6932
130
20
8770
2
1
3
9472
8912
82
1849
3963
360
3
1
2
3173
4
11
2576
770
2066
6201
8443
8363
2
6507
3485
146
3
1
3141
6
217
2
1
1285
9842
2
61
4027
67
125
1
2155
55
2
1
7319
4837
5
1
1
940
3669
2182
3
4
7502
6825
2
737
9772
195
8203
4505
15
203
435
4156
1
1
3394
54
1
7
2219
9064
25
5152
25
3
4340
45
2805
3
86
9594
9104
6504
1293
8373
5907
7088
5921
2808
3155
30
2
5322
714
520
3527
4717
2
3
4223
2652
7393
1433
85
32
36
1
2785
79
4275
5402
109
1847
1307
6319
2
1
8073
4055
1803
108
1688
3157
7664
713
511
123
5918
6191
1
9715
1683
76
18
63
2099
5457
8054
4
1
5584
29
3116
3
1
1725
9
341
2
6414
3
13
5522
7435
1
2699
3
1
1
1
1816
5933
6979
1
48
3
9424
2
310
1
113
33
1
1
52
3108
3
3593
22
1289
3
39
51
19
9752
40
27
2221
1484
188
28
15
51
4423
1107
1
1687
24
7289
15
113
4190
49
6457
8
3631
8193
9251
9188
607
1
2
70
32
238
391
532
2
1384
141
7358
6977
14
6451
1271
1590
9090
3
3100
1
472
5310
338
8038
8
3
6
570
1109
4808
6
403
5287
66
153
1
4946
2659
279
5672
1024
4664
9864
1316
603
5139
36
289
126
4
6647
9
12
1406
8277
1
20
5073
8642
2
3288
9129
3339
73
2130
7
9072
6063
2
9474
2780
88
7646
4
3
2013
7130
1
6949
39
1659
2474
9423
1736
5406
2999
505
6766
275
45
2184
1
6
9270
4717
902
9
2757
703
8004
11
3039
125
6026
9940
5248
8635
8
10
3946
913
9143
37
5
80
6055
1
9446
8274
10
2622
4506
1179
4272
153
5583
1
1
42
2
129
7
311
2
10
5
14
2
191
6081
1
8845
2
6245
995
466
1454
13
6658
2420
1091
8483
1279
2764
1
6883
2002
1
2
26
385
9827
84
2
3006
5599
8042
5239
1473
3309
5744
99
3
2174
1
6358
697
194
1670
4095
4
6240
20
6578
3
50
1
7112
10
1
1140
587
8750
28
10
4809
6010
2357
4
41
3581
4
166
693
9340
8838
9143
1559
2
1
325
1
1
13
2
38
2838
3
7455
7858
4690
95
8047
6252
6
13
1984
45
3200
1
4737
6304
1
5256
10
1586
177
1
2496
3
2157
62
190
8609
140
5
9611
2
808
97
6
3563
1458
2
107
91
3220
7
97
6207
4976
3
3873
984
7583
1565
6
5593
6248
1
635
22
6585
1
1
15
3
8831
54
4177
69
11
4
1
66
1458
7247
1
2186
9629
7446
518
15
1
3648
888
2918
283
59
7
841
6457
6
3
8
9633
73
861
1885
2307
102
67
5
9341
1
4113
1
9525
7
6932
2
2343
1
725
2
624
5039
32
8978
2
21
769
9423
3606
353
9703
1509
1
673
4315
6179
1064
2
1
3783
216
4
5
5442
949
328
274
7677
5056
107
152
8972
33
1258
13
36
1
8895
16
5296
4524
20
4
9306
5100
103
308
4597
163
2
2553
9390
3872
4218
5451
7476
9198
3608
6
1
4412
4
3552
1
2631
6289
1963
78
5
172
7730
4508
6
3718
25
855
514
2
801
3104
2
3776
1851
310
6030
3562
287
567
2232
1570
4
2
9756
446
1
8328
28
3107
540
1
1
7729
5406
9
843
9
2838
232
2116
1
3
2
3150
6
4210
2
2062
299
615
8630
3817
268
2789
5315
3367
1
15
1429
7435
3168
1499
6
323
6409
7791
1
3414
7371
9060
165
2345
466
1587
11
9466
239
3340
4
10
2504
20
1
4430
868
927
6894
1549
3929
1
921
101
3866
3
137
5498
60
8709
85
7485
1225
14
3
9542
1
119
738
1
20
4411
6
9741
89
245
7134
1
2107
106
357
7432
1
1872
3
7301
1229
171
3
7775
7059
5
5
1546
89
5233
1746
7
63
3
828
36
6
9
19
2
9975
9104
8
11
180
1
3
226
1
5
42
2288
9131
55
298
3820
124
5
1
8307
2610
3
129
4653
6417
4
19
8648
944
3
254
89
7223
6910
1
5
1696
9023
7786
52
186
4203
8552
1728
5
1
4
7
1
9
29
4
1635
2
5
1
2
18
7
53
5037
116
3
8926
681
1
3
2777
6382
9856
6235
1181
8
1
1
3807
4160
56
7944
270
3231
5
13
1
20
12
4
28
319
3
106
156
387
9089
79
163
7608
51
7211
3
1695
23
26
1
3
36
664
38
2396
9043
7990
417
9637
1
49
6747
53
265
4361
82
28
34
1
826
1589
180
8131
9632
8552
8075
6020
92
1
4
1191
8538
56
1355
2506
77
11
5997
1
7427
142
228
2400
6
1
7
7894
8354
12
6773
51
2
493
4919
1040
36
4418
2774
669
531
5514
554
13
15
4275
1
3377
1429
3
5101
1
2
548
230
603
1937
5
510
24
6883
9598
5146
2330
1795
36
5199
9207
6277
2459
195
3111
5
1
7106
60
7797
3404
1
8108
2714
5267
6736
9439
6
2908
1
5943
73
14
3
1774
1504
115
1
1903
2
1457
121
1
41
1383
1
940
1
1786
29
3
3
6
4653
3392
14
1
7062
30
3052
224
29
42
4
4757
2
172
1575
2
88
220
22
7557
120
8737
7453
1733
131
7
4214
3364
9333
6
5747
1300
1
6
1
7149
2607
1
6
8776
839
8338
26
740
9
2
2148
51
5
1231
2137
172
251
139
7
9159
10
1945
3
9
282
2760
4603
92
1
11
4
1721
5340
60
3
5290
3259
4
3600
10
45
1
50
5243
8701
625
3242
2025
3971
5450
5
8586
9
68
1
65
3874
2538
4095
232
87
471
6047
323
9161
157
1042
7400
11
576
1
2
1
8
1753
9736
63
6975
5238
44
7775
898
3
2
8
2
12
2228
81
895
5557
26
1
7428
6078
9346
168
2622
6002
6741
4063
1
3325
1225
847
3040
6039
2775
1569
32
999
2956
2986
1958
1
10
1
260
594
5871
2375
24
14
189
18
1
1
18
361
518
63
184
322
22
8309
13
6207
6259
1
7
776
9904
7763
6
7754
11
3
3827
1
5
9081
2385
18
73
16
1963
3
9605
1
3596
2
248
5370
3290
8466
139
1
3
1168
6
3862
16
9450
4945
2
9569
2
692
1307
25
53
7432
394
126
7208
9847
4773
189
1
557
6095
2131
28
3
795
7131
5441
1599
2423
5224
1781
105
568
67
3238
8
1
12
1889
9
14
2045
2024
20
4515
1
13
3
17
2
920
1
3819
4912
10
2
6
5
32
2352
3765
514
18
2883
1669
1986
71
9012
1585
1
1
4
8083
6048
6456
36
224
10
1
3095
4323
232
9331
9356
88
353
6230
2927
266
3
9
2205
32
322
833
392
5089
9357
11
19
2463
2215
4588
1
4
328
989
23
1817
3
1430
4818
27
938
26
540
4125
23
8066
1713
1434
612
326
721
17
1
7775
6885
5
7590
45
1048
3
1046
7248
4061
47
342
3804
4066
31
5424
2
9382
5212
1017
328
4644
79
2649
5726
16
3
3727
763
2769
1
12
434
6
34
4413
407
2
7199
1
12
5154
4
5614
12
86
1252
57
5562
2
4014
14
1515
6452
8449
1
5706
6
394
9387
2102
2
3841
83
133
3178
78
559
78
200
1
7
6256
1800
1
1131
6839
2624
7930
2409
1
4863
2
1701
3
815
26
1
1
565
1145
1
3549
2198
3345
8669
8969
5083
5729
383
10
3760
61
6761
10
1967
3
9270
993
1
7610
4
9929
7
1
836
135
1
8
1116
210
5958
7
51
8944
8246
3889
9480
39
5534
1166
27
9886
3016
22
9427
1895
85
18
6032
3233
106
1
676
2
4768
10
1220
1467
406
5162
10
108
2592
282
3426
256
2374
41
953
2019
5482
8526
5566
971
3
1
18
2930
3
4194
9985
4996
43
33
1
6021
3
611
5643
23
23
68
5722
3
1
1529
3233
86
5
206
74
26
1493
6356
4812
2814
1
6372
9923
6095
3226
2
3
12
7
383
6358
48
1653
2
2
5704
1
7699
1
32
4054
2
535
1309
8404
1
2714
7760
8954
15
2
659
12
25
1776
6965
154
3584
5529
3933
1
2162
6
3850
7356
1
915
1030
7
4517
3
835
3686
3
3189
348
8895
6
4505
7
1056
63
37
7
1390
2
7237
10
5512
2226
5
7409
11
6326
2609
1272
1
6144
852
14
12
1465
5031
3482
2
9799
102
6684
2
18
7152
4163
4503
68
4448
2095
3448
1159
21
37
2172
1
2876
1
3
2223
3666
30
1820
11
4929
145
2
1858
3353
2264
40
193
2190
3
2
4840
533
1
8
5529
4015
6028
2225
25
4973
215
8160
64
8317
37
1200
34
1884
77
4131
2565
4972
363
1
8227
1
2636
3052
1
533
162
3
3337
6570
3
1
4764
4
5541
96
3859
287
4540
11
11
1
1
23
2
6
8080
8582
560
7979
3572
17
198
6039
10
41
85
3282
8621
8447
1406
4
8856
6427
5919
3881
1
2606
1
3991
5126
159
1843
53
23
1361
679
228
3
56
721
278
31
3721
376
23
38
3719
3892
7734
68
7778
2
12
7
302
7206
141
3228
4
138
1
150
15
8519
2
2220
132
6446
2
4860
4
6065
1
40
43
54
2567
5
398
29
396
227
3
392
863
1
4916
1846
528
3
8
5487
2068
5901
1249
48
5399
62
87
6876
1
1449
7424
122
517
1079
68
8663
1
27
9396
23
6
2167
4
23
10
24
3647
2714
1723
9331
29
197
42
624
1
2412
2975
20
9122
847
335
634
964
7451
2
2172
3354
8241
10
7625
1166
3491
510
355
4
2405
90
5
8300
1570
7221
9711
2482
3635
1
4
1584
2040
1153
3
927
308
7853
2820
204
1905
2
4
1060
5006
38
1862
427
44
7297
1997
8550
6897
6423
1
5
2892
6425
3
4545
9086
5275
1
22
355
85
2
6127
16
8658
8388
3
7
4391
8284
36
330
3
36
8480
2
11
1
6695
5267
9956
8947
1
145
472
324
69
9188
51
6292
16
5
146
721
16
7
1041
7391
5
345
1451
1
7636
2753
1
231
8498
9631
118
106
8
5
6287
10
11
195
1
432
4557
80
3
230
5
3596
3473
1680
1
19
16
14
5
89
9106
9136
3
9
2702
9909
13
2059
402
4366
175
3909
1
352
22
2695
4593
11
1
7936
34
2161
4
6
1692
6656
609
6954
6252
514
7490
2294
9191
6224
2
1
15
6919
271
2
3154
9
3
2
1787
184
38
381
1309
6132
2
8
145
4524
457
4
149
8
6823
5
3854
1
2368
8160
2117
4
3
2451
1
324
25
45
6487
78
2
9168
338
4007
7253
1049
1890
18
2852
2141
4473
840
17
5383
4030
1
5937
5370
2466
1473
6
5845
7
2
32
13
25
9
9229
410
15
1
3
1
5747
187
46
3737
4358
2401
4
5
1
4830
9401
5114
1
2
77
1804
1614
9129
74
9295
1
9
9246
184
3
12
1
6
1
63
20
1529
7980
31
6890
2
248
70
3
1873
2
5450
85
3
34
419
1140
1
4945
12
6542
1
2907
4363
5943
252
635
7876
2887
820
14
1
5376
6172
4
1663
145
3
3124
30
1
4
8710
7495
136
3
8665
1327
4680
7055
4033
17
3987
829
2854
15
136
1
4
9379
4
1
297
12
15
1662
2254
7
3404
1742
191
179
5
4457
299
1194
9424
1753
6144
196
2930
7390
7746
6155
8223
2414
847
41
6126
1435
9
1027
42
3411
2064
94
2249
1467
133
29
6287
11
31
35
1797
9778
5358
865
8423
10
6067
1943
631
411
946
5708
24
1
6474
4508
6888
267
1862
5
5936
1081
3646
9682
12
1422
92
4
8
8423
15
3
175
17
1
7680
4
1
2303
68
5435
29
6847
3113
7511
483
4443
29
44
232
1
2747
2655
7105
4480
31
2257
789
3689
27
1
462
1030
9911
8367
1165
1
11
18
7
2180
5715
120
1340
25
8082
1
5686
1507
1
1632
7973
2313
9393
3
212
305
1399
640
29
6954
2
3
616
4733
5289
15
9627
7
3470
7677
160
1
2866
880
1
251
1057
19
7420
82
3424
1
2082
4
5810
4751
9830
6903
545
7
1
33
3439
6691
148
12
95
8300
1
709
174
50
20
833
190
5
18
17
9635
34
1
152
6
552
8
2051
9
587
10
1
3
2829
1
14
6311
7821
1
11
2
366
56
4
9558
5
42
6617
1111
6
12
1874
1405
647
3
2975
1926
1
558
1971
8
96
513
1
1203
7475
9376
1
3
52
4928
14
8
183
8586
7480
5
9430
1272
2
244
147
86
165
2724
1
11
7179
539
12
38
537
1149
1634
9051
20
619
536
8274
43
6
7
1242
8478
646
42
992
2
8
2972
6719
176
4983
2829
51
1
4976
1
6
6256
2325
1
1484
3985
4906
32
1
261
1
4633
6022
87
6707
131
15
9430
3304
1
1040
4070
3434
16
41
9512
83
3
787
88
5212
4639
118
828
19
1
5808
1254
9448
942
7
84
1664
287
5944
25
478
239
14
6961
4
4
8751
13
2
500
3
369
8636
6178
1183
5
8113
300
60
51
147
20
60
5
5175
272
3700
6
47
957
3
2
2985
28
115
46
2
4
2
1
1169
8727
6115
6653
928
1934
5812
1
18
2559
660
9237
8420
384
60
2513
6
3
1886
5163
42
44
2
5807
1
3652
8
1
8061
11
306
342
16
3
4
21
8967
35
9880
2
19
3837
27
60
57
7976
1
9914
2
9970
4385
1698
1366
1289
76
4379
6360
8069
1198
142
2888
808
12
2444
1
610
3909
439
1
2
6408
20
3509
6713
56
2618
432
117
5634
19
5032
104
1
686
1
6127
1
3623
3
2477
9
1
2
4988
79
7379
8
132
7398
2794
273
5267
2078
6644
4
260
61
3
2
9972
3
869
2286
849
2322
9584
4504
21
4
1
2596
798
702
5089
8939
145
3
380
1963
178
2965
14
3
46
2
1
10
30
8342
2484
4133
3412
4160
9992
9300
4287
72
9309
3685
1
4250
8
1
8449
979
15
2
6659
36
3
535
6975
18
9
40
2
3644
3444
7310
3973
2267
6531
3
7
8994
30
9368
6991
28
5578
7
8668
7
7765
1
5
3769
4457
103
3633
4318
6
6
2401
7
1
1
5518
1579
5845
1
30
2
1
1
7927
2
73
3631
57
2720
1
95
2039
4
5602
241
4482
2
862
9473
8
373
3522
4066
84
179
8
65
404
1619
1827
1637
7314
249
35
6407
8884
77
8150
2
682
62
3519
3693
3
1050
8
7399
807
96
6
893
19
28
4353
1
49
1
8978
9086
7527
2
2832
7381
1
2915
9429
659
39
1592
8905
5746
6287
4693
211
1004
6910
2904
11
2431
4280
7670
64
1007
9837
1
9296
134
9621
112
28
4
814
7290
391
7834
19
3492
9997
1
3553
143
1
442
2881
271
8
9052
8067
2
1141
32
6444
2
1
3
9744
2975
1
50
3
3043
6432
32
4
62
100
1
317
5400
4778
269
13
6797
1890
2702
1935
1
8797
1
15
39
1
4
298
2970
123
8305
9605
615
5582
720
121
121
1003
4089
1665
3744
69
24
24
5871
8280
8
252
3389
5815
1
73
9177
34
7223
2608
8
14
3
44
3
1
5976
9
1
13
42
2412
3
425
8931
7468
8064
5
8
1
3
3487
1
1670
4345
3448
5902
6
107
2
327
2
3
5795
4515
2719
7158
2
143
6581
1603
2384
4888
8
1
1
9554
1
2276
750
2
2221
3413
16
1
7
7410
88
935
3226
4219
6277
6794
50
944
1330
827
6161
2
4
1102
1
52
1
180
300
7834
6386
2176
2674
36
272
898
1
1438
8166
4643
135
413
1
3927
295
859
10
1
3004
2049
4
3031
62
6096
8114
3
43
7568
3
7
2385
3405
82
6
4487
13
1885
75
2835
158
11
8139
4467
2541
6386
4
556
4
8
17
1565
58
1368
44
19
42
4
4325
324
8962
1984
2405
9071
77
15
69
2020
1
974
4
5798
7604
78
1
1
5545
1
6764
1398
4282
3552
294
74
5888
1
115
15
49
28
3
322
161
3172
216
1915
94
525
3180
3676
1
170
30
6755
5474
9
1235
584
66
3
193
114
7347
1
2
26
6209
5086
8420
43
4595
5
2
8
1767
4685
7
6349
1270
52
2895
109
7
734
8
2127
8
4202
3567
1
3213
7998
77
3
3313
1
8039
2
39
1917
247
2
8
1
46
8091
9688
191
5622
35
93
9965
1
1
7160
1
364
3057
405
1
2727
3829
2842
1
12
362
35
4496
1949
592
76
9993
27
2
118
1763
4029
12
7136
1142
303
785
2854
633
82
3026
6
1
985
2153
14
3
8
5327
5595
6848
19
1
6771
1
2
240
1857
9417
1
9829
4719
3152
68
935
5
27
1
1
2073
2
8228
3702
2
1
2426
14
3118
10
38
4936
13
6
1
1
1937
4318
4178
12
7356
48
1
801
3872
1
9717
80
36
2
83
9440
22
2
5
8797
168
57
2743
5
55
7140
2
5269
7225
5
1952
8332
286
9993
2
2
6879
25
367
7629
8689
2
351
51
1668
49
6654
3659
7535
3100
4
1655
42
5984
135
782
73
24
67
1
750
1
3
2
8278
6
1
1
1
3
2151
939
834
5481
4751
8195
1094
35
2208
205
3319
4
826
13
27
2918
2912
98
132
2
46
8795
2666
8
96
4
770
18
1
1
4589
7744
1
9
4660
5237
7861
9
6521
6
4290
9502
9006
7477
802
132
112
4
7510
1
1252
5134
5497
2201
9185
2031
144
1037
1
2486
2
8565
6453
3684
1
1
5583
4
483
197
3
526
2986
552
3
3789
17
1
977
1
3
2
1
6755
69
89
7748
15
81
1
274
7064
5733
4938
98
30
33
140
1
138
3441
9622
4
9249
1
9263
12
64
7
2
9004
7428
9035
1392
1
3562
8192
1
2
2282
2
7
7072
8
2780
10
12
410
196
22
1
1
7
3
5
3129
1
544
1
1700
2
59
14
2098
1212
1759
13
1
18
3
6
38
823
1646
2064
4194
1
7631
6252
9982
9017
1846
7402
4840
5
48
3106
12
9118
11
2533
9619
8825
26
18
8973
1
320
8371
9
2956
562
4
2
7351
1895
3438
7150
44
5923
19
1
2
8429
1810
40
9536
393
1
3502
62
8832
6032
10
2
6282
8603
20
17
3028
116
4293
1725
1
1
8152
31
3431
9020
1337
27
1
2
8687
1
1
487
4
88
3
3
47
6009
526
64
22
46
118
386
4384
5316
2318
9847
3
3457
11
5366
698
188
1
7
3102
68
54
51
33
1449
1993
2
8384
1
788
8107
1
7717
1561
1
4203
1
3588
11
1
51
7
1
7600
150
3443
73
1
1444
3873
44
6
201
2079
8887
264
89
3086
717
117
4525
136
18
416
4
3231
1661
1252
2000
1
1995
768
1
5051
9731
2766
2
6
1
32
3
205
1
4
36
835
4
2468
430
1
5
2
617
5401
2774
1
5
6988
2221
3454
1297
2094
321
8349
4630
2668
812
2324
3
25
9610
19
31
11
1122
712
4032
177
22
5
5091
2243
4657
2610
252
2299
83
6275
416
3331
6160
75
1093
43
1694
91
1584
9144
3
4
14
1
900
4251
76
1
3
46
1
7795
365
1838
122
2
6285
8884
3
73
2
2
316
9922
6087
3
87
8436
71
2653
149
2
2
1
1153
4079
1033
1
7851
7191
1009
10
7842
1
28
1537
330
2383
2386
5031
315
3284
1
1069
1408
1242
782
2743
137
10
1829
3
39
353
12
5390
5
4
3516
3955
6662
31
7447
11
13
42
1
2281
8882
301
11
147
6
9835
644
23
38
84
605
1606
8199
543
4
81
239
2436
5846
28
7180
2
121
12
5
8749
2
4
6692
1655
1
6
2
3076
9479
1037
7741
9
1669
6491
6908
8646
2
363
1573
3952
15
32
9922
7131
2224
1579
40
4093
2
2470
94
778
26
8265
354
1097
1347
1039
9402
6128
9887
2488
1
22
3101
581
3385
391
2
265
3526
6930
3396
4416
3184
11
1236
4167
7323
1751
354
4691
2
8996
8010
139
4
2079
1
9188
1
9904
1623
23
6328
5535
1
95
31
1877
28
42
8
6883
2650
1
4202
10
2717
14
1505
231
7715
56
2240
1740
3920
9911
10
7128
240
565
9779
167
5
46
65
1763
8664
2616
1
65
3473
1
87
7539
6
641
407
3375
4702
7141
65
4204
8944
26
2016
15
5901
6
1
3376
6139
6872
955
9
9346
1
1635
341
6533
8859
12
328
1
6
258
17
850
58
79
2479
328
8580
4518
1372
2535
5952
3784
8
6009
1
3168
46
18
332
3175
6
1
1129
8
2649
6
1287
12
2341
111
2635
1
4729
308
224
201
2
8
3115
3787
5694
6821
40
3
1
2202
1014
4
4495
39
8
3294
1110
1
1
1325
3998
1
9050
5
5816
8723
3965
568
38
78
5
2202
3294
7773
81
27
2818
2577
56
9896
60
2402
1677
694
173
7290
2
1
11
229
1
4143
2
3959
3930
135
800
1
241
13
6
22
1166
1
100
6
7
1178
5504
2922
4
42
10
339
2996
3914
409
8136
22
8525
308
1
9
7
31
17
4
8806
4442
1
639
322
7679
31
1
5221
7
134
5712
913
844
1
23
18
2
468
8
1
4283
1200
12
4553
1883
2353
1
5318
26
13
56
29
6
3238
7
182
18
29
2893
1
5281
639
181
225
5712
922
22
27
277
999
2
9631
1
2083
20
95
4873
9483
2
8586
620
8197
946
25
57
9890
11
1552
2315
31
2563
5043
4084
1653
3121
372
8406
1969
314
27
8088
31
3
6838
5668
5
1287
9656
1
123
5
6705
1
24
35
52
6242
1609
9271
1
4
8206
2467
17
9260
2735
8747
200
4381
3
136
1
4910
4032
1616
2810
8389
4
6972
34
8
7290
710
134
3
7551
8671
9073
503
2688
3493
799
2
3519
8489
265
5
8662
1658
3304
5
29
28
495
1
1
1460
9630
27
502
10
1
147
7
22
9118
852
6334
1
5565
2
1629
315
3
1138
1
9998
2916
4064
362
9627
1
7608
9713
2963
1
6544
3811
4735
3246
3404
2
537
5737
222
251
96
9146
5139
6424
5828
918
712
22
6
20
4
2014
6659
10
7196
10
75
6764
23
2
3280
6368
15
1
8089
1
9
8188
5
7712
6
7407
3058
5271
6608
4427
127
2
9
23
14
8428
7792
7274
12
1017
216
768
2
764
3
5918
363
351
23
10
294
634
53
82
92
1
52
72
53
2
1
3
7644
32
4073
6463
3691
9697
1253
53
9605
1876
3840
7572
3
6022
4526
104
1289
1
5111
112
2
2628
499
1
1249
16
7903
1663
6934
12
8458
1764
2
561
24
2727
8116
2
6507
7362
8235
18
4
1202
57
6974
2712
9711
5527
1
3577
10
5351
208
2464
33
599
4416
2838
1849
5800
5902
1046
105
1
1
6837
5328
6004
638
6620
563
51
9855
5771
9894
4480
3
1
6822
1
2484
8575
882
21
32
1606
5651
7999
670
2688
5902
23
1
1
6618
1
5100
9791
1
4
10
2
2
77
5039
5894
54
25
6540
2485
6513
6351
20
128
13
7344
5544
7187
361
4
5837
2
1346
4051
5614
5660
16
4065
1
3352
43
6240
1
12
6202
9055
276
7780
2160
293
1
8
8295
3682
1
13
5903
55
303
3157
27
9154
799
26
8254
2850
1
4
25
74
14
1
2310
183
1
8725
2705
3149
369
9101
8
8042
13
4819
8
8781
24
1
1
1667
9
1
3152
3800
7730
16
3417
136
7780
1651
1
88
28
1
5
1
8670
5844
4940
785
1
1
3241
1
9542
1176
9505
1
4067
1447
7250
6
11
4357
375
2288
8901
2798
1958
37
2
812
36
290
8051
9377
3367
5909
4
8760
2
30
2
1
47
9
675
2258
5
223
352
6961
9867
5784
1300
13
7952
1
3871
1022
83
4
8964
1156
844
73
2390
5870
11
1561
631
12
37
41
9316
11
293
12
3007
9830
1441
278
4746
14
3317
2953
6832
2042
6150
381
19
44
7340
1677
7063
1
12
7775
158
8303
23
3100
3440
679
1312
7350
21
712
159
9
7222
274
21
79
1
618
4
3574
9403
1
2185
4
5
8659
470
8032
45
1
19
7339
3
8237
3
299
170
114
9686
15
21
2030
272
3262
260
960
13
331
1350
8249
1
4
1
12
730
4348
3
56
1445
432
13
4456
21
3378
17
5
8087
14
6300
1281
2
5638
1
7336
4762
1525
8
241
5698
125
1457
9220
5
5616
5924
10
1
14
8448
4018
2
618
761
52
43
2683
5
64
6377
9809
8472
109
3
1912
16
6460
8003
5801
32
489
21
467
503
3
5981
6194
12
1943
2
2702
940
1
2717
25
52
14
7942
3
577
3
4059
1372
8873
50
491
9705
1
438
6
9560
8276
5059
7508
717
1
27
1
5561
200
4463
3
470
217
12
41
18
2
8750
6409
1
3994
5
4
7954
1115
7366
21
1334
13
545
7477
3451
1
1648
6235
849
4467
3064
4117
10
167
9770
505
1341
5331
4570
1015
34
2
31
4155
56
5819
2003
31
6381
1
32
1835
270
1
271
1149
13
9252
9676
1
1
7092
3
8
722
1
31
73
1558
1749
55
245
2
4733
319
4
2
31
3282
7
2318
286
3498
3729
18
9188
4323
3
3636
4
4608
1
3
3
7800
109
161
6661
149
1
4541
8591
102
5674
115
2
6228
6380
8665
9
3
152
22
2321
1
1656
1
1
2306
359
8743
1499
6755
2862
2
85
3
6989
152
5729
21
3082
3026
208
37
1697
9776
7171
1
3727
4941
1065
2
2729
9404
36
1030
1239
1
3
1290
1791
7242
2048
13
303
5643
8406
6188
4488
3
7
172
7611
4959
3027
17
1
4996
5689
1
9616
3122
1
98
32
6386
6746
15
156
928
1
479
4
21
6018
5
185
1
732
1009
6732
13
1
536
5
68
7147
2397
853
114
352
2724
7762
4748
418
5541
54
1782
3336
7300
3738
8004
230
1329
2018
1
8
5098
2613
5
9737
6340
1
5
3863
25
3
2933
123
2039
2
197
7
257
4069
2
41
3643
7
1099
730
198
6
8
520
1
322
157
1
8187
117
24
3971
232
2069
3
561
245
6002
8092
2
937
8341
8892
4588
41
1
1
204
1
6006
108
9367
6
690
1
634
1
2209
1
6
154
2
146
631
1
2546
585
1083
4691
80
65
54
1
1
378
10
2927
6
2627
2
20
7315
7
165
1920
7092
1
7257
3
1978
3664
81
9527
8755
1260
184
36
5792
8071
2645
1
3413
6
12
9952
1
5
1
13
357
2
941
1126
5660
6544
1864
928
6
348
3777
8
7
26
3610
6748
9752
7
2
1
5649
1177
3019
1537
1118
48
3145
613
8537
2841
313
5034
9496
4586
1784
494
3691
6803
745
1
13
25
6598
1
5
4701
6680
5604
3724
3298
1
3
18
2231
4
48
48
9118
7816
911
7754
27
78
81
8984
3843
1718
424
1
9309
830
11
2
3782
1175
5720
4
5571
3082
21
25
5453
2
6
4704
8463
44
37
171
2
22
1625
1
4137
9403
5
9839
9755
4091
2
5743
830
304
514
5137
1497
25
4728
7118
500
2928
1
2
1
6
7140
820
2572
132
2
51
56
2397
243
9
18
5539
5542
486
1498
1776
434
1
7540
2
6839
11
586
34
3170
5528
3388
702
1914
3
1
2553
4425
6
8775
281
2056
276
905
4314
3570
1044
7236
5413
8173
4102
826
6
1
75
1
61
5726
8338
52
1304
9
1
1506
8693
3
157
96
2697
34
4927
6
6
1499
2664
16
66
1
3
7833
8125
6
174
2
767
3277
1
5293
242
15
15
441
1
471
2
6
8
1630
9150
3214
3733
5000
3
11
601
38
12
408
5337
8
188
5049
317
1
11
3031
9895
367
4320
4441
6
3275
33
17
52
9353
8
2875
54
2690
1
15
7724
1802
122
9183
5430
287
470
246
4191
9211
2161
3
6375
233
3387
2
14
6
1
8911
414
5
7611
7903
1600
2162
2703
9000
624
8682
6168
9
8028
5966
177
3
1097
397
45
3804
1
19
2509
73
2
2211
4133
7020
439
1
1
33
3480
1
1
6951
7
8071
53
6375
7
1
9758
1
9088
968
117
167
2
1
7875
1462
1610
9688
8997
6721
1
5216
31
1
1666
3177
2
157
2692
249
521
77
6396
2005
6310
128
4
6
24
12
7085
11
29
2
20
2612
3024
3
4877
8
6078
11
38
6317
10
211
1
7386
4063
2
19
1
41
701
73
7339
616
1
5860
798
11
18
1
255
36
6195
11
3047
8985
20
1
64
559
4409
41
1
188
2025
126
4608
78
5
7438
5295
475
6
3549
1
7031
5142
6938
22
1541
2108
22
763
1
5
586
5
6772
1
9168
537
6756
2023
2
6036
35
35
1327
9
271
1366
2569
5046
4
1
9851
7745
1
1691
18
9768
34
638
6048
7149
974
8350
226
1
9916
2825
1
11
5864
2
6575
671
54
202
31
6882
24
1797
211
1
5
466
14
334
2
68
1
1
1
21
1099
930
42
1
7
383
949
45
24
1
1
6342
290
3
14
5720
6
6714
13
98
1
2009
65
5
13
8
454
28
6389
4
2
196
1
73
1639
4612
4252
27
4611
6
2
1107
3886
958
6036
106
8
674
3
129
13
169
9077
128
1160
991
5079
1
37
32
8
28
1499
3
5140
35
1
1
2800
8075
4
9718
2576
7632
6855
9
6890
1
6169
4243
4
3
25
770
536
48
4640
715
3142
3640
8713
3
1694
22
193
6700
3
734
2
1
52
3453
9714
31
1
1070
2043
87
7789
2
1843
357
1449
13
925
8377
1656
106
5215
3583
12
5710
10
30
8972
110
20
62
2167
29
35
900
8692
4153
5
7394
2651
1
6
4
9602
26
5893
91
203
1419
503
115
47
101
113
8517
14
5762
15
2629
6794
5950
227
732
472
41
7889
2424
1
7800
9696
9311
1
272
6
3488
2589
1337
10
2095
151
180
675
4289
6617
351
447
1
29
5
2
231
7696
20
19
3
2
66
33
1474
1
4040
856
6
1683
1
32
8147
2190
831
1
2954
8418
478
2
14
25
430
1968
4352
9900
24
2074
61
1
4
84
1
1
7494
101
3021
38
117
1786
7649
2800
8
100
5210
175
6
730
567
4042
71
7102
22
10
19
1
54
9419
169
4065
4
775
39
1
7034
1791
8096
63
2962
2105
8064
6976
2
2170
1
5
1
8
6543
2
3
1519
7852
5569
5641
2
4808
1206
1294
3963
3
104
452
131
1146
12
131
8524
829
27
6793
44
6992
4
203
52
817
6171
45
1
1
3
7
9312
2736
6
2304
36
1683
14
2
1
2192
97
2263
3100
10
5868
5368
4017
57
104
1
1
54
8672
894
9898
5
14
9324
1
4016
5257
11
32
6296
1
7400
9730
4002
4406
4
72
1
8
55
2728
1613
84
9245
1983
1872
67
2175
1318
4331
152
9464
1705
3
1
33
1161
2364
2363
16
174
8758
3
2
2753
3366
1
2
3976
75
4
39
104
8
7871
13
7798
48
109
5714
1927
44
1
48
1277
9874
177
2320
5
6278
95
52
1851
9918
4910
9
573
10
1704
703
479
5037
7352
1157
5625
69
2346
4101
109
324
2
992
5490
3960
56
1190
1
339
4762
4807
2
6075
7227
1
338
7724
4117
5955
3555
8278
90
2306
79
8162
487
3098
1026
652
6673
44
1
975
1110
2167
47
5
2
8503
7465
8039
2355
1
5
993
289
17
3306
2876
80
7984
233
1
7374
340
5
40
1
8718
9253
2
3662
428
1
1
1
3492
121
1616
409
3127
6368
83
1
124
1059
12
347
909
3
4289
131
8151
3918
400
10
7625
14
1504
5560
2414
8
9440
14
1
1989
372
8948
4345
310
2154
6
6
5
16
1
8014
978
46
7040
1
7028
5170
7018
3285
1
409
4060
346
17
49
9391
5983
844
1845
5765
1
39
32
6965
31
251
4512
1
17
1
9888
5159
5
1480
54
7959
5
2
1
8
2
612
3127
4610
7043
360
7036
4257
137
32
3222
2
5001
40
205
80
3994
197
693
437
7728
1
9877
8849
654
3
955
221
6199
4981
3
128
10
2
119
3949
6115
6879
145
3872
1
1348
2554
5
6562
7592
264
8100
2
2
6902
170
3392
2705
2
289
747
1447
384
10
4
6
7639
6620
1863
8969
39
5630
1621
8352
3
1658
3990
4048
83
270
9728
2
2509
36
274
6803
89
238
4
1846
4213
2311
92
7357
13
6
6
1167
1
109
1127
207
796
2
824
8
6025
376
79
5
1769
52
2100
4620
6735
2519
4169
8810
6662
54
1
1435
2147
4
7770
2
1095
6976
2908
6934
82
43
3
258
3342
39
4933
2
43
1680
59
4
1426
1023
167
198
2
18
70
7347
654
5767
638
2095
1
3
6263
2605
5
7135
2948
6685
307
11
1
22
179
8627
4
1
20
6070
6072
1
4803
1
9504
259
123
1
964
3672
81
15
8082
16
5
6937
1
3258
88
6
3035
434
64
3862
27
9568
1
8488
6
6001
620
4498
1386
3112
115
6454
1337
31
5
37
2201
1923
6716
8081
18
155
888
1
7
1
33
18
3
7176
7478
1094
205
19
620
8250
7920
6967
1846
5260
3
191
225
241
287
486
400
8714
52
6976
4524
372
1878
2448
3779
9111
9094
4241
783
1323
7763
1
2086
7950
34
11
5088
2
4777
1
3
5153
459
7112
55
15
146
2
3
2
132
5985
7880
5458
21
1
10
35
11
297
767
3310
2
421
14
257
794
5362
4481
274
7880
3
8007
3
24
91
6358
14
124
28
9
30
6
3
7
1
165
599
1
660
25
3520
3634
1
4
171
887
24
984
9810
22
8310
9941
14
6893
1
5246
11
350
5323
2536
1058
90
86
53
289
2111
1
1
7988
1205
68
4890
522
6033
201
46
5855
5333
8495
2
1
44
5794
2311
9
77
1
7914
2783
874
5
7304
1
9469
6216
7612
7
206
618
16
84
46
2
7390
4
41
17
7911
87
1
5326
9835
15
2
3009
2
6
1407
299
146
2007
82
4064
1
3871
25
19
2
2
5287
6735
184
1
67
7035
8761
1521
537
8911
469
13
8440
3
7238
25
1
8585
6378
7221
2148
204
3586
1
5002
4083
4
27
318
3023
8914
4
5133
378
1
8927
5030
666
78
680
5329
4645
122
7089
3932
1
968
4
2
2
8250
7211
4357
8659
18
9093
34
32
8329
9273
8207
8
22
5988
118
4155
9451
2072
662
69
8447
2
6639
2282
82
1
1145
4624
3
9191
5777
4907
814
1070
738
5960
3
3
5
1
1
5902
294
7296
27
1
3
2
468
4638
40
251
34
34
160
272
7
93
10
2480
6403
9014
1065
8043
166
6403
2593
1436
1757
4
358
350
7076
4520
4
505
1
3235
1543
1650
4547
304
287
4395
4172
2
1072
23
666
994
291
1
880
1
3
3103
4981
7133
9204
7695
4982
2
818
1
6
5
6925
1493
18
2
7442
27
1
8808
5
82
552
248
80
527
5971
760
4432
1
123
35
122
3
5343
5873
3
1507
2
64
3082
9
5935
8
205
5424
2026
9456
383
134
2359
249
1981
7742
4
3428
1965
9
1
9559
3079
8173
5591
1
8394
8729
181
451
8070
146
19
1169
26
4
2
8420
3950
1528
9183
1
2441
856
2665
6880
32
4
294
7763
1833
14
7111
7088
9417
7898
5987
4494
1
144
8212
6
4047
8286
2130
2896
8688
1
1
988
219
6175
9038
3151
4880
12
31
1
94
513
5468
1086
8
45
2
657
7531
267
5
9
2
45
6
32
8495
2788
135
922
8916
1124
174
4740
3
298
1
244
2804
7747
1
1
7141
650
18
516
19
4
423
827
8206
585
190
31
284
5
3345
9631
3884
76
2
39
230
2852
3311
4557
1128
1692
734
6
1
2
1659
60
3994
3652
5539
9197
8565
8552
2
2
31
245
5
1
3268
47
1120
31
683
1
10
445
7
4019
2157
6575
217
4138
5631
55
5
1964
1161
1
9741
2
10
7857
1
3081
1
4013
103
1687
103
9
3
9373
52
2929
4067
3108
473
8795
2513
4694
9909
78
27
20
1548
2970
6714
134
9705
1904
4082
9321
684
3
3
2
1
1
6706
18
115
2
1836
5
125
1470
987
1
8816
1141
1
78
3024
9558
168
7372
2564
111
275
5322
1559
68
23
7286
24
9938
3996
3560
168
731
2680
3139
8398
2327
606
5968
17
2
1
477
1
8121
103
84
4578
2806
4278
7155
2
9934
7484
1
7114
7078
534
11
94
1
4
1634
4000
4
9330
5574
40
72
9
5
4721
50
3577
6912
3698
2533
7
99
7
2
2
6306
154
1
2441
3234
4889
6
12
20
1021
13
3
2493
7729
5350
3983
347
9535
7247
25
397
11
5314
5
23
4707
2413
6533
1279
11
1
3
1
313
1403
172
22
7
1268
8
3
157
1444
8357
24
3
33
5
7483
56
24
1
1
1025
13
16
464
308
424
2397
2
2090
18
9315
1006
2424
35
1396
1
3
8
5
2753
684
7257
44
30
4
5
6966
7721
6781
332
1
199
9000
4829
9113
69
31
30
2
1767
5
1245
36
4455
5
6812
19
22
3958
2
452
8094
2
231
110
9644
1530
19
39
1486
3
14
2595
93
3554
2
186
1
1077
6992
2
610
1
1377
12
11
124
3747
9104
7458
1224
4204
2
5925
282
4861
2
2083
3709
1
938
3897
5
358
7869
2767
9073
9
13
5015
5172
6914
4401
133
395
1751
6
5150
448
20
7
3
208
1153
15
2
40
1889
621
1
2
7673
2539
796
11
28
2
7569
2809
9862
1
236
7910
3591
17
1
7
1
558
3
2840
4
2415
6896
7584
47
8345
1707
1
7176
4588
1
2
9896
1
3
3843
679
1817
4539
5
122
343
54
7189
4
4
1
23
9361
9789
5276
7802
1469
609
2
7452
6689
6958
6843
3347
50
3991
9098
494
1230
3417
78
1012
5
1
7818
1
2
2
6390
12
14
1
8473
932
9788
11
1
1
59
2453
136
8262
9052
3097
1
35
4404
949
127
30
1
590
185
6440
2223
2
1
1
1334
782
2375
134
4032
2
87
374
6001
757
4735
1
1
100
392
27
82
3
5563
7495
9049
3370
5533
2
5311
4090
469
1
353
22
4
508
24
1107
2
457
102
13
536
1
35
494
1800
9
7
3023
6
2865
7
545
1676
2513
375
2
2459
11
6
2146
6401
8583
5
1117
3
6215
4508
7062
1025
3543
1
75
23
108
1
114
819
33
669
1827
5071
1780
899
7685
39
40
8
9560
10
1
49
18
6498
4520
32
2209
90
834
1
525
5075
5402
1549
5
579
3126
7
1
994
324
818
1363
3833
44
5111
3
9981
43
9
911
1187
2752
9
47
7
5939
522
20
1
1
4288
7183
7513
183
4091
2413
4812
2
4421
45
3733
28
4613
2
1
23
695
1355
3071
4619
354
3370
3918
6815
3353
1
3673
1
3551
176
27
2756
5065
1
377
4843
2
9560
71
1
33
7
8175
10
808
1238
309
1102
9420
6599
1508
512
84
1401
1689
3
4
8539
2608
4980
7541
1
1
6806
11
1
15
432
20
42
5021
21
339
1144
40
1
4
9
9340
21
207
5
5557
8
72
8559
1872
1
3181
1
1
3731
4737
4262
1468
3921
18
20
39
6585
1347
250
1439
1616
3259
2
1
833
2800
1
2396
1276
1
1173
14
4568
5
8728
2212
4538
10
4541
171
6492
168
416
9895
3021
4
1
4168
5067
11
2182
1963
6943
745
7894
6
4028
3
1
4
6
1
6459
1253
2237
789
3553
82
243
1
9502
3176
2
9
2946
7049
1664
23
912
29
2677
72
7168
2
3
3
5427
274
6
939
2619
4
6
928
81
1
7979
184
1747
52
5648
111
892
1
44
38
148
1093
6209
4604
2423
507
28
1
38
57
10
11
183
341
4818
3953
414
9337
415
5642
18
1
1
6321
1
5044
5
3528
222
7072
3717
8
283
7390
247
1
7436
1513
21
5
4679
1
6680
1026
4662
4
4
1743
5371
9836
5998
8935
1471
6582
1104
244
7646
1717
1176
264
4839
31
16
5
73
1
2358
8089
7588
1
1462
235
1
7046
615
9081
5032
47
330
2645
2255
77
1
93
7248
2
12
8247
1
348
9
3
9093
5084
15
731
93
2496
27
5
1
2717
6580
7506
2
7879
272
3106
2
78
9
6769
1947
1
823
4784
4
1091
1
34
17
1081
1
447
338
13
2
9428
5260
1
2
19
27
9463
1233
2316
459
3
74
52
9024
117
2051
1152
63
35
3762
79
1665
7830
2144
5
487
8
7844
3
1
56
1
14
222
1
3
452
3011
2561
3729
4
1
1
19
128
7252
8357
2341
2367
981
7519
8173
3
1263
1
8880
3703
46
3
9002
33
9640
28
1
402
7651
5
58
2343
1
2
7857
5
6
2773
2312
8971
156
9670
30
8447
39
3717
2
2
5
6
2
6744
5437
1
2313
2488
4
7308
6313
961
28
5585
9505
1
2520
5706
8022
5010
24
1
8187
1497
11
16
1
113
9043
3292
2
3641
2815
3588
1382
2089
9429
5196
1
103
6691
51
3
12
1
180
3567
299
391
5342
4365
3
3345
5721
8003
16
5584
3
234
430
6385
1
2
8029
4112
4666
8924
3223
5875
1
527
2393
1831
2
4
1120
3
2732
369
6081
2917
2
5702
9073
1
9302
76
5297
140
703
1605
10
96
1
70
7879
4
7789
1423
8606
2
9
2
1
22
4
8177
5680
7562
21
1854
6630
5
19
7092
1034
7
4
3337
8
9761
6167
6
7950
618
5664
57
4306
115
13
7913
51
571
8826
34
8400
7051
1507
1
2704
231
19
1926
7174
5560
4112
2
136
7646
2382
9728
6052
3706
345
1
552
6
588
37
4185
1
32
7138
154
8444
195
5968
2147
6
5
6802
9550
7167
366
8
4512
9403
5680
1
651
9866
4155
20
3141
1
2019
7
8269
112
3923
4
1285
4
1911
1897
1
204
458
8616
2
342
116
7651
52
9710
1
3
3
5575
2
41
6971
1
6328
28
3
3
611
6849
71
3
4
643
2490
9196
3712
1
638
12
4557
92
78
44
62
1983
651
9295
1271
7
16
91
4956
57
6467
428
8446
22
3492
7
10
4627
88
108
3847
7256
1
239
3321
45
3340
9766
42
15
6760
5
2
64
2
4733
1
29
7080
3615
2
8897
6482
2412
8694
18
2
3899
352
2463
12
305
2998
6208
2
2
991
4230
5101
1
1195
818
328
187
150
1
82
4301
1857
276
45
1333
7
47
14
35
3
1168
2185
4
2
1
6
1
451
8839
3324
2111
681
351
1
15
2
17
2
14
9566
31
178
452
8671
1530
2601
9304
2791
1
2931
36
1
692
2
4258
6857
790
3
4899
1
885
4864
20
1
57
1
2336
2
28
96
4
1145
13
2
55
63
9122
4
1
3502
619
4652
8508
3596
3
1156
8872
5854
3237
2943
3752
4108
2771
624
3424
69
6
934
189
8472
6845
60
7732
2
2169
5198
2268
1470
6474
26
9152
13
5
3489
41
1388
16
1
3836
147
6
741
5957
8
6846
5308
9488
10
7466
4
1
352
2
7
7
657
1018
8639
97
3835
4
3779
6
720
4
34
1
4508
8
5325
13
4
41
11
347
427
4
1365
9
4
9377
6256
4830
8497
3745
9180
142
16
4624
4
132
3501
42
84
5696
6689
1
1439
2
174
16
156
4
8032
2875
407
3066
4851
462
675
9321
633
8524
4871
3142
1551
882
9881
1
1931
4
52
2837
5257
10
1627
178
6207
200
2819
1110
2
154
121
2
1
33
557
2499
475
6
1802
9
1
253
156
340
6
95
3258
5338
2343
3
200
10
16
14
1
221
2370
7820
5147
1193
1856
109
4
9982
52
9915
1
2
197
4867
762
1
6
10
1
16
5063
937
6
153
3
3930
7080
4315
297
140
4633
6376
15
63
7723
17
8554
23
6218
3148
24
6
1
6
2
5719
2
1
768
2
25
4207
2304
1
5
1070
1
1
32
493
2
57
1
2992
7
1008
39
2
2337
1
3458
1
2
727
8
17
8
1
5
1
138
12
7120
8745
2112
41
4528
7
11
1
8343
24
6710
290
3365
5824
2096
1
9
6952
3
2800
527
12
246
9195
33
2
12
4
4318
2902
5626
3012
1
18
98
248
1
1
2
4567
5851
7206
4085
71
130
2585
4
7046
10
111
4183
8093
64
65
5783
2
2742
10
1873
380
2
9
5809
3006
9
2
2
2
3
4
71
1
10
8384
220
1
6
202
1483
673
6096
16
132
9
1
38
23
6613
435
158
20
2405
318
1015
90
6128
4
1155
7379
107
783
2
1
773
8012
1
30
6681
2
3411
6
5
46
6066
1453
4235
43
2
1
8676
1
26
8308
691
9485
7836
256
38
264
6732
8496
4917
80
1
2438
8729
3
9638
508
3379
2
65
8323
50
3
10
4674
74
9522
19
7435
3
7588
350
202
7939
9091
9
29
6277
203
1616
9252
6698
43
158
4099
1053
5949
7739
39
1309
1
654
398
7
7868
101
6710
3860
6391
5106
1
94
105
1636
8127
8
6
9732
8682
1548
2633
9119
1286
3
6
384
809
4121
9
327
51
420
56
9829
2
3170
8922
5
8
1
122
13
9
5387
885
716
2940
9981
4053
16
64
4989
3062
7612
2629
353
11
987
8988
7410
547
8764
63
1423
59
4
7197
5957
5649
7972
270
5879
6871
9925
8439
6315
5108
2
36
43
7013
2313
26
2
364
51
8958
6437
5552
8
4154
8885
34
24
18
4521
9709
302
2591
368
1545
62
9784
9439
884
6440
5852
9762
4397
26
210
1
2397
9742
2139
136
4013
213
560
4
2637
2342
5
1553
4087
1
726
225
11
196
6488
6025
5248
8
20
7488
3
2
1224
3
2
2679
199
5644
5
1431
842
6048
34
1325
1
57
2365
9922
4355
620
4112
1
785
3
8724
2
1881
1
49
1
4380
611
591
7934
3079
3
5863
1
2
523
7894
290
18
7924
112
2043
58
3
8307
23
42
437
373
62
5728
4042
3860
1235
1992
2937
317
1
180
10
45
7
11
1965
1
1298
7858
58
240
6899
750
1
1
1846
1247
10
3
1
7695
1
8482
7245
2
1
3763
1529
387
4299
5
2208
2
3776
1
6117
309
546
2
1
13
3
28
8962
1090
3
36
1920
8973
5382
4213
1310
9739
12
1
6
2811
1459
1
5
1
6
2
4516
14
7722
13
2134
1
169
7
3
7
8461
43
1
3943
5934
3
432
4772
8
1579
1
11
120
198
4
2
7577
226
13
8
6692
10
323
20
52
9200
1730
5
8556
4
1
6
8404
1597
10
152
1
2892
51
7372
2
1832
2
7133
11
347
8183
2989
117
4476
577
643
96
4659
188
8488
8080
1570
10
1
225
22
1
2
872
2502
65
6566
6071
5
1
4244
6423
8248
2
919
1
1
2786
134
3772
5088
9729
3362
74
14
370
5
2
6
2660
4116
1005
3523
7861
1
4
90
1
1065
6743
7
259
4
7
314
304
4239
2
3
83
5530
58
8
1
651
1872
9309
4230
1
2
1968
7536
6
9816
7204
6168
1
88
5713
7569
8878
357
1164
7414
1
18
7124
1
7
7990
260
21
9717
5330
1700
6070
6500
5368
1
39
6034
2
7040
1
9
1438
20
6564
4304
5656
1534
1
2528
1121
3
3948
1
607
41
9
809
51
20
1
2
3226
3407
1
23
5296
4980
7
115
53
2
5532
5197
1
4821
2
2
9
5
24
5005
2
236
9635
8092
11
844
2805
4968
1
5
110
5963
1
2
1
1015
1
44
901
4
817
49
66
3660
7389
901
12
18
21
6654
261
4
9623
77
1
8
118
1
886
10
5649
162
2313
180
4410
5593
1305
820
7440
7480
1497
9
19
2492
11
51
1969
6480
10
3854
7
4
3
2944
1593
4565
201
2
8392
6497
33
3634
2032
112
161
4666
190
1
2
7441
4744
22
6552
1572
4269
3489
6
68
16
1318
4
2413
2100
9307
2
5
3
9021
7188
8398
62
399
1
102
1200
9903
482
8326
3204
2
2312
2
8606
1
135
42
3
794
1
60
9068
479
5748
1
31
384
107
17
2
8
8987
5343
143
43
3
4446
7474
20
2509
61
101
103
2857
2
3905
21
5
932
1
69
105
15
3063
1
136
6379
1
2790
3
8938
3737
221
327
1
1
131
9431
63
12
1076
6676
13
119
3986
5761
64
17
6098
148
6788
4386
4023
4
1795
1
6591
12
138
332
1
1
207
912
8306
233
3221
12
3
251
1043
4
1
58
143
4
7571
8467
75
5421
22
2
2
8665
92
39
693
748
1792
4961
1637
332
397
276
5149
2183
2
3
8856
126
1
3295
3106
1027
8451
2
68
1
496
9855
13
3920
377
2
6183
9472
5000
8248
115
1
8089
9495
706
3
832
1
5076
3
401
5527
7
1
3565
2928
509
2
20
8770
8084
384
3934
64
13
2121
1
1619
7436
455
1128
7745
233
6216
143
9687
3173
3427
6980
1
1
1831
5784
6
1168
2
5382
1
336
95
9
5599
44
4
215
5781
7
799
9059
3
119
5
3
4435
2
147
43
7046
4257
5
2
1
29
5441
19
5354
1
1
4637
119
48
3308
220
3081
2002
3968
104
388
2
23
3657
769
8729
9325
5
1
664
153
12
1825
1
108
3
428
9476
2104
245
5
6982
155
4863
93
4395
6000
23
8366
1
2
9836
1049
27
3
7111
2
8
3080
364
143
1738
1
8985
7
3770
318
206
2203
8
69
685
7066
304
2
3395
2250
1036
6
6476
5
1304
83
1297
7583
9708
8
8784
35
2
28
9
2432
6679
8242
4
873
329
2021
4
92
1897
6517
25
149
2
2243
2067
5
579
7964
80
816
2074
21
1104
5
139
27
6
1
9430
7602
6555
7
3458
1531
309
3
3488
1
29
18
1653
14
4728
1900
6116
93
2661
3971
8000
3729
309
181
1717
98
24
3998
184
2685
1
37
640
9
43
39
1192
2
4508
17
4
6970
7106
2
2882
6916
3707
3914
9
8
702
1
2055
304
1
1
7453
2463
2
143
1557
14
1208
4184
7419
5030
2
5
1162
894
22
4032
21
49
342
1
1
2
5997
3
7424
502
6557
2
292
4
2891
2478
1680
5
8
1065
7329
2
2
4
5657
1
22
7
4
28
5165
9867
1702
1157
2
6876
121
9817
115
2
10
2240
4385
12
1
1
3133
220
4985
15
5
3
1
1
4100
92
56
8208
1024
1
2384
4228
1
37
6792
1870
73
8082
7
5258
6144
4873
1
172
2
14
1202
623
1
5506
1966
1
14
4796
1
11
4641
8242
412
7499
52
1
3853
7289
2
11
89
161
5023
1
76
1
3
5929
75
3
9784
1899
24
1019
72
2
23
6063
1526
447
9049
1
2371
4111
782
1
19
1
6267
118
8
6
1194
6352
1029
1236
5
1480
1
4530
12
4765
2844
1
4345
2638
1
5
5453
10
4
6842
8249
4
8
63
13
11
2974
46
1485
5
2738
115
2
5963
5929
63
6024
7365
8472
5
1687
128
4856
6147
1
9996
5271
33
16
833
211
1470
1856
53
32
2
10
9596
7145
14
7457
57
122
4566
52
1304
1
1
9336
104
2087
6
8221
1
2
13
7
257
1
1
8736
2
1
5896
2745
3
2715
5470
7
26
6453
3783
6061
30
8107
9492
97
5092
1520
14
2
1
4446
3523
17
16
3288
425
3043
7460
9576
145
2401
3
5585
21
6012
10
6283
96
162
3
5556
80
1
1
2853
1055
1607
5817
117
2
1
669
119
8695
3
2158
8701
30
9934
6183
5
2169
20
5702
200
10
5139
9241
537
218
3725
5
265
152
9092
793
1
56
420
1
7
6558
8
1
1074
1475
6234
3104
4193
57
2
67
1
1787
1087
4960
222
6676
6
1
308
8797
290
73
4171
7193
6382
78
2
18
8797
14
1000
1
6262
1547
6683
2294
9727
2323
33
222
13
2972
8843
21
365
415
5196
1
9898
2983
2
2292
237
547
3528
3
496
507
202
1
39
11
1
9510
61
1
780
235
7439
4287
94
7
7891
2250
119
18
168
5249
3403
1
54
1
6
1589
543
6668
375
2449
1
5061
2
51
4539
5662
9
122
1
10
16
519
573
9476
2833
8416
3
116
7246
6985
7
96
6054
5
16
6088
3838
22
1391
9
3790
6
2
179
2
1
2
3126
753
143
160
54
683
1
7091
3145
1
1053
5679
6697
3193
145
4125
4528
9030
3
1756
7291
1042
302
2457
90
81
13
2
203
1
17
2
3
101
1885
128
30
8035
4
9701
651
3602
1
9
12
3
8
1
5
3244
56
3561
1974
7692
2
20
9985
112
1290
4859
1
138
9574
151
9653
7
2
1177
8146
465
4814
4
8489
9709
1180
7777
8775
2691
1
88
2253
38
78
6624
2534
1565
9333
8298
1
7776
2377
47
5
154
324
162
671
10
1
12
3
9485
2919
18
200
1703
5
31
2482
2
2567
720
11
8082
6556
13
5
4228
9820
8788
383
2358
1
4850
1
719
771
65
7890
9637
5436
2
53
1566
1218
16
9
174
8910
2
6287
20
5
32
20
9112
1
86
10
132
4415
175
118
1
1
2
1
1456
8056
56
4
1
1
2511
1
1327
39
65
69
1563
9852
3629
147
5806
8759
8080
158
3107
4092
16
9718
403
4019
3897
85
5455
7813
9664
1
3266
22
2384
3
22
4390
641
2995
14
4850
1
7220
3346
2655
7705
5046
9006
8096
1
1
319
122
1748
8943
10
942
375
23
34
2
29
20
653
238
459
1341
2250
6
3422
3223
7683
1
4425
4
7
9650
181
1
10
1
7282
4758
8578
8
8771
4
1823
2296
1
63
187
4992
58
2366
259
1
17
1526
11
583
4722
7
2
9827
2534
513
5338
7283
980
1408
8203
9952
3647
657
6171
17
1065
767
119
1728
636
500
475
7553
423
14
8690
2210
1
1
1
97
2
14
5
265
2
6
1
1651
1
60
27
65
2018
5710
36
1
16
21
80
1
74
21
20
1870
2
1
107
1
634
977
1932
2532
2
831
1001
61
46
3903
4554
15
2
237
41
1271
246
9681
3452
453
1
6
6307
13
3347
160
783
9939
1
576
1
8690
901
8133
7493
2
4
1
87
5
3788
9103
9432
2
9096
8687
636
4160
94
9
1
1567
2
5224
81
620
616
3165
4603
9151
7040
725
103
9409
1
12
462
77
29
6834
304
10
7216
2589
16
402
8889
1
5642
2544
1
94
9071
1446
274
18
1125
429
14
5939
1
5356
269
61
569
1690
45
3358
5540
1
3984
6
14
8208
9497
1189
35
8779
2
93
13
2
6
1712
3443
15
1172
3179
2835
1602
169
9781
32
7087
20
1
112
7975
3110
6478
2
9611
4
3254
11
1
7382
25
89
1
30
178
3
1
40
5002
36
1
1
127
5098
11
2212
31
8511
8195
4
992
3
5162
5620
2
5
129
6516
7184
9288
2143
1298
4414
7256
13
1
5022
4473
82
1
46
2
138
137
9174
6
1
12
3701
3071
1
9539
1437
5
2
1
71
8
56
6
7977
33
2753
6
6213
9
9461
20
63
9032
1
9855
1853
3
7948
8755
389
9020
1058
4
265
141
1931
8242
4
8997
1930
255
28
1
1
6030
6152
19
167
45
5900
1
13
5951
127
1943
55
6818
8
9
109
1
28
4
8
1432
75
2
1007
7
64
6527
759
4
1
60
848
53
7040
3
1
170
326
2
5591
1
6623
751
3
2673
1
12
7027
1785
9809
1211
1
168
151
16
5
3347
68
21
421
672
95
8745
55
354
3756
9582
1686
4111
2
5881
46
76
6
5306
7851
3
2
4
5
4
371
2
4934
19
1
2
1328
9369
9562
6961
1
7526
3767
7811
2659
7
177
2
31
9203
654
1
2
5
96
897
6
7387
1054
9814
1
1366
9687
5331
4
1347
8340
583
1
9
84
9281
5747
879
4
520
64
1
2
183
7984
10
355
2
7891
135
105
5
1
10
1486
33
5442
2
1102
2
8220
411
228
3698
23
2837
2019
1
38
1
261
1710
9
2489
2
4
446
928
5105
3898
1
1380
118
1
5427
7
677
28
3591
8805
2
1906
1
1
2588
22
1775
9642
2324
3491
1774
4
10
2
4
1
9694
5236
247
47
6279
11
9873
1968
315
7
1054
1
83
9215
380
8602
8
2074
300
13
898
7442
2785
365
799
6328
2448
6219
163
540
3462
5016
2
103
5979
1013
9778
7176
24
754
1097
8353
4356
3326
3
1
990
141
626
1287
6385
2352
8
2
116
3
9167
31
13
7224
8540
16
5071
12
5698
909
1
3397
3589
953
8
409
2
41
8
4894
2
2
1
1003
4544
4814
1
3533
394
1
744
4776
1
111
3
30
915
85
70
3440
2327
1926
385
3
108
2
14
20
10
254
81
1210
1
5891
25
1623
286
1
27
7549
25
988
1
1393
3600
166
424
1731
62
2
1
4701
7
1
5771
5281
4
3451
13
13
36
2
37
6799
7078
1
3475
29
35
1016
7315
3090
3187
7
2
1779
4531
1
6254
6175
17
5
155
184
8796
12
9927
1
2139
8998
1495
2
2
145
6035
24
8
4043
9018
7310
622
100
8567
30
2
1782
2752
208
223
2561
8678
2709
2938
1
41
1
1
7486
5978
7894
9734
1
21
27
34
1
963
4240
2
1
4888
6
1842
111
2
2089
1
168
1
7028
4
29
4480
9452
6788
2
1308
4812
317
85
5
1498
5241
10
1
8
13
5993
105
12
1
1715
163
98
3005
816
928
971
176
1
2984
1
1448
1961
6061
1
2470
184
1
1
2584
3160
55
44
64
15
304
12
7969
565
1093
164
131
4
2
1
1
1
7520
9645
37
7391
2
4315
7040
120
6140
6970
9470
8304
109
5312
336
7241
9214
15
71
3420
212
2011
3580
2
447
46
295
5251
7
1
8396
8159
6
182
1802
1
8263
130
8950
1068
8
9608
1566
4217
8091
40
3751
3178
4889
5362
235
3013
3022
2195
4337
2410
8
5
1365
2
181
2547
2
205
4249
1
1269
1592
3
5330
2075
5648
32
5158
1920
1650
665
3804
8343
4593
5861
3242
2928
1663
206
3
412
3859
9223
3947
149
1183
655
1
3516
169
590
4033
7298
2801
2
925
8319
3
8
9
1902
9824
2995
2396
4973
8
5
45
6821
4571
3011
12
753
2
1098
4906
16
361
1712
1370
8494
3
4633
503
13
4907
3035
2733
2
1
465
179
9429
4
1103
914
22
1
6
3434
7
4157
2
1023
1
4
289
41
21
6418
74
1
9
1337
1815
2
3062
116
9547
7741
53
201
792
5
1
350
4
5661
7426
2
4
34
41
1
54
7455
25
1852
5026
1
478
5
9780
13
16
944
1812
6527
3541
25
6561
6119
9380
1
12
3
1129
3264
303
2
7255
6160
1075
7345
85
8866
6
3
191
525
54
9255
4241
8871
11
2
216
12
608
1
16
586
338
1
4435
2
13
1343
20
4861
6263
51
3
2123
3462
66
6251
1
4
828
4436
18
1220
1775
3188
16
5583
19
9029
4
1552
1
6161
77
4428
478
21
608
716
24
1687
6356
2
337
55
1905
63
552
7155
273
1709
16
1
1
4
2845
1653
15
4028
2
57
1083
164
14
8699
2
5
19
4
386
122
4
4633
4310
7036
1929
4872
2
1381
6171
2148
9817
716
237
4278
4629
5017
8803
72
363
4251
14
239
6821
8890
6869
526
3388
8274
63
144
6203
9746
3772
20
499
7
8
21
20
4
1
17
2
2050
18
161
8506
14
3394
5331
1258
645
10
104
1
1214
233
2
14
879
9115
8668
4133
3368
1940
6563
2670
4400
5469
80
3700
140
8
780
8075
1206
2117
5957
8962
5613
2
3
7445
1
6007
5
4987
55
34
26
4797
2
53
1712
12
9981
79
7857
3
9
2
1
32
6
456
2
2
1
5076
6885
15
382
1
9163
4407
8
6271
24
7123
7142
37
8
6110
357
103
505
1
276
1
3976
622
1
302
641
4752
693
12
1
7124
6959
1663
3583
4977
7
1
679
3915
4
108
1259
83
116
6165
6108
8121
3
6480
1558
1144
1470
7
76
1686
264
4061
2923
1
3513
1
736
95
126
6698
50
38
4
7082
1
79
210
3
1690
7492
3063
424
128
3518
3366
36
144
9554
3070
4
3508
698
3
3294
8457
5693
74
1
17
2
9953
2690
4848
27
493
4749
5
6778
7174
2521
1
731
1243
3
1
9471
5
269
1
89
3834
68
299
9806
833
1
8659
11
3331
3156
3
52
3
9684
297
5522
7478
5211
406
8771
6776
86
52
38
173
8453
224
762
3258
7691
1
9440
3
162
1
26
1153
122
1
7
76
92
2167
1
646
9552
2094
7456
9326
4
2
2
491
6
2836
3824
7506
3318
6
6840
40
2244
3
4153
5505
8048
4
1
8
7
6054
3
6036
2
8299
8498
258
1295
298
3023
11
9754
6471
1
5678
8704
648
5696
6531
1899
56
3
365
1252
2282
1
2719
48
1
8894
7573
3124
7660
1024
9823
9027
15
8737
1
3
4761
7648
116
6
154
9484
133
10
2
7248
7474
9860
179
2
331
3087
145
3937
6
110
6000
7224
6
7290
2
7216
801
161
9412
9945
2
1509
28
910
2776
2597
6708
7
8145
75
4272
8184
3
7981
144
1
4669
7
174
187
51
4031
2551
6445
9877
14
1
9
2042
8964
13
5427
859
3840
26
1
108
1
4728
3
92
49
1872
97
1
1
7323
9507
1
8143
543
129
77
202
1211
6944
42
36
3
117
1
563
60
4457
126
1
5997
1
3511
1724
2816
1266
8
2789
480
7495
8821
6474
4
5226
6
2886
5
2
1343
4514
2659
21
1794
6069
2
2
3
7387
24
5
444
20
54
1
60
1
2459
407
8092
4080
2611
5368
2
1790
269
3076
8
8466
2960
22
85
208
2
3
1203
260
1272
1570
171
433
6825
6
3070
2
3931
550
6323
9562
742
7228
10
9584
174
4594
2566
2293
29
1
297
12
807
2407
3261
2727
2800
8
5349
3616
3295
7671
2224
4027
3649
9444
9421
87
1
2325
6
860
5068
1
6060
44
4
5936
6244
7905
1
36
37
444
7074
4800
4165
1
1580
9732
28
59
34
413
210
41
7839
1
11
7
1
2
1305
117
1
13
8512
9935
8
2766
6
415
12
8354
7134
69
443
1
1
7
19
3054
2
10
9283
2502
2176
175
1687
6613
8919
2
5815
1515
1782
3
3071
9843
7
6
9412
21
24
823
1
727
788
3129
7
455
9
6768
11
1512
230
8756
4804
63
22
5863
9887
2541
2
18
11
1
4592
3
2760
26
9310
1940
52
1
4591
5621
368
38
7242
1618
41
6740
4
12
2
1
9744
1
4745
4351
3
9037
765
4519
3215
109
8168
1231
18
237
15
1
22
8009
35
4
2
3723
4869
1
541
1
6
1
181
1745
305
7
43
1730
1
1363
269
1
9262
1
8780
1954
708
6
6
8378
549
8386
5590
6074
13
5008
7
101
2859
8219
4676
33
37
98
8393
1
2
2
8454
3677
786
3145
18
270
7
63
9
415
1
3
327
2513
4880
7144
8715
2313
6965
2702
6721
4867
6917
12
4
1
7098
73
1
1
116
24
108
2
5608
6666
6730
2575
315
3
3
643
1
1003
7459
7035
1
8976
8934
68
1
1
123
1954
936
9400
5764
6850
6175
3
18
9
2591
24
2834
7152
9799
3582
382
327
638
3
1
1
12
6163
2
5974
7712
150
3
9849
5167
1
10
11
1
625
1269
383
3522
4
118
1970
9937
4504
8
9170
752
4467
2688
5171
45
689
13
214
755
7364
4
2108
7
2
29
682
20
1227
52
13
2469
3753
318
6
4356
31
1950
5494
84
2
177
8
2971
242
4
76
3398
8829
1966
1
5063
1
16
2
3
2977
3
5696
708
9
59
39
3215
239
72
2086
5
1746
4660
405
8219
9335
2795
2488
9041
1
1
9084
2613
2572
168
3442
6
813
3779
1566
559
2
972
31
30
1486
35
8377
9220
7739
2
5525
7234
1564
1
1428
2
5626
2
2
4395
39
2
5462
4188
123
153
17
279
5824
2716
6612
5140
15
1
5892
8341
2779
6015
30
5017
2
1415
7
2
52
1
7030
5125
3883
2886
1235
44
7
2184
3
5
7
1
275
18
7313
8545
7
1
55
8
2101
460
6
1
9685
1
7403
484
5375
8862
4033
1013
5
164
30
5
1405
852
3448
9175
8
363
400
20
1864
937
46
4700
5532
1
110
1
58
5
5
18
1593
6
1
574
71
1594
45
1
78
9336
9
8593
7084
662
8529
5
20
1
2
7016
1
1298
1962
5563
3930
3914
36
5
4579
7
3497
7968
1
75
3894
144
7
2228
806
1
7
34
9
61
4783
8388
75
7286
9000
2514
2
22
29
14
1123
9760
1081
8768
9601
1797
1027
744
6
5
101
946
759
5041
5071
3704
206
338
4501
8136
2
7
1
1
3719
6
285
9
4
124
169
7771
4388
1
5301
5473
1124
4
5345
3388
4
7299
9850
2725
39
291
7286
6600
7029
5179
7
2
2470
3099
4454
1
655
1807
6997
36
2460
2
857
2837
24
1563
1513
1
3176
1439
4994
2930
651
1
1
11
9170
1159
1826
9
2
1
2923
1
8052
8437
3
6557
8175
15
3169
3
2
2121
7556
4765
6992
2694
3
785
11
58
1
6
1
16
1
2594
1
4978
95
87
13
2
3652
2
3
3562
1417
48
8530
3572
8
343
6283
223
7875
2
4527
121
391
4949
2
43
1361
291
2238
621
198
559
1680
6122
53
8084
1
535
1346
16
33
4825
4514
8307
7
1
6247
98
979
6353
7944
1
2
13
1
676
6
3670
4
3883
2
7263
9363
224
490
3
654
1659
3
118
34
6
4
2515
126
388
290
2
949
7880
3
1
1
4071
2
3022
9
11
1489
2
7696
6563
9
104
1165
9596
205
403
9259
6968
4826
2027
53
3
7
5
2352
125
211
1492
227
25
9148
1
2
5863
10
454
1
1432
2224
8264
1
6404
5821
1829
4638
18
5
2425
4446
9488
1
2066
8516
1
14
20
1
9429
84
3
6637
8952
2185
1
875
234
2
2903
112
2
142
194
208
7938
6052
67
4977
1873
2
3816
292
844
1620
6089
327
4484
1
5
10
36
5535
2911
380
45
1
14
1897
9507
68
11
539
505
57
2037
1020
83
136
1
66
27
71
7160
8133
151
510
57
2
3768
43
8995
112
55
8
2557
9990
6285
1
7779
736
2505
1
4503
30
8155
2724
117
6
3
59
1193
4909
1637
4206
35
5157
805
1954
5889
2320
1
51
960
10
1
36
6631
1
7604
7739
2
432
1280
12
6
1711
4681
77
1
8011
9257
1
798
295
30
158
392
5707
11
53
1
3034
7286
7
504
1
7
8955
1
32
927
57
7667
1
19
2
3
3656
273
154
167
3750
1642
5573
19
1
3
1
1213
349
6
33
323
3
10
4
4625
7
1352
187
359
7389
2730
3106
3244
9867
6870
35
47
4411
7
1419
21
1378
1530
2911
3681
1989
9032
2445
5790
485
98
594
1
1
1709
1
228
7
1
9072
1
277
530
379
12
8116
3
216
714
2
6231
6571
3877
1
2
1
13
2
7507
1
7202
655
3
5002
502
1078
76
723
16
2
628
29
9048
8440
1
217
2
53
1
246
4469
2907
2636
2195
1495
28
31
9778
3939
247
409
68
19
9276
1186
6390
21
4083
31
21
444
323
9115
4
16
8627
916
4961
1
1
3061
414
40
2100
1131
33
883
6
67
6182
3
8404
8329
156
1
225
4
3933
3
1465
2751
3
12
1
1832
15
13
6959
4730
1
134
10
1766
6
2292
4782
2
3616
7963
9491
3
1929
2
9
78
447
1630
250
1
5488
7160
4272
998
47
191
1269
5952
70
1
3934
3065
1
9685
1184
206
7094
2412
9986
9
4119
63
26
5976
35
1
90
62
5582
1
5267
2386
366
88
1890
1064
148
8
5
29
1
45
3644
4914
6065
2363
1
33
1
82
2
863
1
9196
1
2
15
3
80
1299
4096
7118
5981
5664
2
17
4
1396
8434
767
1783
18
9153
60
43
3392
9844
556
173
6388
16
3
235
2319
3577
10
2
6610
2210
2
4176
2462
2966
11
6236
7
143
7781
3
1561
4539
7250
171
3142
8972
1289
7
9103
4921
53
2
2
191
32
8
37
6118
176
2
4
2
6375
1
1
10
9632
2964
61
3648
2913
1
2570
438
6414
1
3935
2
2
6359
693
4022
26
2
4
1
2
6157
2599
2318
1
11
60
7669
1
9501
1795
3110
1398
6
3848
1
9292
1
1487
12
146
1
2
454
2502
174
3939
44
1
8511
461
420
6500
6
3541
1696
1
6000
10
1
3670
3
2
148
365
4
2594
1
17
797
1031
7586
3945
853
3131
5974
1
6147
7
1198
4429
16
9917
3406
27
3429
7966
2
9399
159
5192
17
1
9670
1099
6
2374
9794
1905
2
5095
453
3635
8516
12
9103
3
774
2764
6
62
3
826
60
5685
1
16
5012
2200
4254
1
6856
358
8733
232
618
17
1730
264
10
2437
4311
593
28
8522
2
1
3
2539
22
877
3065
113
377
1
1
1
5679
18
1
7563
1749
4
1
1
4431
1495
3495
6
6804
161
5361
501
1024
2123
730
214
2084
1314
8545
76
8
7810
2
1
5551
148
8082
8776
6581
7107
5938
127
3778
7
11
4845
5723
9003
180
2183
3662
5
12
1255
1483
8
5782
1
338
6858
7726
8
2
248
5053
1
2893
1
1656
38
11
14
3
442
2603
1
1
7152
2677
6
6823
194
334
41
420
1
5098
4
9132
34
3116
35
6238
590
64
528
22
1409
2306
2443
1
8862
2
445
31
207
3
476
5742
9
35
2525
4695
2837
2
5699
5855
195
52
11
2
16
5468
54
1
281
7824
6
7337
7571
65
4396
2762
2747
5172
6061
9241
4646
5670
8
856
13
18
2
5748
1
265
1182
8093
19
20
1
8376
6036
23
9424
281
1
9493
2898
12
3
7
1
202
1
1
53
895
2414
119
4407
6550
3168
143
3
11
3277
10
101
6648
10
68
6
6130
1
629
3667
2
31
1996
7618
5
1096
271
8817
35
4648
3
739
153
2
2
242
952
75
8440
106
7170
8
7448
1
4234
1
6368
4693
3963
2303
484
2059
28
2041
159
2232
1065
1
273
1907
6352
246
496
4038
56
3694
4048
3402
5527
9973
1079
20
3054
3
22
1587
7
2084
5010
294
491
4
26
7929
3321
8378
1
56
8917
66
1
656
9813
1
2906
970
153
1
3
3
6996
6899
1
1
1
2511
5
2741
4568
12
5
46
5677
540
6623
3
1
1233
3787
1159
17
1846
7315
120
473
7060
431
252
7373
102
4419
296
1
2
2130
3072
1660
11
19
90
128
5
2
123
69
855
5084
6830
1106
4392
22
29
1278
2109
3144
3
200
1464
4
1
8992
7872
592
539
1907
289
1
6196
7437
13
3221
3
9237
2877
5356
84
17
17
7020
2633
144
6
8843
1971
33
2501
6
5392
3
2363
7694
139
2
2357
8385
2
6
7460
22
5
92
10
5355
3961
3844
1984
9746
46
265
2953
2392
213
1403
2096
6476
6948
7
5943
61
1348
47
283
5079
11
2893
5091
233
7273
1
6
1173
35
2008
7739
510
1
12
175
1095
6229
5144
83
8
5888
30
1010
1677
8017
11
83
2
23
6126
1270
5
6318
1
2
621
1699
1286
5732
6677
12
82
1429
7
3386
248
4516
3
1
4
7
7
2
5
4298
3
9110
14
19
73
8
4663
75
3060
5801
7449
419
11
1
5
584
14
6696
2
1
7
2
5
3
7286
4438
26
3801
1
2680
125
1110
6582
3129
3441
2705
1
20
352
4916
9
239
8621
4985
7
643
7252
1916
3391
5045
8669
41
154
4911
2310
3
40
5
3
6305
1
3408
3
12
8317
98
309
6591
4005
8323
1
6
394
96
710
81
6780
2716
1499
35
2
60
3711
2736
829
8201
2426
1670
2657
49
3
1353
2
961
1
5
6
6379
381
6
28
161
4732
8
67
1
584
6683
3
18
1
7225
3
515
7411
2096
2
3
2002
8
4
7
364
297
3916
59
1
66
1
1
37
2
7
266
4198
39
184
10
18
8130
9157
3681
2414
3627
18
2
1
3
9761
350
2
10
4432
1
60
6
8173
3288
4725
3283
9964
4484
1
7293
2
8178
27
2646
445
79
8963
175
7559
2
8308
7800
1031
8100
31
3
13
1389
2209
59
4212
292
1297
204
36
692
164
3818
26
18
6
8299
7192
27
1311
1223
14
4346
1
4574
60
8488
4089
3
5
712
4275
588
1860
2637
4237
3
1901
7601
2616
6702
20
374
2
3462
3
3092
8
5
13
846
101
9346
4
31
2
2
2984
415
2
9133
293
25
3
2
27
5
2
7642
8339
2695
6361
8187
53
2
9
10
179
105
9220
3127
9707
8501
65
7955
61
4363
50
7465
637
4888
6361
6101
7133
388
4806
6
56
1
2
2
2
13
54
24
2238
13
809
656
5603
6
10
34
219
7120
9265
1001
9135
3
3
30
9
126
4791
743
131
838
45
63
6932
11
22
7293
22
2609
52
2427
5782
1
1
19
20
121
8788
4365
663
2210
8
3
4
2
3
343
911
8389
1
8
163
3131
5224
1
5
2
21
1484
4565
8
2
734
1284
3584
625
9
2664
37
6
7620
13
9
5
4735
8604
4
3
1130
1
9236
1
9284
5748
142
8477
3
1358
5
5326
7432
2535
9
8998
6946
7902
4614
646
2
598
1522
1096
1723
10
1
146
2
1284
47
9870
7198
1
3
2
2174
7326
217
3105
5407
2
4
1
3724
1
4046
1479
8389
35
7520
1
2
1
1
9
4
1
39
108
1
35
452
8339
3
4
798
8508
384
220
579
45
8133
1
2327
46
19
29
4
4091
3078
2
4
6849
481
1
3097
21
6
7782
239
256
1
2798
100
30
29
3519
18
9757
166
3
550
4
2027
1291
3375
1
1
9398
69
7020
2121
21
100
9
3475
47
112
2592
2011
9547
1110
1
366
4
86
926
2262
8016
9229
1
50
48
6
7909
0
7676
3
3
884
2617
1
1
5791
103
8
3254
4206
6398
184
7520
7
3
7743
388
6470
1511
2
2738
643
607
4404
201
6
4524
2287
6546
9032
3359
9
1708
1070
8138
7476
1
8661
23
3135
7252
1504
1
11
8997
6927
1
8427
1
6556
9801
1214
927
4712
5806
3
283
15
1299
1074
86
39
2942
1
8457
338
1
1592
637
64
2705
2551
1
347
7
598
15
2762
3
1
6156
2
637
4
5421
5370
1203
11
4
13
5
7634
4137
89
4941
4
5052
3085
37
5681
28
144
1463
1948
2284
6
2
17
836
4934
9666
7620
2340
5506
4542
63
1827
15
137
7228
4777
928
9813
4097
8236
4833
2922
8529
1
4425
7
4346
4931
7
11
7563
6370
3931
9
29
5
50
4303
129
26
1
1286
120
2
3496
3940
208
3
1
116
683
4418
2
457
72
164
3234
481
8583
6
1492
7628
6911
1
5
3175
9115
1
1
43
1
33
20
355
2
221
3
98
6773
241
6332
5547
492
8493
4
95
3154
97
13
417
2
1
921
7318
8101
66
4683
123
5
7289
2
156
6766
15
286
18
99
122
5082
743
507
88
3148
1384
1
8177
9
517
9040
10
9371
534
4
18
33
43
4057
1
40
176
2663
4
2573
45
18
8446
695
7498
1
15
5
5100
577
2
5
2181
3434
7864
3
4021
530
3901
580
6208
335
287
1055
1
335
288
1093
6021
8363
6
8936
5
10
9871
5
3561
3643
3243
7
6620
9803
875
228
1
6051
76
7841
110
23
666
407
1
7589
4482
1612
599
2243
2
2
50
1859
1
6986
1451
8676
220
4128
1
4263
3
3
598
2
1
14
10
1220
1
743
3100
15
8286
6
3
5661
44
1
472
1
23
6021
6000
8
8
7
32
1
5706
170
4308
1
2574
201
7971
200
1065
466
2
125
1
15
1416
4195
9483
233
616
2607
2222
3032
779
4552
9965
376
4255
3826
2445
4
13
4133
1179
1
8541
7
22
962
1
4463
1
1
1
2
25
78
41
3362
5900
276
3
7
3
143
7121
1
5
6644
2682
134
5186
45
1
5
1
44
3
920
54
1
15
43
634
7159
5288
1
1383
33
3018
54
3843
3
9606
3
8529
14
2692
6
434
2
669
6
3
1
1
1170
4119
1
3
8448
5046
4
5
35
256
5744
8
135
1589
4
374
534
7416
83
4174
5
2
867
2044
2
1790
96
5772
7660
6125
136
9952
523
1
1755
9
7610
6659
3542
2083
6282
108
1
8740
44
5275
268
7993
4
6109
377
6133
6368
4738
18
2884
246
251
376
11
8380
4936
9
3402
5880
1307
2881
8176
10
21
16
1
3810
283
290
101
3545
4155
7760
2
2457
8756
8743
38
8685
6847
9596
710
64
16
112
4915
8079
2
21
1
5256
5577
2849
86
508
2
5477
2468
2611
30
170
6534
16
3
9626
3863
2
1
8634
10
277
243
1
5
7845
1654
5
199
4512
2229
76
2
3775
7
6598
8110
3714
2
5740
952
578
1354
532
8759
88
77
103
167
9562
3118
2
2
114
2584
3
656
125
285
2232
31
15
69
27
244
9
46
4
4116
190
317
5
1
2
2516
1494
4771
1
54
19
298
7551
1
771
500
2815
43
445
1
6491
1
18
146
8942
3
8
97
18
620
4910
6964
737
5
3
4938
8419
8240
3489
2
1
3
9265
5827
222
7672
6092
8526
740
5722
24
8795
864
12
5196
9166
1849
1551
4107
17
42
2283
7
120
14
23
1
406
24
3107
331
1
2
5633
790
2175
1
2
38
5861
5071
4
3663
4315
1874
128
69
3430
389
25
1
7
6446
7012
3175
4
167
1
1592
9396
7
296
1
33
36
138
16
9264
8604
6679
21
3
6632
638
4788
1690
3336
831
9992
2426
3
3703
3
5904
1
3687
8146
7085
4289
3090
1867
4
7609
59
1
8397
2241
9
143
307
5710
1819
2
2451
44
600
18
1
2
143
89
692
1
4532
46
13
3
2
55
5958
2
1972
8995
2
3067
8449
1
3247
4062
10
18
5118
1
72
5
210
2544
2
1
372
5
7947
7444
228
60
26
2716
18
1
396
2692
20
2
24
2
4397
4476
1
1
20
2
329
3
124
2
977
6
7255
4151
9685
8660
985
147
1666
7742
4942
2932
8505
102
9719
4851
1
9116
5
449
3
1
1
1
2235
7574
10
2849
3696
4221
5419
2102
1
3844
6219
6264
6323
8700
5315
29
5655
467
9515
28
1136
6492
6
107
4829
4319
28
689
24
1496
804
2
218
3071
2618
327
1392
1
7978
3447
571
7488
2
9646
1
26
425
9147
4708
202
109
1
2719
8104
1
3
6839
7
14
499
5262
5182
10
2008
51
1
15
7
5693
695
3
1794
1
9
3
2
1
161
93
7566
3
6208
2771
430
5
20
22
6498
2624
5
557
6562
3089
1
8
6478
3395
3
1
5844
280
7228
40
552
74
16
4806
4519
1
6128
3268
24
4
5834
7152
106
4
1
7471
82
7591
30
76
31
1
5376
3
1638
3160
5014
7763
5
1
4
3
5
3
5021
4553
3
7586
2
747
8263
4890
43
40
445
28
31
2262
518
82
3250
3173
8221
8336
5690
32
9
5511
3896
1
3
2820
8
7541
6
11
2771
1864
4
3854
368
80
5
3950
1
824
1196
2
3
4079
161
7018
5516
614
391
178
392
1421
74
5
93
24
78
1041
198
8823
22
77
14
130
10
103
3
4122
1
773
3098
3
2743
25
605
2091
3
9379
1808
3322
49
24
74
8854
648
32
1
1776
47
21
5098
1
3744
8
8933
6084
604
3
1
1
6
1734
581
110
4
8533
964
6599
388
14
2
2108
228
5872
26
4
2041
8214
11
2220
6410
7808
1766
6
376
1613
1
949
5497
6299
38
1
49
216
74
1
168
410
209
470
2646
4617
6992
8576
1
2786
3
337
4
8467
773
5735
9138
79
1582
833
1
650
417
1
249
8
9332
13
2
1
8943
5067
2
218
6651
6
2899
1361
6194
6
7944
1250
2
5264
4
4334
7523
290
29
148
2
15
351
8
9
26
1433
13
9993
5388
1
9907
152
5442
8
1
1240
6899
26
241
5
2
1
86
6743
912
1737
6282
176
1
4556
2097
46
3950
4145
5
5294
191
78
7427
4595
1661
1
629
1531
9
9767
6922
16
3203
52
3306
4079
4411
891
2
2296
237
1
7342
98
3
5921
16
3808
5
4318
46
3108
4
9925
7845
21
1
4
1
836
64
1204
773
2
31
57
19
943
6070
14
8554
1
100
352
2
6911
4465
1
4384
4425
4819
8904
6
984
9830
1683
140
16
6
226
6757
2
2629
162
18
4
3124
7640
3
21
289
3
3392
1
1403
1792
552
9
1452
598
4
636
2
1
433
24
7821
79
6431
2800
1820
71
22
4
1379
6591
1521
7408
5202
4209
2963
8
5
6290
1
6843
8143
61
336
8828
9708
1
5
1
3899
319
4592
491
6
169
2765
13
9
1
98
47
9951
8863
4528
1
2
1
1
3044
71
218
2
2725
6
8
785
4167
676
2
253
4
18
6522
8734
8
547
245
2
2
4894
2068
4
569
3
3
42
9318
3095
6
535
3200
9
524
4
1
45
11
6876
22
2043
8567
116
5
2
9318
5590
1
9230
21
44
5623
439
855
1
7
1472
16
3
453
8699
491
1592
5
6339
7896
3619
4
2
822
2840
5
44
1377
1712
1488
8835
213
42
356
65
125
6632
5
9926
14
2
2307
23
9869
1445
8898
6508
1
101
18
3529
177
129
3956
5334
2
4
4038
5
1
2682
1
8276
4582
1
5377
1
1
15
9372
11
1486
8778
6
2158
2636
347
3776
7498
8348
2
4672
9341
347
2619
2110
2
97
9010
44
10
1065
1101
3313
74
45
4943
4168
7
6380
4
8507
119
87
2626
6587
17
54
9615
5846
4404
8336
7
7021
2480
2
3915
1
879
7136
1124
6118
87
2
111
12
4
7271
8370
6062
34
2770
415
158
165
8
2055
1
4959
69
1918
18
1
151
1
5498
1
67
4
9010
2550
8322
8126
8636
6
5
1108
4402
1
34
5811
197
3329
1
5200
1481
1227
217
4329
8202
5993
4
4
5418
4607
85
6642
6850
9897
8
4376
240
2
6080
9680
13
4
2482
9628
5816
1
8492
2426
8
167
68
6900
5275
1522
4032
7834
7784
8937
2837
17
4785
405
5156
1516
1
519
8
210
1
6568
1378
3696
8680
2
5272
26
30
13
8218
2823
8
3956
9373
20
20
6856
6997
2321
368
2912
8989
3792
6
7
1
3169
8
1
19
1
136
841
7529
6411
1
6
249
2
7219
1
213
4494
449
1
604
1
582
3872
5595
8082
1
1
1
1
6877
3179
567
7224
6893
109
5
1
7
7785
911
4
2430
1182
2
4715
60
1516
35
9
6184
1992
1
74
2643
2554
6742
1580
541
147
1329
3
1252
1
2618
130
13
9694
351
1
84
6976
121
6087
4
6488
5064
618
9
1
1
34
3588
1
5334
7645
6296
315
371
4
5143
1187
3906
305
3829
9014
1
57
8285
5157
53
1
753
24
2960
1289
2871
10
1592
133
1604
6
63
638
2
920
2036
4462
2
6259
3
7
9612
3717
7513
92
1
81
8
46
1955
88
463
27
4
19
5
806
1122
192
9380
261
5
185
8841
460
5
9341
92
1
5
120
7169
1
364
33
1555
31
1
2
6998
5114
1035
2892
1372
4576
2
71
156
416
17
9916
106
577
2
1
207
32
5
2605
5
10
5033
1324
2054
4
10
1
8120
4277
69
88
6784
3481
7049
1
5525
2492
5045
74
104
4188
5831
1
3429
125
5
875
41
1
1990
3
3
12
1327
1
2
13
42
605
6284
1004
9552
247
664
4153
1
72
5771
4
2641
7
18
8622
3
10
1584
1
21
629
1952
1
1
1
15
1
77
8402
5796
122
3103
90
1
1008
696
5550
28
27
304
8289
16
7519
6
709
3406
6552
6
3
1
1
1414
6587
372
2496
13
5689
1867
9149
1
4
1
14
1
6303
1
44
3
6993
33
16
6
11
4947
1700
8
542
2062
8
6600
4
2226
2
348
9
4085
914
5
7755
1
50
6982
8004
1
16
83
7131
2559
1
2199
1
2
4
1
4149
7046
1055
4340
5216
4155
2577
4
6217
8855
1690
1401
6822
4
188
7
1124
809
5576
4464
10
1
16
1719
8732
9350
344
50
3024
2934
3199
4
6796
1
1663
8194
638
46
4004
6489
46
1
905
1
4344
91
6632
5141
1454
9308
9825
2173
50
2922
95
1278
9
5756
29
31
3
32
105
3753
6312
103
4950
6
8
7314
1327
1
998
23
7775
10
383
275
12
26
9
1
2
957
4654
58
764
3233
41
5658
21
2
5976
7931
3775
5892
1
2520
2115
213
3264
13
4
1839
2452
9595
9617
5
48
4890
9837
7356
99
5100
3274
213
7
3524
9228
1442
6382
6
518
4705
1872
1
5887
1259
1
134
160
12
5370
231
6411
10
2998
4035
5385
751
5
9549
1
10
1
949
1761
26
17
703
2839
334
33
5780
212
1
1394
51
90
3938
3026
1288
1
1552
104
2724
57
289
7266
916
4785
7698
9313
791
8559
5110
45
1
181
1
19
905
1515
9232
5
5568
2
2
2961
3711
7
140
1
18
419
3650
1
11
1
2
297
135
14
1
26
2771
1
196
1
58
8
78
179
318
2102
8530
301
16
7712
1
1458
6470
1
1
1
9
20
11
8839
662
3665
6
1338
3901
900
2123
6
1674
95
2
709
8847
5331
24
143
2267
1
2048
1036
1105
7
7319
787
4
24
394
3300
1803
4610
89
5597
1412
6
4622
14
2626
6140
742
7851
2387
667
35
2403
7121
2149
3
502
13
1
1661
1
9
271
2069
7176
52
4733
1
11
5626
6527
86
1
1
5794
2837
2392
1669
1
16
2050
9
103
7
1171
9018
2
8
118
325
6914
124
3408
4505
2377
5808
6048
2947
1350
1338
2924
3
3152
1
485
1588
1758
313
887
53
9234
23
1
467
1
1843
154
1520
60
1
118
9999
9413
22
2368
657
7921
3231
6865
1186
86
1
612
6402
1
3261
50
9630
9071
11
12
1654
2746
518
2
3
6
2261
6816
3
5936
1887
7895
4283
263
2
6357
2211
2191
4739
7
4766
1979
2605
7875
6
1
9202
4517
16
1
53
84
8484
1
48
6977
28
8932
3301
15
29
980
6627
6219
4250
2
2
3
4
28
9915
14
4564
4608
2991
17
122
1423
10
6842
1
4437
7061
4171
38
5324
6658
514
2
314
267
4585
6770
6718
2160
4331
1950
25
4451
7827
29
552
7
1018
58
4807
8460
826
2414
3145
1074
4927
45
1
5933
8801
9025
13
7787
2582
5566
2
3
2495
6900
1
829
3630
6601
30
9463
182
2881
4450
2031
397
8388
261
8378
6718
4
1115
7
9612
5185
9709
8024
403
256
2
2
8183
7136
3
1
4111
36
44
110
2
1
1
1
189
6460
5
3281
1
5
62
12
159
3230
4758
1787
1
2228
9988
1073
2973
985
595
6
1
5351
920
5
5432
8720
3
2621
26
6154
1
1108
3
2643
30
48
7
1
6
7251
1
5596
2
638
10
661
5501
45
1953
3789
10
284
147
68
2334
32
3299
9156
791
37
7
8
5248
53
5
5937
1342
5941
26
413
2
21
8
1409
17
722
9
770
6448
1146
109
32
825
2373
3
4
4952
3
451
3430
7370
24
98
316
3
3
4800
832
6
3032
472
7307
7923
16
4942
159
3986
6510
865
526
5206
3
465
111
8789
48
11
9
20
2202
2
1
1356
41
2516
73
1
31
5710
9021
1772
1490
990
78
7056
2478
125
1066
5807
970
1126
2868
260
1455
1
4992
4847
6024
7266
44
4433
38
1
4924
8708
2321
1
4200
5581
782
15
5833
1
6651
9
153
3079
23
2596
7308
983
36
8084
6454
282
2034
1974
7464
596
15
9904
4075
8311
7617
86
3014
7
34
1
6576
4
506
79
360
3008
1990
6991
4
814
2707
1533
26
419
51
672
455
5182
25
1332
14
4335
5689
9588
5797
838
6236
7139
9851
3685
9
283
2561
22
56
9689
3
1
2328
15
7736
11
8351
914
5190
64
8044
1679
46
7546
8020
1
8300
5
420
17
3086
58
5648
6
2
6367
8207
1
1
2
6061
9324
1168
3310
1
3
8467
1
3634
1
6809
2
162
89
9
7481
3176
985
1
879
7172
45
4
81
4717
9
60
3978
7755
672
28
780
1031
8
58
457
8386
8885
632
17
7439
181
1017
56
2
3
2
3
3
1
2408
4669
412
3545
266
9492
3402
97
292
3257
4
1
30
3907
2426
15
3450
4718
6983
7112
699
5956
43
18
9369
1682
8508
2533
9
18
681
6
63
448
6921
2
6229
97
111
446
4762
97
1980
2
4473
98
2463
9672
91
23
58
11
1322
9
7957
1
6711
11
2
1920
7128
3222
2103
164
4836
53
882
21
2
2504
3875
1
855
3
288
2
3125
6475
5
7
11
25
5
8446
1
9849
2262
1
1022
1269
7301
3
13
5807
4800
2662
4
401
259
61
2440
3811
4693
10
739
11
4
8
215
1409
1
2
2184
19
4965
2188
4825
508
8934
1797
13
6703
2048
4932
196
3
325
9
2600
27
7696
9110
3
27
2382
1
5361
4551
11
1
1
1531
3350
1
239
1
5224
1
1
1366
7997
7
3
29
24
49
7144
384
1
8
4
9528
23
9872
6581
3136
5553
2
210
1
1
5
6012
5
4550
437
3847
2520
4778
2
6672
6630
5299
8033
4800
17
9767
6687
1
2634
4
3654
5188
4
9
1
1
1
3
99
6644
126
45
2518
2
5534
890
15
7053
7206
4184
96
2177
24
21
8722
5138
264
4
7841
51
6
32
2060
2
8011
4207
8678
6479
31
5
2
7460
16
8
763
8482
3353
6192
155
7887
6439
4
49
26
10
4
7532
84
43
41
122
5
5387
214
1508
16
6
149
5944
2
1
5313
4
2359
88
250
8770
63
6485
8657
422
6737
30
4
9353
771
7
7976
110
15
8005
8359
66
996
7473
1883
75
13
197
135
647
1
3092
9703
2
1890
6
8743
5
1
429
1
2
51
5
1
6360
1
173
5
4871
80
3747
3736
4779
36
1461
8505
26
8404
18
5696
1
1
4384
2490
2
2
165
4
3
2
6504
18
1
141
6765
5310
1047
6240
27
4868
182
269
9894
1
3009
6
2074
1427
582
215
3606
2162
5349
1
5036
104
7314
3
3513
7132
247
9384
463
3
143
6039
4203
9016
6
5735
4
3372
6740
2
4
1152
706
4
858
1174
5505
3
8234
5760
5067
1
358
7920
6517
176
6
2
9275
6672
44
868
8302
6666
47
92
2
95
1
8124
1
113
2224
783
3646
82
1
799
117
4022
8967
85
10
31
25
6
2
2
199
378
3232
195
67
17
32
7336
19
9683
39
9695
9233
7292
2206
1
5605
2
5566
6518
1204
1
716
4645
134
7288
5769
2426
837
604
1080
110
3376
1
4
2
37
8
6082
183
8
7472
464
177
6
2024
1
144
61
8573
2462
26
9175
3
72
320
1514
1
6660
1
8109
6732
1
2
1
7793
8112
3
536
4674
1268
111
1290
1283
2562
8378
1660
8840
3583
9811
821
8123
7982
116
1397
1
3038
7874
4
2
77
8868
4318
111
18
8069
38
2
55
1478
1
5122
9462
1
14
1
16
6489
27
3971
3
11
254
1763
1827
751
7724
607
1
2018
42
2005
2601
10
9142
9188
188
1
366
309
345
1
1001
6497
189
6263
3
25
5486
96
4228
1025
17
215
2
7320
9
329
1
1
9089
110
199
654
9718
144
103
5274
8
362
9046
125
12
868
5831
337
5
8095
2
584
1
34
4887
692
6856
5
4325
840
5272
4756
12
83
6518
129
4646
17
6390
4719
1505
41
1175
10
2
9031
15
836
9731
42
584
151
7991
2
9939
7801
12
4622
3412
5085
2
187
5
65
3899
25
2793
2215
2
1210
629
3127
5616
1045
1817
2198
4387
1
5
27
944
26
9574
5126
7
1135
1
10
8170
18
15
31
9671
551
6237
8257
6751
6901
184
22
1475
8795
2123
159
646
209
97
13
2317
54
534
39
554
2
3316
63
1673
64
4916
4
1
28
6
5139
5927
4755
4
5286
6908
2
165
404
37
2
6
5560
8404
2158
4297
7
1
1
21
1
1
1920
42
1
809
4152
3711
1018
9038
3303
4
347
63
5
216
2
2
1747
133
51
36
7494
5
4
924
1
33
1
3187
2
2
49
52
7
7985
2
2
2747
7003
1
8
57
706
36
2
1203
1059
21
8504
1129
8633
7028
5
7481
7644
813
40
1267
3
25
945
161
206
722
364
6
6838
1
7468
1
1320
7
2
243
8490
1263
6921
9630
103
28
8213
3400
1079
3527
848
9
185
4706
248
8282
5
1754
63
2295
6293
1335
4
7
6
102
53
3713
196
5
4228
1
2544
2100
9954
23
43
65
7361
6876
7566
656
35
3
7
2
971
11
7720
5
8
1
6723
1918
448
22
2
41
1
47
6829
3421
1340
1
168
1
1
8659
265
2904
7
6558
1725
588
115
1676
5148
378
173
85
7464
7871
6
375
2403
8557
9254
157
895
1
1
9
3544
1318
1
2595
124
498
3497
4223
9294
7792
7535
10
167
897
2
21
1
6560
5134
3
2962
5825
57
7740
3109
1
119
3
490
57
6
330
2819
1
3833
2
2379
4115
4716
7171
729
9181
4643
1223
744
26
7466
1618
2663
4
7593
1238
16
12
504
2967
1
4173
689
166
23
4
4735
2323
6670
7
601
8444
11
4585
204
3739
2
564
2
1661
3
1
5807
5
8754
10
7860
4686
6198
3160
3
239
1001
2
32
1837
16
1909
4849
9085
26
615
1
8
39
4955
464
3
3
3
7252
5159
365
2483
1
3250
3
3191
9875
1
1
28
9669
2753
3
2664
2
218
67
186
2243
2141
1
16
285
678
942
39
1489
1
2
12
5
301
1797
1
12
35
2
18
6096
11
2629
1240
1032
21
176
1773
5
180
6788
14
49
11
3470
8494
4
45
2
8772
76
133
7568
2
1941
6533
537
7990
1
556
63
3189
3009
32
742
7677
8543
311
5
295
197
662
47
40
6168
1
1
3
2
6240
27
201
1705
4
6
3
9043
1151
2
5732
9652
1745
2376
5150
13
812
9151
1
1
1
4813
1
43
927
5131
1
9
1
6043
2214
3
743
2357
5451
920
236
87
46
27
203
7414
8118
3
3
3145
3790
8311
11
3
4414
1
4596
1
4416
8253
165
769
2680
4
5398
3
74
2145
4
5
7690
1
43
5700
4303
95
135
547
3305
358
5166
86
2
5572
320
3481
12
9767
135
9
2
616
27
9652
1751
6
678
6
1
7974
568
33
263
3
9561
1395
16
52
6
3452
5800
93
1106
25
1569
639
6942
121
2291
83
2
493
18
8622
21
9491
323
2
1355
3126
140
9371
6991
1
3209
107
5665
2
3
1592
1
692
4511
8351
311
9535
171
313
2
2
2894
7
1201
9818
4994
6613
1362
125
6
1
12
744
7
9
437
2
1
3
139
8
6
783
2489
26
2336
5087
696
4
2165
4
6055
9835
98
3556
6379
5581
2
6240
2579
8450
2
2796
6045
3
3639
1
9837
5547
1
110
4
1792
5267
2
27
35
1
2570
4
1
41
4295
15
11
3
10
6827
2
55
9966
4147
4668
6000
1476
1
34
1751
3980
2985
1
32
15
42
6569
358
143
142
21
5
152
36
2
6788
832
8464
21
3788
3701
3645
4922
182
2
10
1
1
8028
5590
45
21
35
4838
25
6648
62
5332
9974
10
8
9693
2
7233
90
5
607
274
148
5238
1
7823
91
6141
11
53
5903
6223
1492
6235
3
3393
7536
960
6
3664
7
102
9719
8469
9489
46
309
1
4327
1187
47
931
39
37
18
5
1
1910
2
2
6755
16
6434
2
5403
329
13
3061
261
5
7
9867
6772
5324
7
46
135
9744
287
5276
2
14
4311
1116
8221
4643
10
67
1
8089
23
1
168
1
4
7818
1
45
3
5853
156
671
8641
2306
1059
261
10
1372
4108
4
1606
153
282
8903
2
24
8
1717
7086
7452
352
5419
5628
202
5
15
1
2680
3833
7537
129
2
9905
40
12
20
4072
9
2
1
11
625
2
2
360
2279
2
18
8422
123
8
1
8069
8049
53
14
53
917
1
838
9990
20
6990
1031
8861
758
2
2223
9080
2912
82
25
2805
7379
1267
1839
68
6676
7405
126
80
3247
1
1426
4
3
3708
1
32
192
6799
4164
56
2205
5951
11
133
545
15
1
1
1
637
231
7
6859
9053
2
1
7
47
4586
560
1
1
1545
6295
1
3864
4993
4
6280
8
8715
7099
6366
8496
54
2773
715
6773
138
2017
1
334
46
91
2684
1224
49
21
22
8843
240
4747
8735
1
4097
153
2958
7246
112
1
204
15
4
1392
4937
16
5750
6
30
7
2
9488
6431
4392
8274
2
38
1456
3037
2
6116
105
9056
1723
8
20
7703
3
1
3613
62
1
1528
5478
4137
72
276
33
1587
150
772
2924
222
5893
4916
97
772
1759
2870
931
3
1062
13
1
1030
2398
502
28
4782
2
3113
1
188
147
236
142
9108
6969
72
6749
1976
507
1
5225
7196
5054
9031
332
4
5165
20
6081
6675
1197
62
1636
714
6934
5071
7141
1
3421
56
4
87
1678
396
5312
8
16
8885
12
7400
18
280
505
20
5984
4126
34
1
4555
3793
2
23
3932
4067
3052
20
8454
135
3
3
9056
5
4551
39
7452
361
1695
5346
6045
3
3118
1
5
552
12
4
22
452
2
6015
7082
5369
729
63
6261
8253
1383
9758
9630
7576
1
20
1163
4001
2
1
1589
3114
1
2555
5014
8
4
1030
1
8371
6818
42
3641
2
116
1
34
9066
4320
227
922
4997
6035
9108
964
50
3715
4
2293
1
7027
3613
699
2660
6399
6122
7
22
23
153
565
73
13
8106
689
4
695
2078
6168
2480
1
1
1684
2
5382
3
921
1944
1919
58
5884
5
8
5084
8746
9076
5271
1
9612
6196
1
1
5
9068
1648
5849
657
48
7595
9093
64
8921
22
406
101
12
1
5241
5417
716
42
1863
6
7713
4
4270
5372
3642
7081
7
2
3692
4545
3
7443
2425
283
1
7504
359
6691
5854
1
2228
2209
168
2
705
27
3859
2713
7098
17
153
832
3959
7422
3
1021
1
4540
8
1
153
15
6884
2598
644
136
327
8642
32
326
69
36
2552
9434
1152
218
4
8465
8513
1
64
1317
2416
4906
4633
1850
5999
83
2609
44
4690
2
9468
5
7971
16
1591
1
2
1731
499
8584
6
113
2340
6426
4
43
9023
20
5590
62
49
3331
5254
166
8
6732
2827
5268
9015
9431
5078
1
9611
971
7
208
8350
2630
9092
1
5100
4559
5
4891
4708
9
12
257
3488
4
24
3
2648
1
1
58
13
1628
12
1
228
10
1
5806
4741
160
831
1
3
8002
6394
5829
1
89
6452
3076
20
1414
1
1
8229
5687
6546
1
680
370
9
10
1047
12
3
5577
34
34
2
2
4527
1698
1540
1192
3
41
37
8825
1588
569
284
3471
45
6976
9032
29
33
57
1732
2640
1629
157
1
10
3436
17
615
1
51
3322
9089
18
5767
814
445
216
4
1419
1281
5039
3834
23
10
7756
13
956
3030
1
1513
10
17
6
2
3327
341
43
7
3
7
4401
475
962
6
9695
597
3520
1
1359
1518
1
1042
3883
8832
5
8903
6425
4469
1
5214
109
6108
2
9
920
256
32
11
234
1873
2
4541
1430
3113
123
1624
2
2986
206
5
3
918
31
2552
8
14
8363
271
6393
632
6608
6
8591
1
12
177
4909
360
4
7058
5903
10
99
9280
1163
5384
3929
45
2302
3925
203
1
1
645
24
767
3826
643
2098
8804
3562
1091
41
5
3578
4639
5127
1220
21
4
2
9922
27
100
3054
7760
8
6807
7
620
49
4
9
6
12
3344
8718
5
491
1213
9891
9904
1
2057
105
79
67
44
789
522
3201
2582
1
6074
104
1
1
3
4362
1
6364
7098
2343
1
6008
3773
153
5542
6621
1243
6184
1
2235
5885
5403
898
205
12
8272
7493
643
10
8975
8904
9323
26
8386
6115
1
1
14
107
976
31
8162
2772
2
138
17
898
765
3775
6244
410
9650
1747
8144
1
127
18
4
12
1847
2967
20
65
9798
1
9997
1496
5485
28
8925
1
47
4
7347
2
144
4161
16
1763
7955
38
5910
10
14
5485
22
1
1448
23
4653
6045
2
1164
1
21
527
5
2233
1984
8589
8574
4213
8951
11
1
20
1
97
546
3
1
8893
4687
2832
7692
1611
4763
17
2
1
216
2
5368
8846
5307
39
57
2
1
3059
168
2
4
579
699
14
4
5056
4201
8579
5011
175
482
7043
4
2
6325
5433
4095
1
14
5886
544
955
163
9105
5
3
52
52
5071
155
5738
1
1
158
1771
12
3956
17
3286
5510
7074
8870
857
234
4493
6
2609
1
1836
8
2798
2007
172
911
127
4
8955
29
5
1
5488
3988
1
4
2828
5993
1
205
3758
1
230
160
52
1
118
1696
4
14
27
30
6
20
5040
515
9602
37
5
323
3873
2163
9412
93
3917
1
2922
6162
61
2047
1850
8698
5
1
483
1936
87
3895
18
7667
1663
6
9818
2
29
1398
127
211
1547
383
454
4633
257
4
829
92
1
11
2600
4001
2848
2265
4275
8025
266
2856
94
8
100
21
8594
4228
28
32
1618
40
4831
9374
1
4698
1792
949
19
1
1466
73
17
32
5993
5
2
26
3
7845
5098
48
12
2687
1
7
336
294
1504
8428
1
58
476
12
1
898
1
3175
8646
334
1
1
180
6228
1545
8312
9
510
3
6451
3661
2
18
4865
2888
39
36
1
19
7
3588
1649
907
2609
81
4383
159
1
97
759
130
1012
9416
1619
4722
5027
2151
4
1365
3427
8532
2010
3691
3714
509
2
2649
8656
85
1
3124
7
4291
16
3558
1738
42
765
1
648
8
28
2149
4362
253
9525
7201
35
14
6
1
74
11
1
7910
1561
7325
6319
1817
98
1514
4247
2835
1
4746
2
2585
2
9146
4907
7176
1314
589
1766
1551
5425
2816
3
1
528
4411
1
8246
7401
16
1772
25
5950
2033
2298
6
1
5808
54
3802
3364
13
3453
205
7640
3372
2791
6853
61
929
5
450
567
2
1
12
3
4717
32
7512
7594
28
1839
24
12
4
173
1
1
6832
2
299
9834
188
2573
1241
2534
1310
595
8307
1
3986
20
4824
8019
54
4043
52
14
8867
8995
7950
1416
16
43
3455
18
275
34
8362
4
9
4
7810
487
9572
1679
4
1167
7
246
3381
2958
2730
51
1
8761
219
5181
327
9984
1
360
9147
3
5
1133
53
4486
5037
4320
2346
12
1675
7609
27
61
1
4
380
1
63
2940
2395
1130
3852
6
2199
5308
1894
1511
6162
748
5007
226
1
12
4743
6635
209
263
2000
10
9888
2659
25
1
7724
110
704
190
3
83
70
35
3469
325
21
8660
533
3
4
57
33
4295
9818
1
24
7920
8604
4
78
1
6060
3860
9290
1758
862
10
2787
4359
21
852
13
2
694
1934
4278
328
1
61
1443
16
2
9
5137
417
2866
1393
9631
5767
1
8078
558
5882
2243
7
2
1262
2
109
7028
9294
81
5035
272
4855
1415
8999
5685
3
12
1560
7166
1
6
15
2
45
466
1115
5
161
33
4
1112
6160
1306
6
3276
32
8408
2
6836
1
1
2
7393
2
270
8896
875
34
1
5996
326
99
8175
6812
717
4942
8
8443
8674
5
4256
1
1272
568
4241
3755
6805
7035
1
2144
5748
1
4475
90
3387
3689
53
5140
2898
3
2
1016
270
432
5310
40
7417
439
276
9856
93
59
2721
19
111
15
3895
20
4016
1
1
1
6837
744
1625
7990
8224
1203
146
1119
2685
8410
1
35
110
6942
3
137
5354
6
4357
5537
57
2
6
4073
7021
1866
1
1
9001
11
10
7739
3945
6995
7
9465
3414
2
8742
9284
4
7
656
16
88
1964
8126
938
16
1
150
7711
5403
4859
36
4
1
9651
9772
16
4128
29
8265
8531
2873
1
1
197
9611
337
6025
9651
4
5
1
2
9436
1209
6408
428
9779
51
3
9522
7903
7954
19
174
6306
6281
3
2
23
2
9
3630
1478
8021
5473
1
1205
7070
4576
298
2260
12
6
6209
4696
3739
4034
8113
359
1952
127
6842
4476
14
2
43
6725
2693
9
6816
4041
1
3
81
38
5
1
6942
3
245
1
54
4058
2
4
9315
17
1
3
3785
6946
9894
19
1207
547
7995
2953
770
2076
34
3202
14
2
24
1
4
5483
1
1185
9065
4155
45
130
1
8682
3
4467
4587
1
51
2
1
2
14
5327
60
2
4260
6194
1
28
6256
6824
1
1917
673
231
1325
7
4209
6365
22
12
1
2
6741
925
1
5
390
199
4527
14
8726
919
3644
150
81
2
3469
1526
1
5685
471
3946
4410
11
21
7805
33
9505
7267
120
1
1780
7966
18
145
39
5138
3568
9
5430
1
2359
733
7520
13
6
9471
2
6940
5
7215
6151
8400
1
91
36
4
5521
6400
9371
1136
5529
7009
1
2158
5902
5414
6515
9787
7763
3215
823
81
853
154
7039
6888
4
5258
1
2822
1
7974
3600
808
1
892
4363
26
7
12
68
1
12
198
1204
1057
879
12
55
1
11
29
97
2
3010
7
4
712
6125
113
3737
8942
1396
319
932
342
608
7
62
7084
23
4663
156
7061
2223
4158
2
1
1
8848
2705
1349
4831
6008
5
665
61
1
3373
75
9816
4951
7736
1
8
5912
511
3333
2490
489
27
4356
2
104
2
70
8200
4
3765
2741
8
493
3124
1525
1692
6625
59
6
3644
3600
192
34
2528
1
11
7328
9341
1
50
4783
2772
2198
1
114
1700
59
42
2
1
6
1
3504
22
162
166
1043
7326
1685
1
1
2
4864
5
8235
2116
2863
10
2
853
1
2
266
7839
25
9176
1419
2455
29
6361
8444
12
4
1984
4577
3817
834
2
1107
62
111
15
1
5602
98
6976
317
3626
2
1
4861
231
2
3037
117
7527
6680
4667
14
522
9867
316
638
4983
88
2
7337
4226
6
1
6479
3362
9
5159
22
92
5211
4612
2
19
3
1
3
2046
35
22
1327
1242
3362
1942
1
9855
5066
838
320
4734
9024
6258
3812
6779
7415
44
1
2
2167
427
12
3287
3483
329
7301
21
237
3987
9834
4003
23
7415
10
4395
2894
1993
51
184
3746
8417
9392
5984
1362
1
109
1
317
170
24
1857
1459
3272
46
4828
1717
4609
7075
623
5
7465
87
47
2103
2
3
15
9855
1
9429
9016
11
76
4303
1411
2257
6688
1
9348
6107
153
3975
4939
1915
772
2382
2012
8820
23
3070
3373
5248
3592
80
6
3310
45
9291
1
5424
24
5
1
31
514
2
8005
9136
4753
6984
6009
680
55
1
12
6
8
18
6743
6575
3274
7255
5183
7717
102
41
4693
1241
5
614
3
5206
1
484
27
11
21
1
1107
73
9532
7630
7258
3305
2
6871
24
3632
181
3
7592
1161
1229
13
1693
3358
1
8235
1779
6812
3465
6865
7
8428
7237
10
5636
18
3
5889
2
2
4590
2086
14
7
9
6336
2
4
2225
1
5320
6975
2917
4109
4584
318
5579
3668
1
6
233
4275
2
9969
89
13
6532
3817
5
5623
4923
8203
9727
2
8531
1
20
13
5799
2
5264
3727
8966
1
271
6626
9949
3705
1
276
3461
992
50
24
2997
1
11
436
1
672
9184
6639
6702
7965
5493
2816
21
113
268
3
74
508
1988
2211
4352
1
5611
678
2864
8950
8
4855
3
132
2480
150
1
19
37
1560
3476
3261
5
7427
12
6257
7
2789
11
80
23
427
451
814
5875
8378
1181
4
7189
2514
5
4
2
33
4
2381
1
3447
8559
4279
1952
3689
8
2382
1
415
219
2
6
3054
7774
2550
1
8
6
7393
2
4136
2953
1428
6531
8
6942
127
46
1
2326
7467
7
123
32
5602
11
1
6039
1
411
10
2239
1
21
17
12
8880
3856
8803
152
1838
6
7390
4735
826
3055
15
87
68
391
855
2551
4154
4569
26
6239
5137
1783
1
412
39
2359
2
40
6407
7756
1
1
7417
20
8241
6899
2
2835
13
4777
15
13
1
3777
24
2278
3220
9
1167
1
2928
2848
1524
223
219
1403
7743
385
4222
1
7
5340
9376
5859
1113
7664
8640
1883
9
196
3135
2632
434
2484
9642
4
9666
6636
1
1836
680
16
11
3244
311
5443
1
1
61
92
1
1
637
91
4588
1
1
6
19
68
3703
348
582
6653
3258
336
16
890
7081
3
147
9026
2
77
9005
2656
4394
111
940
2
835
4406
917
4056
8
54
20
6
2173
8464
18
11
4304
1
8619
439
24
6847
699
8469
6377
2139
495
3
39
8
7
1950
5908
4418
26
8650
733
8005
7014
3719
4265
6
12
3
3995
8078
4
103
17
3536
2
821
9
8158
8
4441
448
3790
18
21
2317
2199
2671
3
1
8718
334
7752
2748
3364
9987
515
189
9108
1895
3995
4279
6176
2
2975
6
112
856
1890
531
1
1
9734
1702
1
124
9538
2775
9061
29
129
384
2186
1608
4670
1
55
281
654
7691
20
1
3
77
45
137
3
54
1
9693
363
1552
1
9994
8631
2466
2
2
3467
2390
9389
3882
1
5216
992
1624
307
250
5621
36
5
421
1
1
49
1
74
1774
7
2091
2107
932
1112
2
40
3
16
2295
2242
32
3
30
3362
8
195
6624
3
79
648
2
22
5
5174
7
7272
45
4630
3359
5401
2
4
1255
7131
9092
7
4
58
4011
1
428
8811
4874
17
366
1
13
1057
3
1
2
5738
4720
125
9
1
7694
787
9468
1549
3
2307
4689
2
1
3748
458
9159
9136
8368
5743
9671
12
23
14
367
478
7377
5658
13
9
2467
11
1
3
16
34
3794
4
13
33
775
19
6191
5661
501
11
2221
553
5939
1833
106
218
5
5541
189
5568
8158
9301
939
1
73
80
13
7029
2
3178
2
3
6724
2229
2
3680
4512
1
2
5405
1
7037
9428
1
3837
2198
3780
1
1022
7
2438
2
3
1378
18
106
6581
238
11
8799
422
21
9300
73
81
11
2
3
330
5972
4497
2182
13
1238
7429
91
3189
6643
4
34
3
3101
3
46
1024
3
5015
3342
2
8344
6
9486
1
3
1465
1281
8491
12
9
51
20
1
8055
145
12
7306
21
4
1245
332
5456
18
2986
2
1
1
2
22
25
8962
7
1763
5480
2
5096
3
4650
4670
9
68
2923
2253
46
6471
87
48
2
2
8248
4949
7167
7307
495
1
2593
24
232
6024
8173
7255
1
2096
877
5160
1
2210
6087
1815
45
852
9825
3
72
8
6090
212
1
147
849
4832
752
69
1
3958
1679
5167
3287
1456
1
39
5567
25
312
1
782
6
2287
6235
6604
209
2
12
441
3283
555
7529
5
18
3
8370
12
5508
2
451
3037
1
80
7985
33
85
1
3
4
7653
8329
6741
9207
4219
5631
191
45
6924
8075
1718
161
8200
79
1
7780
2181
39
968
3008
8821
2038
13
600
9
9681
2291
12
31
4
4973
132
4212
92
36
1
6
9
972
136
8
8613
5312
1
345
9055
6514
1
2424
8996
56
3
140
4209
1646
4981
8898
2
5191
9
9740
4651
1
6603
504
6381
4
3
8757
100
4007
5763
1
3131
1
7
234
2422
2087
19
3
55
936
2339
194
6134
1
7
6576
644
1
5859
5740
1
3
5569
131
9621
7784
275
6190
3513
17
401
9
51
1817
8532
761
9
1
9
457
972
4574
1
341
62
5569
95
1
22
197
307
278
1846
471
4
3753
1258
4913
9136
9552
5121
7
503
1094
5
1
56
3934
4904
123
6176
2
13
29
2816
3254
111
8273
5390
3
7
8326
88
5
7345
4946
12
119
2403
583
205
62
1
45
10
12
1183
1
26
9450
1
339
64
6
1076
2
2
68
2
5343
1
6166
103
56
1
23
2786
63
5
18
2
50
2
3060
3839
7384
9202
306
68
36
101
9246
594
271
113
5627
7992
12
33
2004
7
45
145
1666
1476
350
2
30
8787
2813
5129
5325
4618
4
71
1304
5761
330
1937
63
1777
8574
8748
1
26
86
3427
7023
6
6530
127
12
7
8
2321
67
72
5
6221
9828
5275
5084
5
2092
56
937
5951
3
6065
108
1887
99
2
351
4
205
26
1417
4787
116
7854
4696
9
1
8758
4418
7069
4402
57
3577
11
9632
5427
9460
1029
16
959
1630
5079
9550
4
1
4
1626
8000
2143
2327
9
4665
4650
1911
5581
3
10
1
6051
5625
1
7816
5615
1546
9772
3832
67
1
61
18
5608
80
355
8080
1743
8
303
2262
1016
2288
66
3873
7804
8222
3245
285
9052
1
2648
4449
6375
3
10
9360
492
15
3734
600
3
52
916
2
819
863
666
5
492
1
6548
12
32
5984
605
6566
1175
70
7119
1855
24
3694
3
5395
160
1981
5148
2652
8
3592
71
650
156
36
2848
771
1
1
119
4084
429
110
21
9322
5114
604
4208
233
30
145
9298
44
302
1
85
552
3348
24
1
4837
701
77
1
138
4217
1428
5345
5052
7370
122
1935
1
3108
538
481
629
1
7
4
1
3
24
4522
6874
3708
26
1
5
775
3
63
79
84
7392
4895
905
2881
3995
166
4393
1
168
1
3
30
97
4224
8739
373
5
7557
7291
1065
680
5195
2
2
134
6
18
10
3994
7408
338
572
511
8
3488
8515
5240
569
13
1059
27
18
2421
2577
6619
13
5354
9
6683
1
7996
71
3804
351
7631
7032
13
913
1327
2
8
1071
3898
833
1
3017
31
41
49
7872
13
4953
8331
7339
13
3975
4249
19
7
611
6
307
7400
165
7974
9979
57
130
11
6578
5
30
362
292
3579
263
1875
3874
2926
4941
518
4505
1342
6
54
9625
1271
1581
487
49
8987
4
2
5541
45
9441
49
1132
2
2
8432
3927
8361
5004
13
1029
17
53
2864
9
4720
4553
1910
295
222
2
5
18
34
13
637
1356
1231
9408
9456
3181
434
47
6
1
793
25
40
1
3
4449
3701
10
9761
3933
221
155
106
1575
1051
2
178
10
1
24
6244
8965
5275
4
2641
224
6563
6092
1286
1846
24
8718
3
2599
7
2
9719
4
8
5034
3519
2282
38
130
2
3983
5425
74
2098
8177
31
340
7702
7090
8515
7839
4111
1698
29
832
538
1
2
34
2401
2320
222
1073
4
1
398
6
7349
28
476
179
715
1
7392
40
729
6174
1647
7763
6941
7247
475
265
4
6730
24
117
6
2
7641
71
5442
2
2180
120
33
2
6987
3861
171
786
5229
5018
9017
6698
1
888
3
4
8
3
189
5925
3121
2
2
543
18
637
11
1858
3
5991
126
1946
2431
9265
2354
3
7245
263
62
7743
1
414
12
2130
79
2
204
2783
11
7170
9354
9179
1
1
64
9706
7751
8965
379
1
27
5663
22
1351
5038
23
8
2584
4160
5
1228
6017
6
3992
17
2031
1862
3004
5
450
7713
8347
29
5300
4380
1019
3032
5436
5685
49
2
6912
113
10
1942
4627
5511
7643
809
41
1
44
1
3
687
2707
3045
6684
5493
3
7273
12
4295
2434
521
214
225
1
4069
505
17
8174
6100
3169
28
6
76
5
2935
6694
6204
2073
3
4226
3
6781
133
576
66
7
102
6174
8342
9610
8049
3527
770
8052
3310
1
9163
1
4007
1648
34
1280
209
1885
1
5961
2
3
202
1
3482
8002
8592
60
7536
7596
9217
8758
2
7866
8138
186
47
8036
1
190
6304
246
1
40
4510
61
5554
416
6271
9659
9822
2699
6269
4
19
11
148
1258
734
4440
6220
3896
6742
3299
130
25
5276
4751
376
5235
5588
9490
1284
1
2
1
1
8706
9240
4968
201
1830
1
4
1
1
3853
78
22
7586
2
854
2286
1670
51
1
8861
118
1096
2
1
1
19
333
25
2786
1872
1
3
1
9264
1288
6643
3189
2
4
1707
6
17
2
506
20
1338
160
9686
760
10
6196
1
20
3504
5
7782
8
38
1
1
9068
186
3833
9
1242
9
6
7
9794
5088
7
8493
977
1
5
240
1
4844
10
1553
8592
2232
1
1
14
5932
198
2479
2100
5498
3046
6115
881
198
2039
32
10
1840
3624
2344
355
946
400
4
1683
5
4
4927
1
48
32
3396
4
1
7560
8644
25
108
1
5330
4289
3346
13
2
8254
974
4989
2
77
535
4651
1
11
480
4939
1
2
3020
5893
2659
1
28
6940
8
2075
33
8608
5443
5692
4031
280
4193
1
885
2
18
3352
6678
1
334
6759
6089
6851
4
1
8
4967
99
43
6143
13
27
3
2
3284
60
4724
34
1014
1
3
1039
7953
3360
5
4358
6929
1702
4195
8559
1055
510
1
533
2413
2
3
33
5649
7113
6411
7740
1
8674
3398
5669
2528
8091
329
406
2
1
80
5
8455
3
13
5799
300
4634
4
25
463
1915
5669
31
37
6465
19
8546
2
4185
77
9282
73
22
48
1
9
5
2
1
2
4
9933
1424
45
2851
36
1162
3989
9169
8307
9887
660
1217
2
28
5333
1706
4124
4173
4
964
8791
52
703
2561
22
14
6501
8443
2935
472
184
1
458
9632
5
142
8558
1
5941
4728
163
8330
2
45
7479
1405
1
7786
499
6910
1667
644
4
6
6
4
15
5822
6
1
762
87
6454
1040
7052
8597
1
108
2
6
4224
43
476
930
8
5523
9295
17
39
26
178
6
16
46
288
203
19
768
1
1
9898
5371
1
228
123
177
5382
3808
26
14
8
2282
2916
3
7950
3
24
3
19
3375
5
122
1156
596
18
145
651
8
1994
15
1031
5681
560
13
2
40
3
5
532
137
371
113
434
3298
118
12
19
7750
4
114
1
1201
1
1
1
2935
1312
48
7170
8
8551
1
9140
3
502
6432
1614
3298
2400
24
84
33
2
1
2
6904
1409
7915
1557
4259
6431
60
28
2203
8
15
14
8757
9543
1
8465
6618
28
51
9103
18
1
4509
6688
57
30
4461
258
4
9605
7
9593
35
1
447
247
76
9064
619
5537
60
246
1
6704
18
9943
4231
3
9556
1963
8380
9880
9892
31
9729
9534
6377
1084
4900
2287
8422
5465
28
149
6398
4
1720
1
8015
26
6871
9904
9438
2923
56
9
3339
235
660
9120
5200
5
603
9475
13
7430
8213
107
1630
1
7293
7
1814
5988
4236
2276
389
3231
1
7731
56
7038
12
6232
7984
19
11
595
2694
1496
1595
7
5229
5151
472
6643
215
1793
1
1
7494
4
7290
6
1312
289
5
8426
257
6669
5
8336
1
10
5517
6701
218
1783
1451
1593
2217
1015
3040
1
4352
67
7540
278
2
1530
28
1570
1
4113
6
354
117
3426
1
8388
3
1364
6349
4
89
20
8
2902
6
8648
9
28
6085
54
304
1156
4153
11
9365
809
214
8109
9360
6169
6907
1939
4137
158
1
3
305
421
9446
2
1
3190
9392
1
337
15
47
32
1002
768
6363
13
2
4
566
302
29
1
291
46
47
83
7
33
3085
29
17
9448
9
4886
638
3753
12
5352
4
9
2032
5921
1
5
188
5
4090
31
5735
1
18
201
542
8254
3148
52
9
4
1
7453
12
1096
80
31
24
6594
434
1
8676
5568
162
7697
74
2380
1681
9
2923
1
4140
1
6971
416
2
21
6378
3317
8070
790
570
7
1647
9526
1871
11
6294
54
2909
3870
138
9443
2252
481
162
3335
7828
5296
6023
4285
7879
676
3241
664
6757
12
66
719
101
44
138
693
52
1
4451
8767
5565
40
76
3
9740
12
2
3297
9486
1
9695
75
11
2516
17
52
1349
1941
13
7
1638
426
591
30
286
21
2985
23
1258
7939
66
2526
2131
6267
8568
68
3528
7048
1
3164
1681
3707
3492
7426
12
2006
1997
1
1778
3834
3012
2971
7720
886
8
5470
5567
2
8037
9270
245
4
6
3
6940
42
18
4365
2
1402
2024
2541
1857
7265
1
13
6300
7
9064
75
66
5
7388
1
4045
1
4436
7447
6976
1016
5216
4
134
494
9896
30
155
342
3822
6060
749
3936
2
8344
1
791
12
5367
134
4931
1
4
14
7493
9836
2633
149
13
2
9
6
9
9863
74
1
1
9288
19
31
202
7606
2
1358
2
2
4279
246
1
4
34
7536
4695
346
84
8
1
2220
2099
843
513
26
4179
120
16
1028
7362
14
8035
1
2
11
1940
2797
1
31
13
2864
1060
6039
5273
3
5
4520
562
9072
679
7506
2
9667
8550
3705
390
191
9
2086
1599
9756
1469
3046
8
9514
8291
1126
5471
2394
6061
1075
13
277
10
7
12
37
3834
815
9207
7702
5111
83
4501
7702
6705
7670
1
4
124
9
9666
9907
57
8616
9774
8741
2141
3726
13
1578
3284
4384
6280
1
6159
2
4316
9178
6
1155
9
1080
3758
1
2
1
1488
31
5234
5077
1
936
2406
1
502
6855
129
15
1166
20
8374
572
4957
7244
679
3965
5
991
2925
40
44
3
6848
2
746
1
1
25
20
400
13
5955
422
2
3096
1
54
1257
3703
948
9750
7389
566
1
8015
43
7
7553
3851
1
9765
8067
30
9279
3
3
170
2152
4540
4
8719
5339
55
4370
6858
1
765
4
5600
49
382
75
186
4297
752
1
2880
49
1
2283
1
2655
6
11
3654
54
2
2
3
1975
1562
12
61
39
186
35
16
58
401
9380
7
8
92
4643
1
4966
1
9862
9
13
11
3916
60
300
7
6802
9584
187
3684
305
2348
11
1838
19
7
2
133
6936
9
5617
38
56
6699
3
3
2015
2
7062
12
1859
4
5581
2
4209
3905
1652
53
7
3898
1432
4810
128
1359
516
128
8879
2415
8805
7
130
1
6640
15
3680
7352
7165
6
6288
33
127
210
1
273
596
8380
2
1382
1
6
14
3408
105
1
39
2989
6978
7
9874
1
2
2029
3
8
299
196
29
8681
7
2
5891
3
6236
9
1
2
4544
4033
8417
6555
5371
2
2
4474
223
2
502
3102
1502
5319
2718
3
583
18
8659
4304
379
16
6781
62
3777
7473
1133
1345
4122
7787
2205
1
1042
8039
2
7610
65
508
58
18
6644
35
12
338
8143
7225
6929
2900
6828
64
1140
6975
108
3417
1
11
5
408
2
5914
2581
1
5
4293
234
24
3
100
3185
1
2452
1
3
2
118
133
1320
1901
2701
58
4982
136
25
1
13
11
247
3
1
111
667
14
10
1259
2503
25
1
2
10
1
8753
367
278
2844
1236
4512
37
249
5
8
1141
1807
8081
2
5
654
2
397
4
3
14
75
4
4
3461
1318
2773
4400
2325
13
90
20
742
5398
4
2192
732
389
2809
453
3
17
25
3
1693
3157
7
86
8050
1555
437
96
2
1
2
448
1
3732
2046
666
7596
1097
515
9384
5976
322
5038
22
455
67
1874
1
54
6753
7236
2925
9205
25
2683
529
8027
5
4316
13
1222
545
2
8177
13
229
8059
1303
1588
4
3
1
38
4
2602
1
3
27
54
6
114
7621
2
5
57
293
1279
4130
531
8705
2604
3
3
860
6
14
315
9037
2808
1
26
9646
60
6057
1
742
10
118
8174
8
5157
5362
8704
5
9471
3491
507
1242
2576
8980
1
5184
6
8
1189
1842
4098
2521
51
284
41
36
1
2272
3
1
3
4
4646
1019
1797
2710
5
7919
4
3
6130
7654
9240
2575
3056
902
16
32
2262
3793
1
3
3
806
116
4312
7
7755
12
7091
5766
1
3974
2123
5
53
6
7028
7310
392
108
3893
68
306
143
56
2
8015
3
2
725
1674
3050
753
241
4474
786
37
3
635
7995
2
500
9017
6258
322
32
3022
387
11
4321
16
56
9632
381
4
329
176
9109
6070
9354
9169
4
6118
4853
91
6
1756
4304
2334
3445
1942
7
1553
5210
266
2364
41
1
307
3
1
1628
40
1
3
236
2587
7991
2141
3152
317
2
14
2353
588
1
7105
7
92
230
1902
989
8513
5
1542
6529
103
1
2
1236
9388
61
9
182
3703
5905
2597
1
4753
50
549
257
3852
8
1
1
3243
799
977
3
4
430
43
34
7767
1
7
2651
1
4252
128
701
3060
59
3
2589
9266
1776
11
46
5054
1685
8690
15
1544
2
128
2002
4
182
3
16
3612
125
2
13
1162
2784
8520
1951
3
3
564
556
737
597
3044
10
2
11
4855
68
366
4785
2150
43
1
10
468
4089
5736
4238
7526
5333
43
1570
8234
7
2218
1
8
1203
9258
9449
6
68
105
4
12
2450
9709
870
136
6978
7034
8645
82
4052
48
8
10
4
30
1
4523
1386
4830
8823
9
14
3263
85
2
2
937
4900
8433
11
3764
1
2
5696
8563
3228
5950
8524
7114
1938
5
30
4456
8
66
276
17
6676
9225
2
3911
1
1154
4074
1622
521
11
1166
1
5504
2
8739
1
7391
50
488
2101
6733
2
4772
7084
1
6
204
2
2994
1
36
7130
879
7071
164
9642
3
7657
1
3
677
5645
8257
1745
11
371
3916
9231
9860
8362
5264
8784
2
3208
1
1
8413
13
589
2724
2
5755
4297
5
7242
1
53
1724
6219
4228
5179
5876
7723
20
2751
4538
1670
90
456
8
562
3127
768
91
15
7
3755
7341
12
1233
51
906
6960
9606
6
1990
8381
69
146
7297
3
2822
21
1
23
542
3623
8398
535
39
5493
5021
3
4178
3158
3
6219
33
1070
6813
2799
286
18
462
41
6218
60
39
8643
8320
149
4566
2256
2
12
2455
16
1563
7
24
12
2112
8
824
8775
10
1672
3
3767
1
9977
86
32
28
284
2
3
79
3
2
3
18
121
5320
999
9790
2
416
3316
3
7677
6
609
5827
7572
15
74
120
977
9609
167
1497
1
191
1
9180
21
7519
16
5
560
11
2648
77
6
8910
6824
8318
3
4791
2903
1293
1
1
1204
8228
2328
106
5100
1633
3
6547
2
62
2007
2
8542
4
6152
2619
6578
2541
5903
7229
18
39
1
1117
4240
5954
2119
9
9982
1356
1
4
279
4
16
192
5840
69
5
5550
32
1
2
3214
5
1
6
2806
842
2
4345
67
2022
1
1
4432
4713
178
101
58
640
5852
6307
5
630
6239
659
2
1984
8351
60
2498
3190
2058
6333
576
31
8074
171
6200
20
2763
1
3852
7211
4855
3
12
5265
4
16
1808
505
25
102
85
1
4308
222
4194
1
2325
88
52
2
7624
340
249
7423
2169
47
49
1
3392
13
24
3
6
5983
1
581
4
8108
98
361
8277
997
9257
2
3
17
6
9198
1
5227
46
34
5872
25
9045
978
12
9384
3
4746
6134
5557
120
10
44
1
305
21
1
326
9062
51
29
588
2674
974
34
6224
6
490
9832
9
321
252
3
1
1
145
2
14
141
117
6090
3
262
319
1
53
2725
119
93
8524
2589
2
32
497
1
405
52
1
3933
3173
9034
7570
7
1
416
81
1
3696
7146
213
33
47
1
17
854
1
7012
7436
292
10
5
403
2121
2348
2267
3025
3050
50
4460
904
1
17
9568
2841
2659
222
7677
8534
1
5
1205
3989
434
8
10
22
3716
4190
649
1147
4902
7384
438
8960
1550
454
1
1
369
306
2
6204
5240
23
7
2557
10
24
429
3971
4848
99
134
18
1
31
5
5
2
4
3116
5211
3923
396
9989
1
20
2412
1
1809
442
1
6724
1481
1
134
20
1040
8779
453
8
7533
2
1515
150
1
1786
2464
1
3
7883
6916
31
287
2
3990
503
7316
9324
2145
2771
3140
3155
2
756
5994
4
8192
901
7008
325
13
3318
45
4056
8770
8
9591
8
1211
1
6356
586
5057
363
794
5194
43
8103
6
17
577
3681
831
5902
37
3729
3
29
13
7
33
7
7349
1454
3217
6766
8916
4289
1
505
3694
6
5095
2992
568
9272
36
3001
446
11
1062
6013
4610
1
332
17
234
5
130
12
31
4500
5319
2736
8218
51
715
6261
9883
30
9071
5484
2
1463
1
12
3934
451
85
98
4149
30
1157
233
3044
2
6442
232
14
3221
9632
4014
71
8266
16
5828
2263
13
125
286
3260
9235
2
1
1408
1
18
4076
1
26
8096
6776
7926
29
6784
3938
5823
1852
5375
2
2389
9889
5917
1509
910
1172
3037
1591
9980
1370
4890
3230
5345
1
9429
36
3
417
9
7146
54
5168
1054
6941
206
426
7066
9548
15
9764
42
1095
8029
1
943
14
663
1456
302
233
3309
9361
35
7234
505
658
152
1113
484
5648
36
54
1
2
6320
219
597
3
91
880
8
24
4569
4652
8
232
8088
2410
1600
3097
1
580
8
2536
18
1
1
3
4730
8
5
229
401
1675
1501
189
5
5
2
71
7
1
53
3821
27
27
9911
5
8705
3636
8777
1
17
2702
1936
78
1217
17
2
1
3
3722
60
10
6792
1
15
8451
1
1
3323
138
4969
4
5
3
2081
1310
11
1
18
2771
8762
375
14
179
19
5116
3092
7232
910
16
572
2062
1792
247
7253
2
953
15
7019
9995
144
8725
4161
136
61
45
132
32
15
1628
1
9454
117
1
2
3282
8971
1780
1
5
37
9
5230
1182
6727
4496
8499
1
5408
17
2
3
21
1
7
13
6462
16
1
1617
266
34
69
3958
8
903
83
4
105
7036
465
2474
7800
16
70
6
3284
105
353
1522
6110
1822
3220
79
1430
141
262
32
13
4005
327
1559
6531
6744
153
1
5728
371
15
130
3
4990
934
14
2569
5689
5345
1791
6229
2371
1041
33
25
1234
1824
4093
1
4385
2
2
288
1910
108
8
8608
561
9706
3
1477
1
36
3491
7656
669
8441
3472
4948
30
42
2712
3244
86
1560
936
474
2047
7
15
4288
7115
3321
4926
600
4066
104
3
568
2
1650
5
2738
1127
8272
3
1
3
1507
96
2965
2783
7915
2
4204
1
2149
4888
4208
2
681
3
323
56
2348
1920
7877
161
5889
7221
9
30
356
799
1015
31
8342
5009
1149
6244
380
3
212
2
5
6123
1
175
4
4179
8985
6764
2717
528
2351
7969
1544
7446
5
20
6206
2
6
1
8384
6715
2436
2737
4
4354
9349
3961
31
4848
5180
6610
142
170
975
1736
285
114
15
4
7951
7225
6539
3
3880
7190
22
9367
2
5
7170
80
1223
33
3941
1
1959
2
21
1973
9536
47
7
8484
820
12
294
7
2891
2523
7686
7209
1
1
8951
14
8
2
17
364
88
4270
34
44
3609
420
305
3
5
7456
7793
2
2674
17
9947
2
8682
9203
18
4235
5609
2
53
10
17
12
1991
7677
20
3
6616
7541
6
13
1
7088
8677
1
24
7097
1
1
1740
4
1294
7025
5600
3956
4309
7556
1239
8355
1189
5133
8
643
2
3809
4509
9335
1577
5937
9916
9905
6837
6
10
4524
5
7
98
4590
41
4
1
6119
21
136
1
2
399
6897
26
2940
10
501
2023
2
6
4
2349
1
5628
1155
16
1072
8555
6
9572
3168
1
863
12
6
3313
26
80
3
1
33
816
6798
4832
41
12
25
1
3
8053
317
1589
7
8812
1
3832
4
852
2
1
3178
7
1
16
4889
1649
9709
6
2
41
44
46
4
4470
8767
2260
40
9655
1
1
897
4096
1298
4438
1096
111
4773
3637
501
5
5989
3561
8
808
2
6994
8091
419
88
22
8808
3792
10
3254
1
1
159
16
2
1894
104
1
2
284
2245
7498
80
49
358
612
158
35
1476
2022
13
3
9165
9980
2
66
29
5188
1759
7908
1465
11
26
7382
2
8542
6947
560
3999
10
7842
1
1452
5753
1
1077
1744
219
9072
7811
2
6355
4609
1688
173
7406
9736
24
9020
4
3868
8
6
8260
1
63
1
4398
9242
2
4068
3
9589
2
2
5883
9197
2648
2075
1502
4942
171
2041
9915
3210
3
746
118
56
1312
6102
309
965
134
2
1130
303
6558
294
5
6666
38
8863
175
3678
1
5
692
1
5561
4399
1
1
126
6112
5622
457
6933
1992
11
8368
224
1
8855
18
1596
27
503
1958
49
5096
1
162
2
2684
11
3
13
218
485
12
8919
5366
4131
33
7240
463
855
14
1263
36
3318
51
7406
6
1245
7881
6
1205
59
10
48
1567
5585
8179
549
5189
190
9
4
21
4
32
2
1
1688
5613
2
4
40
4968
2907
5522
1
1100
3324
7055
7039
1088
75
3600
3
211
4113
850
37
5916
871
1981
3261
10
21
1
3938
32
1
1116
78
603
167
176
2129
2
550
144
10
4
498
4223
12
473
639
233
3381
4895
1572
2100
2910
7304
27
9368
477
939
1
1
1015
2
2
15
1
5355
611
2
3612
28
1078
8273
2752
96
2
7564
1
6192
8
17
22
4246
2282
1218
1574
2956
2
1224
5803
3540
6
8381
8426
2
19
9172
5831
33
1881
356
11
197
834
1
146
250
1265
1072
927
1
1
4873
4674
5
1897
1142
8267
9018
2
4196
4
4439
269
1
1
5499
24
24
9333
7119
52
5
1
2
3687
10
3536
7
1
4
7919
14
1
2247
2
47
113
3
3
5971
9416
459
1
877
10
7209
17
3149
3018
5
5857
72
7733
7332
1
1
5437
30
7480
12
2483
1
614
1
104
5
333
35
3
12
2650
398
6416
2
6550
239
395
3
87
2653
8941
1112
2
1398
7924
909
3
1199
25
8696
1
3424
2
3152
102
96
7
65
4673
6662
97
159
1647
4
372
5893
2245
1
1152
8509
1056
4889
1
1389
255
9306
47
5078
44
8309
4
3
12
4669
4171
2
2089
3177
15
224
3
8569
533
3
11
2
8822
8
7555
243
2
1678
327
1872
5729
10
678
43
6722
6419
1
8044
602
4636
5
139
7
777
2
3136
3090
1
1050
153
583
199
180
271
4232
2
3618
1155
7020
14
7186
2
28
3577
9759
6612
4335
1515
7244
65
6553
42
12
9158
1
4215
8256
1106
1932
97
991
10
296
3469
3495
11
8649
7494
7
5131
1841
3796
1422
7
1
1
3
1043
6282
11
5
3599
817
4105
7497
2
164
779
3
256
10
1
1
8193
2
56
1
6410
11
8184
15
7256
159
7068
976
4
1102
3483
746
3
1158
57
2567
45
662
3039
6253
97
5
2
787
6
504
38
4050
45
8028
1
6019
2
9520
32
5120
3
8814
9378
80
4
2219
11
4881
75
4090
2202
6862
8
4239
469
2
6369
50
401
1
8391
38
15
2542
5425
28
90
8707
1240
9
79
6196
7
244
5073
7399
534
5747
8089
680
165
7847
6
6359
48
507
15
80
5961
724
1670
8275
6347
98
5
6886
4228
1392
2
563
77
43
6
5075
8
927
8612
938
6
3981
9019
10
5393
9
5596
897
6407
1224
8
2710
2411
20
8398
2
3011
1
2462
8
2775
1204
1
1477
2
8804
3882
6361
2745
9855
4
97
1011
5925
2
1
2
6540
13
38
4
7430
3408
2
8881
206
2875
5878
19
55
5
8635
1
2
68
2
84
1121
8358
3090
621
2
184
777
1
29
272
102
1035
69
2250
2
4
31
9989
5376
7183
953
131
1342
2
619
6342
3
2875
5560
1
14
1095
3430
23
9
24
5195
51
2
2775
1516
4298
1
9892
3415
8323
847
8390
2
2675
8576
3714
7472
3455
1340
936
6196
8341
5637
174
644
1109
4013
1
7579
49
21
2
274
2
4
38
44
3
2837
8957
5713
4959
3128
549
3540
5187
8086
2
8039
132
1270
8063
6333
1320
6716
2754
3
3
4324
8804
11
7713
7222
6980
1
2
9776
9424
7
4141
32
2620
36
5140
1370
9852
338
4694
4
11
8804
52
13
696
4776
389
3
31
625
2
1745
5773
6866
3
2019
15
2896
1
8929
17
3
38
8338
4
1
215
7577
2
151
1
7613
1
4
3070
75
2688
8
4
6695
11
8782
2669
3051
138
5
2133
8
111
9891
450
101
436
6348
13
5
4488
15
1
1410
6693
189
53
218
1423
1082
1
4971
934
44
4
2882
4394
14
2
6915
1300
2
2
12
3
1
1178
3
3
6966
943
28
71
6752
8472
291
2454
74
4911
36
1207
3147
17
8487
33
232
9192
1236
574
2436
6
2202
5
1
7570
67
3108
7909
172
9179
4656
9071
92
345
6830
6045
4446
30
586
6
83
3
56
1
334
11
8165
55
1
1
1369
65
5
9585
7881
7
3659
4
3
2
1
3801
4045
1
6
652
1
1
7
8141
79
3
1771
79
267
2402
47
2219
6946
4
41
3009
3901
13
322
7
1
1007
1
359
4
7395
14
1
1
2
1
6
6026
9593
48
2529
6533
3
7
6059
869
606
41
2176
4925
1262
6455
1411
8105
53
10
146
5401
28
1
83
5752
7941
2128
2331
169
4697
8218
213
6052
4960
4769
2864
2713
2056
11
3911
6048
6
2800
1506
3
221
3
290
2136
21
1292
5619
148
1635
3350
14
6448
2016
4
7293
1325
2244
2377
3519
2700
1
31
4066
2
5569
6111
2217
23
8999
10
7455
3579
46
6865
810
9947
4
794
8867
3779
13
1621
47
105
8995
39
1
1988
2
8445
8944
52
2
1643
37
982
382
1686
16
1
276
1
2
361
2785
302
11
481
1395
490
3012
6049
8
226
41
3
596
1
25
15
7291
2
2
6427
419
9338
1049
343
2419
2
9441
2
7799
6538
9342
2480
4
167
95
166
278
875
9415
41
156
78
2729
107
7280
2
2324
16
886
3251
41
4
13
504
9736
2
3562
3066
3
17
6527
138
1949
477
52
3404
9
18
8088
270
141
4811
3138
5
1808
1
5919
2594
92
1
2
7783
17
2256
93
5
205
13
1
4478
457
2
426
28
503
3592
470
8309
517
131
5953
11
4
4407
106
9606
8051
1
137
8448
212
2284
5342
7
9896
3
1
628
1
1997
923
1425
9543
6
4169
3057
2
118
6
1613
480
4404
20
141
184
8636
3384
9562
5696
8228
6873
8600
2181
9640
559
3071
7104
8383
127
7314
2
4791
487
3969
8343
1
27
7083
97
149
5
34
8411
270
135
7456
819
2303
2233
5
4705
6844
21
1
527
540
8963
53
321
3794
1
11
5950
2
1
1701
8015
2371
2
220
27
100
365
3124
2716
6
17
66
3344
7894
1
3247
1
2176
211
90
4
7426
401
1
4
82
3563
6769
745
5
3
5336
5834
14
8225
16
4
69
4529
7261
8046
6
68
822
99
5
57
67
9804
3691
4771
176
10
1
18
5566
209
8396
2
1
433
7707
4708
3
2027
9844
3260
8940
2543
3
2718
6
7007
9555
2
2
8672
1215
102
4212
69
42
9559
1
8245
2181
2985
2
3
2072
2951
1
925
532
61
127
1
4556
42
4
14
606
2435
1651
8
5
5904
6
224
1978
2951
41
288
129
1
23
5079
2360
9078
9394
3
3000
1559
9
1819
1
3487
29
2523
4
68
9443
7325
9828
1267
4
1
3900
1
12
39
1
43
1
4363
225
2599
3537
1548
460
5448
7826
2
2728
1
77
8334
8922
1
837
133
6392
8047
1
9
3
3948
149
21
14
1
1
4
9974
2196
6446
8286
6
2632
7631
8426
9521
6284
4622
8
11
17
4603
1611
1
4144
2352
3475
2
659
5
16
11
125
185
3849
3664
8
5456
5291
800
7
207
313
1
564
35
15
2131
8694
4
5
7844
14
9836
54
340
5423
2
9
4011
9
5
7954
207
2
94
274
1
9885
1
24
6437
490
91
3553
4
6786
2
62
8496
5252
5034
588
824
8598
5496
125
3
4845
1
77
1679
1066
8441
3833
1939
301
2
5
8570
38
5712
5172
30
2
4915
6198
3185
965
1958
3
2881
3806
2
5
8054
924
5497
6612
81
51
282
3216
371
6841
957
1
5000
9674
1
543
6655
8
6136
110
1
22
3582
6
1
2573
2
1
2
9984
1691
2598
4695
4244
40
7134
1
3720
3268
14
58
4940
1
5
536
2640
3654
1
30
7033
705
3
4732
1
212
1780
5295
1220
3
147
1198
324
1
5440
1
72
6108
7
3
1
1
11
3935
6583
4
8107
947
17
611
1
1370
310
101
21
1
8011
1196
33
21
6464
4516
341
234
12
7267
39
9572
2625
28
4725
1
6206
1
16
8833
90
1989
9
5
1
7550
1
295
436
9011
5447
1225
138
19
3167
9176
22
9045
3844
233
1120
1
1
1
3834
2434
2
680
9668
9372
9113
5364
3054
7
1
6
3787
6700
658
27
2221
9523
12
7038
2136
2
9971
4
366
5401
2010
3229
213
2
8900
9426
49
1
8948
10
1
1
1771
5312
44
10
3751
8841
5338
5520
6703
850
3879
1485
487
1363
1828
4267
8900
3528
164
5829
1157
3134
7
877
9052
7692
2
3929
5629
4
381
61
9044
9161
8133
4346
2187
2586
665
150
5
958
4998
158
2
4178
10
8108
8691
9275
2093
1
6
4870
16
49
69
51
38
7864
11
1
5334
22
1
16
1843
4626
1
2310
430
7338
1
8789
5
2
2776
20
5114
97
3327
4
4860
1
6156
443
6391
129
8941
1
7658
8
3133
5
3784
417
201
77
6379
22
53
3688
7964
1
35
6079
6
2
11
10
7960
47
5
2
642
8528
11
5514
8612
5505
2157
2
9413
8193
9
5294
1
87
324
4946
4243
9196
8547
6734
2592
4665
3355
14
4
3984
6182
3065
32
1131
18
9587
27
6
727
9497
1348
3
72
2
44
37
235
1
1
5364
1
3186
7341
13
209
1696
1
2
2443
4678
4915
9
1753
186
64
6657
1
3589
3
6259
5026
3
3434
1
345
38
9
1715
1
6823
5
4661
5316
4109
4831
5
68
7058
165
8792
34
13
2245
5012
119
3423
26
861
4
189
2720
1296
9395
916
8127
6
101
261
323
1037
5044
5847
8251
8871
557
1277
3156
8160
10
5472
4
989
6466
8112
903
123
2
3361
78
64
1
677
21
163
8306
104
1897
206
356
8
725
8077
6107
5302
2
2
1822
1
1026
8936
1664
306
5963
4
643
11
1938
191
453
9065
18
7
186
2245
1895
1745
4
3667
1747
2
43
88
6566
5
25
8754
284
454
8
2603
6889
1
2992
1
220
3257
2258
1550
3
1
4
3
10
1998
8
18
1454
1
3149
8943
3450
42
4
2246
3
5476
85
12
296
3168
900
26
776
2
3719
2
3
4656
19
1637
3462
8
5
2
189
11
2021
1294
1
413
9
3592
5960
1745
8
201
39
30
3287
26
7912
6339
5579
153
5151
4
13
1188
318
6754
2
1140
2
2976
19
5315
7657
7294
142
4331
33
4490
149
1594
1598
1
451
316
2334
4
52
4642
8413
198
8823
2334
9678
5
199
3023
6913
11
5924
5701
126
3
1
2
6344
1595
1
1
4326
1484
7102
16
6
5255
2801
360
4
4
9154
6
5590
2250
1979
50
2448
233
28
6
4702
3474
2417
1
6557
20
49
20
35
9541
31
18
1
503
2820
2
22
1715
3209
6175
7755
5610
1
46
3599
10
23
214
2973
1011
4738
17
3640
6366
1
2
7563
11
8345
78
1277
1
4548
607
5745
116
45
1
8
9276
3
6380
1444
9095
7512
1773
4
2
115
1628
671
1441
644
508
16
62
2784
2
133
343
18
8
3094
1
2
1540
324
7
34
1342
4
2695
279
9268
18
5872
3235
3916
125
42
10
299
4
1
8847
8
1
2627
1
722
2257
2
9893
6558
528
1
8907
1
871
9958
8449
754
82
1575
6436
15
36
766
2310
3
3
4
1
18
96
18
26
2663
89
4
2211
1464
13
3
3629
8
18
4938
2846
272
2290
2
13
3
7669
4891
1287
1272
1017
1
7458
6
6374
7345
8450
161
2
19
5267
3941
7731
265
251
1
2
1
142
1
9948
5761
10
7
3332
6099
1
8278
286
17
1
393
2265
269
117
7148
6319
1
2424
88
1509
2358
25
15
449
4849
7630
1
3
1323
44
361
8890
156
1444
10
4009
256
9
36
1168
7364
6915
9438
2
5462
5207
7093
9031
10
5114
1
108
670
27
37
3416
808
1
4025
2
55
801
7601
3875
7
1
7458
1466
1
6402
6
2224
278
4128
1023
9498
150
1
5
4
1460
36
6
25
15
441
1
196
1408
29
12
1
7
5688
189
9417
7655
17
2
1933
1
848
1
5
5751
3010
1
2287
6132
8216
9399
46
9057
1911
2
194
93
3677
1
16
8540
4905
1616
9
244
4
4624
110
1928
2221
7206
162
1
200
8360
52
1
2
18
4
6297
8456
64
2
6008
8597
3
4
80
104
59
143
4039
1878
50
7640
4
9332
3415
93
1
1
3098
1
196
103
35
3
3
9989
9616
6947
18
28
71
11
1
5813
52
6319
4587
12
158
58
233
7143
3
57
1
9
2705
134
70
13
3
84
9
7771
4
107
5
4
1774
28
41
5
320
38
7
10
197
4727
7065
658
7817
224
24
8780
4
4
1
3526
4648
8996
120
8460
43
18
224
3
286
57
6
443
6
1
1
8
832
4
549
5620
2
2
5
5745
3
2
3900
3217
52
4
85
4
37
20
1
201
21
3
1283
2
2
8404
4851
243
4269
73
79
1
261
11
35
9
83
5306
7
222
1
2
1258
421
2549
7515
10
21
1
2354
36
17
7678
7567
23
3
5625
8519
511
8405
3166
799
134
720
6431
27
557
6264
2
37
9731
464
1
7148
83
7522
6289
7409
16
8784
1783
12
22
108
5
2432
3
6047
66
473
3
194
8230
8
4045
7756
2
4
8
2456
11
40
2
1330
1423
781
195
34
3
1374
7841
4
7015
316
1
9271
656
4
3315
6793
4
9322
29
7602
9030
5082
412
1
40
2
2
3521
2201
16
8662
6800
62
190
722
726
3475
1
2
544
1144
7316
3027
1856
292
7606
13
7
3186
7798
4603
9
1
6400
2
2
1185
1
1965
8470
4609
1
11
9047
4171
51
29
1401
3981
4229
89
2
1
208
2095
6340
9987
1
3630
6
25
5961
8777
5
1304
7645
2
774
7
9425
9265
7360
43
43
395
9987
1340
690
110
4
86
5425
1944
79
8404
1032
34
2
768
6391
50
2
6193
7
631
1343
2
1
1
19
1444
3353
38
119
40
2889
1
9352
142
15
3
3215
1
117
8659
6079
9935
7497
12
2460
1439
2
1874
2
2967
7696
1071
5606
6660
9764
61
1490
1
11
589
8349
6501
167
1
6822
22
224
168
6153
56
1
270
230
220
7740
38
7036
2
22
8441
20
33
1910
6470
303
3575
545
16
59
1
88
8171
2066
6153
217
1
4412
4214
6817
1678
241
3921
2762
9689
751
7425
5
8778
3518
431
1018
56
799
9810
31
834
1633
882
2
1
216
4
8582
18
9795
570
112
9
9747
6022
9
7879
1
3
1993
2861
602
4675
8
8
6325
1
3
1
69
1
1245
802
1
35
9
1051
364
1
110
11
7888
166
57
4954
132
2
25
7
57
1485
4959
9952
33
6
9392
475
4
5
9042
203
4859
17
5983
3
341
5040
1
4172
1
38
6
10
1
1
2847
3081
1871
115
2678
1
481
6452
8530
1416
6843
84
1833
3
2286
9661
17
6537
536
6908
25
3013
9
9175
6
6360
3
19
3
5627
3970
16
1
2777
3636
2
4184
1852
31
4
4780
1
1
3883
7713
83
175
3
1
13
3927
205
115
5749
2
3269
1900
13
2
835
27
9319
9134
8295
6637
31
1217
3
1
4619
226
118
3
8598
4985
1050
9107
83
2323
57
10
3848
2395
10
6
1029
26
2976
1850
1
930
6444
2
3509
1347
86
3
1707
2
13
81
222
130
9207
7789
3988
2
27
153
89
11
1443
716
1
1
601
7587
8
1
6
2
88
2
7205
7536
1356
1602
1409
5865
5306
110
4
2
9155
1
1714
5839
123
266
599
4099
8775
3
0
23
170
1
2694
120
96
211
74
5803
29
5283
5
3695
6006
3
2478
4335
3
9876
88
142
161
32
9128
3846
5471
2
8544
1
4247
3
19
27
690
1074
2
1405
619
1844
1067
90
2
10
3858
7767
60
685
2157
8915
1
1
8757
7734
1
2
14
70
8
214
3
105
1690
567
28
2
8930
2640
9449
27
5485
70
3239
8039
2
98
8372
99
3
57
1
1601
1
310
2658
6912
967
3539
9476
622
8178
1675
7603
5
19
1642
5928
8060
3347
2376
4646
635
229
1
4
1
2
465
4213
16
4
19
4918
2
2521
2665
3492
8
379
3761
2892
12
1741
1977
19
56
2178
88
6042
1
1
5542
1551
4
1
5
2
4539
529
7
5945
3
8118
9416
1229
26
1987
2
539
1
58
9188
7210
4815
1
16
6016
895
351
265
7359
1
14
4045
201
708
4
482
3160
1933
25
907
1
45
9723
3
632
437
43
3
9539
2
6
5295
17
5384
3
2668
2
59
3350
8139
273
6450
13
1
67
186
6862
1519
9170
7037
43
1
8699
5683
7363
3129
6
2
7541
3
9984
13
2
17
3
333
2
1309
8315
50
7523
1071
934
34
4
1653
5
7
118
253
648
1
5434
252
890
8767
276
13
5
736
6
48
40
1593
1393
13
9421
1524
46
2
596
851
50
1
763
5877
2167
5972
1
15
9266
7764
8
5257
8134
1
8832
2823
447
2
208
4
19
167
89
3
100
1993
8296
8
2688
7520
1
5
10
3752
86
2963
8820
376
1
4047
5
19
1
6078
660
5089
1
71
5740
1
9207
5
2084
1
47
3
68
41
3322
7125
2
2053
178
8
7814
23
13
26
2082
536
8531
5022
8966
7214
263
174
6
3138
4
5679
9008
1326
108
11
7891
6791
3
1
15
1
4
4299
1602
28
1
5034
604
247
1
3540
503
213
232
1
5162
3
7
21
1
294
8864
1
9055
9
6
2073
4992
1235
2602
9251
915
258
7572
654
192
6477
6943
1235
11
914
18
134
8704
1584
9026
12
86
1850
3
1
13
97
2
1
1200
7533
1
31
1064
1
618
1
4343
11
6
17
1927
7
2811
379
3
6969
1700
2828
2506
4
12
10
1
27
21
9815
126
2386
6177
1
6146
9089
4
1
9505
65
4972
1
280
2
33
232
3
138
2619
6990
365
4
14
9120
9207
1
7623
28
9355
12
789
1
1
131
1
5822
949
9794
31
1
291
499
17
8928
4231
1
7
8626
6859
4
4904
5
4
97
7433
2
9402
11
5891
10
1
4087
7263
4087
4
2
2
678
9324
6624
4
14
3
9571
7608
6247
1982
447
8748
1
3
8
2383
7103
8064
701
321
4
5579
9904
3163
2626
3020
420
7615
365
3720
7
9160
5522
2
3
15
2
4272
9197
4341
4581
2
2752
1
201
7512
7
1951
2
165
3584
1
5
56
2882
30
2
24
9793
2757
9241
8325
9996
3
8922
43
3409
19
4706
2
673
8723
1
51
206
3
57
9
3
5816
1360
4
3444
27
2
2
1
2242
6
8672
2
1302
4749
1
6
1
7588
17
519
7080
4
1024
2394
6252
7329
1
1
1
2477
2
9796
3851
1
184
1219
7
260
2
1
7691
4
2
5987
694
21
4787
4816
2
1
19
3492
257
5383
7411
1
4
7435
37
7642
864
1
1770
8
2809
6652
1026
1820
13
2
6937
5
7208
3724
9425
47
2055
7866
2589
10
3365
1056
1
572
3745
9728
700
5113
530
1
10
1
2
3
25
1
4716
1
6701
4578
1
4728
165
1080
855
1406
9
3
263
6064
297
35
40
6043
24
431
2432
1
2
1269
2
3429
785
4
7977
4
6
91
4367
7311
622
5088
1
206
9890
2439
5985
8109
9205
10
33
4176
143
4
8773
2
7999
317
7568
8
7251
1517
8772
5
149
14
2324
9
3
5
4
2580
38
192
7700
14
3455
5
1868
8478
89
362
240
2970
1
11
7152
3641
51
972
6140
19
6
2
6
10
8872
14
433
9866
1
1
9
2255
9718
3
5
392
23
1
1519
1
5333
4504
2
935
5550
6114
5451
4870
2344
11
810
4089
8943
2089
457
1
13
1
173
1
424
1194
5780
4724
1756
637
2305
5838
4512
2
1
8096
124
1286
7
2
4962
7777
2
1088
1707
3091
9776
1592
9638
193
1270
8229
2809
2134
200
30
6434
1
92
2257
8490
2025
204
5817
1
4
151
2
5391
9062
5552
1334
7
8847
187
77
15
7152
264
1723
8536
1152
3
9665
1524
1
6926
491
4
749
3
5257
11
3
7387
2796
968
8661
3311
7467
9120
2
4153
280
196
1181
5
7107
2800
9040
5975
118
2
1
570
7
2
791
4458
5868
106
3
1731
3288
308
27
54
59
9
2
7
2
3
4847
8
32
3159
24
3
7367
2
4253
2
595
7
152
1532
6441
8
1820
9632
2398
2118
516
3836
1
17
20
1433
6075
1677
7375
2266
1371
202
6338
1
24
3286
1929
3527
265
65
2854
11
6
4927
5163
556
10
1564
7689
1
420
21
70
4
27
3537
6
307
6936
224
2
763
1
4814
1
1
3556
720
2995
2080
4281
318
1
3
7
5851
471
17
5
7309
4670
48
7346
5644
3
882
2141
6615
64
4842
52
3505
22
1
1
2660
44
2
8941
32
2444
4148
52
2972
4907
4
3350
1709
3971
4696
2457
983
6832
750
1599
1
9692
5651
3261
1142
60
27
1066
27
5208
1
4311
5534
396
7
3213
30
1
17
9088
2112
9096
5
846
8612
67
5439
1
9769
113
551
396
342
27
1
2
2498
104
317
34
1100
3856
9406
1
762
2560
9961
4
110
34
3
9519
100
2007
1
1
9914
3495
1
12
11
20
4
893
3806
1
1
1
15
1
2
1
1
245
4
8155
878
6697
9485
3943
164
6314
380
6219
605
1
84
36
7646
892
7340
1
62
1
5009
2
17
1042
5
3
4634
9
14
9172
1
5297
5304
7328
154
4325
12
4
18
7815
1
1
3812
82
613
335
835
2
3769
175
6386
6720
4087
138
4197
3508
5570
8
2732
59
24
19
812
5784
1
7504
4
7617
9111
70
239
1
3388
3460
1
45
1
1
1
2713
92
27
9
6204
1
108
43
583
5212
1
1276
151
1
2009
9797
409
6409
40
509
3674
3
1541
7149
34
63
7
9195
5919
344
1
3
4
3
2796
9342
2636
2185
1319
542
1
7259
6335
31
6
7814
359
8214
1
2
6
8
1392
668
6037
5
856
3
26
7646
1
8388
40
6493
5640
1162
1151
1
5792
5
5
338
85
8
1592
2
9
7020
2617
3296
6790
1
9025
1142
2
1483
7255
7
250
5435
1071
6348
1850
9092
1378
72
3
4
1
8891
14
7376
1
208
2683
6732
2
19
3
2637
7745
4174
2
1466
1392
3009
19
22
95
7246
2245
22
7667
3198
1
2
2172
4429
1
209
7039
1
1996
1754
5097
1330
2
627
1509
5718
2436
2639
7952
211
6690
280
1
7767
1
3787
6
372
8
30
1
16
5961
5157
9444
362
113
9028
975
1
1229
3661
85
77
3886
7346
7451
17
86
160
345
3
265
118
339
3190
4
2567
1
127
4
6964
20
1
2
1
992
3
1328
7951
9200
2238
5411
6135
1
1
433
116
2624
1536
187
1158
13
5
889
2361
1
557
1
1
10
2
1258
3290
107
2
1051
1328
2
6439
6939
50
1552
584
3611
76
19
983
464
6188
41
6289
2029
304
11
46
360
4
1
368
250
9116
2027
1326
3118
1
2
213
105
181
62
7175
498
346
1
1
2
1
4
13
181
2
1205
68
319
31
2
8714
129
7138
2538
61
7857
163
7076
375
186
647
1
5565
9182
14
15
6532
1
8873
2
3
3
2505
3
219
692
1087
171
39
8037
1
16
9414
4145
3
2160
9
6
46
8656
12
6
671
9628
46
9351
249
475
369
71
33
443
2
2
6938
1
1
2238
983
843
7389
35
16
17
2849
29
7701
8
1
8747
1
6349
2
7712
1984
1498
720
6755
47
1167
3
2
6964
7216
6514
2391
8
8157
4655
7
6553
8962
5350
977
31
245
6558
4
1258
7692
627
2
5293
2
3
749
9073
4370
3
5325
155
3
88
22
85
1985
68
4871
7054
604
180
3894
7485
2
57
6536
5343
186
1
10
65
1430
108
4
1
4
7136
531
7881
1
1
1
6315
12
4
1931
3
4659
7
1547
2
3384
9781
17
15
5695
2453
681
25
119
5
1623
72
31
4
9736
9
9360
1
44
2158
1436
6655
995
1866
33
373
708
2
2894
1
104
0
9797
4121
22
13
8
1627
7
4072
17
3
116
1
7976
9828
1
9854
15
62
7298
2
1
2461
3
77
2194
2
67
8
31
2
4360
2697
1
6474
1086
991
4
7909
2369
9182
535
10
1
4219
458
5935
1785
11
53
2407
7278
1565
6
8561
149
33
8
6847
244
3365
5873
5638
14
4599
6
1616
1
2195
3
367
17
28
2077
9438
8184
5120
9
1
1
359
2490
427
8
2077
54
6072
1729
1393
2
9
710
143
6742
390
31
9809
5343
4
3510
6628
7453
630
1272
271
5282
2
2
17
96
8335
1237
22
1
1528
1
140
157
39
5542
3327
5982
1
44
339
3574
3
141
140
1651
9678
3379
7454
660
887
4324
2877
3564
73
2
4
3287
30
1
7722
34
1323
1176
6352
102
29
1
3
39
8397
2681
845
3104
1813
1598
1
1
1
1
16
63
737
1113
1
78
385
256
34
8847
4
5253
651
534
1
196
5769
10
1
127
1
4
1582
5013
47
8605
108
269
611
1
4816
437
9940
5222
9252
5462
7470
20
8176
1
28
4009
5
4286
896
103
1147
6409
133
159
1
531
4
1
10
389
5100
29
2
158
14
144
6088
1
708
8399
1086
4836
25
568
4295
2930
149
1185
13
12
6441
2105
34
1
72
355
8179
6161
8731
14
4299
3195
195
16
1
720
7941
4011
3
1470
4572
7748
2224
11
3287
736
10
138
3414
8751
12
5221
47
179
6116
1
28
1193
1
1
6
2
3031
331
1
5604
9095
3
5780
4127
2871
100
2
9415
3699
25
7894
9145
7093
2
6111
253
1688
4320
2
9861
9852
6519
12
6555
4035
14
2
9818
2
223
2840
3601
9958
12
9
296
347
407
1490
3
1088
2
4306
50
2769
6324
3
1
221
4
13
1919
7636
2871
5184
811
7
8914
2
3
429
10
1
2
6850
8255
2696
3765
388
720
1704
4647
796
9140
8
2
6799
1440
71
8025
1
4261
5693
5
1185
1227
9460
8
662
1
9048
7191
4
410
1
1900
9520
8673
5731
9
2
13
1697
1
2
6
3481
16
685
2
5602
161
3
6615
1
8325
739
9008
4116
8292
3671
3
6154
11
132
61
1649
1
6188
4338
3041
1434
103
21
17
271
51
531
575
4523
78
190
739
3
8978
4284
9130
21
1
3966
171
21
6926
4233
8017
9443
8
3
7382
148
2
4
17
3233
3
1
26
5591
6553
17
3268
5
100
11
4
14
2898
798
228
56
85
3648
205
7561
405
1
226
55
7930
1
1
130
6
19
7
6686
5131
9519
18
3973
1188
5
41
8838
1
7691
7303
1
1785
2
9785
3910
1
1
8187
1
2
5583
1156
74
2988
64
4793
23
4
2098
314
6
3607
103
5
6962
4651
5001
169
497
415
1293
214
1623
4
6
8865
9241
9745
2
19
1300
10
29
5860
244
4320
14
1
1139
4899
16
1
2
1
1
1
2
206
4
2107
4799
3404
725
1
964
1764
5981
4876
7
3563
291
1136
606
8
20
215
4422
5880
2
19
9143
24
4
4144
2
2147
66
2
35
2
2
2627
23
6105
880
8
3
3
36
1420
106
6455
739
72
1
65
2257
96
1548
5025
3583
632
4
129
2
4
1979
20
1
402
169
279
4388
162
3
1
8895
5
5
911
9611
31
6060
170
3379
1760
1
134
8299
30
4449
2
50
9459
458
5793
8319
88
7023
216
4798
1023
9286
17
7601
303
65
8416
601
4
3
4955
8578
39
1870
978
1428
1060
1783
1127
2878
101
9689
29
28
25
2647
2
2
193
9150
5021
142
590
6155
6
2
4938
888
1
6226
31
3826
331
3551
2
7836
2744
8645
13
33
8158
1
1841
4441
1846
2103
7121
4223
2993
38
158
3220
4708
314
9
5170
6512
7
6
2
2819
62
989
101
3236
2
2
33
1
7564
1
988
1
21
13
207
2
2
29
6335
5
5164
995
4328
4
1051
136
2
1436
1
189
40
1812
3249
9696
26
42
203
1
6036
1921
7678
3031
3608
1
4
8663
429
1084
57
5767
13
1002
2774
6424
113
14
119
1040
3
4278
6853
81
5968
7672
1
5
4124
8
237
6211
2194
5848
1
30
5619
7414
8042
1065
39
5808
608
250
11
1031
9113
15
1
5104
26
9493
1175
146
2071
450
21
103
4
99
1
16
34
1
56
1
4926
89
19
5047
350
142
1
2
45
279
5266
102
50
2
28
1
5836
5436
4924
1
646
94
1705
5
205
808
11
9
3874
2
1
4225
9966
1321
272
6926
242
5
32
2887
6
4072
7263
2766
6902
43
2
3398
1
1
50
4365
3
7382
7875
7267
6149
559
3
1
227
17
518
46
4504
1087
6924
11
998
50
1383
379
8051
2040
3057
7687
20
3490
19
30
419
2139
19
39
3080
254
6
1259
589
3391
5676
2
12
4189
233
4147
10
59
6848
1
6709
45
1527
11
2782
4624
1
191
446
55
741
8
2
13
2
37
5344
1616
1
63
1
3218
2227
2
185
1
8513
494
1
1
8889
1637
4428
2
8944
439
7732
2302
6
6501
1067
5983
1129
2800
106
261
3867
4550
32
9923
28
33
6024
1
6130
2522
3832
2650
4281
7137
4
3506
20
1
173
8
55
386
4991
393
454
2329
9993
24
5267
1518
3084
6278
2661
4018
1026
57
5224
115
2
2349
229
1
5325
5
1
2
105
934
456
2296
3147
6068
5369
6096
1275
6256
6832
5705
120
3338
1159
2
175
45
5400
186
2
4
9037
1976
186
351
660
10
545
3646
2
15
10
5117
106
30
7023
1
9277
1539
4439
9806
81
2263
39
4289
9394
332
6085
4171
52
9416
1
4818
207
7
1764
4
76
38
11
1993
5
28
1847
4480
76
1165
1
2
5789
9756
1
21
8892
1336
1690
38
264
349
7576
3
163
8195
5656
6939
163
1639
1
7538
221
9720
2
47
17
5168
3146
1
8
7479
7779
12
10
3780
82
1405
12
3704
180
235
4
465
22
1011
1130
179
235
36
2165
5670
21
8182
1
287
1025
9906
64
209
130
3232
1
3490
2
2292
1
5897
5901
1844
1444
7104
6086
58
17
8730
21
4
2321
5295
9283
2223
331
1154
2672
8408
3
5444
34
4
960
6811
1360
1
9757
9023
12
30
5134
3
8564
1
1
7536
1
221
5800
451
9633
3
3
1
4
1
3518
5561
2
11
6
1
43
61
2320
3
1967
26
5591
1150
1
29
3
1555
8
819
262
1
7736
47
13
14
4938
1
9686
265
3
439
7969
5
4395
6086
88
1
7183
1
37
672
4824
53
37
66
12
2
2
9388
7008
256
395
2
1
4
50
4666
1783
6
56
6
1
11
3
1
1
7493
7845
350
2
109
2
1
17
1929
1
760
6
7
5
4486
1
2674
1905
16
14
95
5690
1
7080
45
53
8355
75
1960
5390
2464
1
2
514
636
8830
3
2726
98
15
6822
2
5340
4
170
10
1
3
6283
14
2
4085
5648
32
119
4388
1
2226
5
26
41
7
1
3651
4243
2
1544
414
930
12
79
2
1
14
36
3
706
8
69
1412
6750
8
3816
10
295
6
5
1
1
54
2
5
1977
3
83
8451
69
2
2
2
4
9354
2454
1674
4495
2335
5
564
4930
1593
3450
5557
240
4
4284
1584
7
10
1
1
3
5
9344
6851
1
2
471
2495
252
1
4
464
2
1
1
7744
4781
593
86
1
234
3137
3373
3392
3042
3
8002
1400
134
39
405
1
4727
29
440
72
3306
25
10
2
1629
19
571
206
139
4575
10
2013
2
3141
4
3656
4382
1489
40
2788
1088
11
357
7802
38
427
1774
9245
2
8458
1
1346
30
1755
561
1274
2588
286
1131
127
34
1048
1072
3687
1
1
9291
456
2
10
188
64
90
1
2
1
1
8597
19
1045
3131
9182
9639
489
8
1
88
618
1180
1849
832
4640
1275
27
527
9925
9
224
759
79
1894
8
7537
5
8185
2
1
1
31
5345
1
4
2905
1061
5
3404
4
14
237
4
727
4471
4994
8622
27
8348
702
2
631
3
2797
3
7878
7
21
4120
4246
6085
3041
3620
9815
17
5475
585
2
9721
2
7150
1962
1
37
423
1
1
7
3
1
4095
18
1173
2543
3
24
4456
820
673
6
1
7226
1
1614
199
6
1561
486
7929
189
22
4
6564
2922
126
1
1039
5092
466
275
6624
4664
2107
1541
17
17
1513
4162
1
3
796
126
1
7945
6073
2
6
19
16
9648
6934
2821
4208
1
4849
453
1560
2044
3439
7843
5315
7112
12
6
20
8722
9040
637
9729
8045
19
1
1039
173
2514
100
1100
2752
242
2959
11
428
8931
1459
4453
148
7480
4133
11
8632
281
33
30
3309
4542
2784
3413
6260
7764
3541
2
1077
3
156
7077
1
827
13
988
5
1
6748
5473
15
8213
497
3968
89
648
3373
1784
630
23
5215
40
6315
8139
1
1146
2
9
583
2997
6
7126
813
2359
8886
5129
67
1730
6136
9686
4897
9402
2444
1
11
18
5359
178
13
870
6528
1
7476
553
1423
2814
4040
20
34
2980
2912
6
901
1743
27
315
7
4064
5330
145
3
78
5671
3
2
326
655
2017
3
6046
7246
620
32
4965
6783
8624
9196
26
1472
9152
2
8107
20
7038
1
1595
2030
4676
1
3530
751
11
6242
3988
8204
8669
1580
7799
8357
2091
9958
2
6202
41
5067
449
3
170
11
4743
501
2478
146
5947
96
6220
6302
10
4
18
8668
4339
3465
9442
4364
1775
32
5133
7715
6673
8956
20
1503
2176
2
5310
38
335
2
97
5599
5241
6423
7596
6511
111
142
4
68
9684
24
45
7548
46
8314
6101
6
3548
6491
224
2
457
3
75
3
3597
5912
9675
4568
1
91
437
797
7
2311
870
30
4562
8512
4128
5337
7966
3
2
597
3056
3919
4
8
3925
457
2
2282
55
2
78
2
7
8
7694
9474
5278
3
2016
46
4
11
4927
19
11
3212
2948
16
1010
5946
318
329
5302
63
8688
5263
239
5
4528
23
1
6253
1030
3
58
7700
874
345
8343
99
7376
3474
149
1549
9
1842
3782
62
1
1
5999
1
235
1858
2
7068
38
3718
1120
1
4598
7393
4
6178
3003
6060
54
1
14
12
359
3616
15
7759
1737
9
4698
1
1
5689
509
3239
6802
9
3
148
2
7724
3102
38
9862
5708
1
2588
5056
2084
9985
708
1
689
5528
1
9941
750
1
534
155
195
2
1921
1
6
5776
2
1
34
2
52
1
1845
5285
1
2
2
4252
1
81
6913
1
284
8068
7024
2152
7040
35
4
30
1937
29
116
7842
3847
7236
553
1238
5
4
108
5078
1555
10
1170
3
75
7615
3357
7321
2
2
4654
21
2
5129
2
45
295
5014
112
6594
1
3422
574
2
8
3862
4711
2294
1
3
2
67
3773
663
393
3
3632
2
3
9980
7859
2484
7278
32
705
45
4
9414
2166
700
2
1
95
7159
3002
251
9634
1251
2
5648
3
7484
3028
34
1
76
25
7311
7
132
2348
162
6
5170
21
7771
4771
6366
2059
4034
5549
4649
16
25
17
9907
2986
180
2335
9536
1712
372
9400
9173
3110
1
818
1492
18
28
8999
3018
242
5411
294
44
366
112
6397
2
8642
1917
1
7939
723
3326
1
9489
6
523
26
18
2421
527
2166
2
722
106
26
1
64
9876
7612
5
9216
38
1
6405
9777
17
296
1109
1899
25
2006
1
4439
1468
6
2
5479
1258
517
5695
1
772
1317
312
1
1
8
830
9
610
7
648
2
927
8312
3797
1080
1183
192
7874
6
1
2
6444
7
58
7898
107
15
9190
2122
2
3290
1
54
282
18
6820
380
4037
4248
878
15
4510
538
1252
115
3824
978
968
2
2
5959
17
2
10
6080
108
51
3824
23
2
3311
457
25
4589
1
130
12
3
8
2347
2705
2425
1400
5
4901
7
250
7
7515
1080
2234
1
6408
56
11
6941
292
1548
9536
9097
21
1005
153
53
5742
7
61
474
147
3610
4724
9058
34
2201
4503
4631
7248
9060
7882
1
5922
912
18
4636
4544
2
9551
6199
6008
20
4161
1292
3213
2
4307
1
2784
8223
6141
7509
2
1
3593
142
9444
80
1067
2140
5933
2
8460
112
3742
95
4864
1431
8858
259
37
2
19
3
3840
21
19
1
4466
10
5280
7
1955
3138
8625
292
8803
2
4
268
1
5
5924
2754
3944
4094
6
101
435
9598
70
147
1274
2
2
10
11
5
258
3
2129
4
257
4
28
53
8062
3
42
72
7103
34
6182
34
3
1
40
1378
9108
42
1
2
8675
7521
316
6
122
9888
6905
10
757
262
7085
3856
12
9
2
3
1
18
7407
2776
149
7856
1
3
6837
464
358
2452
5355
4810
68
1
6484
3782
53
1129
19
1
12
498
4973
8
2867
26
1
5485
203
11
8435
14
1
7251
18
1198
2
452
2558
3744
20
2
21
22
3
3054
9229
1
13
300
108
8252
2145
74
1114
2
7
29
53
4471
7
98
105
1
25
1808
789
832
2278
8589
1
3469
4864
8935
4863
7697
426
73
3055
211
8974
892
5
9535
22
718
2826
62
54
5257
7025
926
1890
75
3
8315
2362
15
1326
7
4845
516
2138
9200
756
5159
437
4
1389
36
8642
5
25
681
5
8518
5825
57
28
1574
8512
38
9
103
4921
23
6862
29
140
1
2309
154
5354
73
48
161
5
12
1164
4716
1150
18
3399
14
11
9430
5759
1
2
4405
3194
7674
1
1
8310
2408
8434
1825
60
2480
31
131
7527
4435
5183
7410
460
36
3424
7994
25
243
179
27
1
3990
3582
2
1
5
640
1883
759
8165
11
6268
1837
6343
47
2
4266
5444
93
4
351
6636
9392
5636
7573
68
2559
9
14
6
7866
7374
6447
7110
3
1774
279
512
3
6454
181
4352
599
24
4755
1253
589
3753
2
39
91
50
3541
5342
5994
2
2
6101
104
74
883
6253
6438
43
83
2298
2297
64
11
70
4315
531
7
2364
808
1
4793
2433
3552
26
250
3599
88
2805
2
60
7792
4093
30
2
1574
304
7231
65
1763
3559
1495
2
85
19
1030
279
12
76
7
5785
601
2
6
1
6209
107
1
1
127
1
1589
397
8717
185
1444
5919
2305
2299
2
5182
5370
3
5717
2836
197
203
268
1182
893
46
9382
430
2
1061
9818
3868
2173
8208
2
145
3
458
1258
3990
1712
3
2
2
1781
6
1214
4091
5
880
102
7
224
9790
2062
3
5351
7594
32
130
6861
10
1
187
3475
5489
3597
4904
6120
71
3
245
2859
87
9788
2
2931
7064
307
170
79
5178
1197
1
7000
507
5295
271
8601
1
3634
101
9816
6185
33
2
10
9149
3
505
16
9
29
846
1
1517
5623
211
6017
5886
1
874
1079
1
1399
6662
2
1307
216
20
188
1873
5088
3002
3506
22
496
6445
1738
7880
3554
2642
8307
1224
532
5664
841
474
473
4401
31
696
5041
3830
8836
27
850
47
4
2
3505
610
3384
11
83
398
2173
10
2
5737
1
104
2
2596
3110
6
1
476
5127
19
5485
3
7958
39
1
1
469
3
4502
6507
2041
6378
12
1
31
1
1322
9928
1
672
1
1583
3
2
188
8792
246
7053
3
3688
5
246
6308
6098
6
28
52
6239
38
1
65
6273
2277
5292
4074
9262
343
76
5
18
2
818
2428
494
78
402
22
209
1
5166
5359
693
4
11
8293
16
5
459
1
9664
2145
2307
5469
4
13
6739
1904
1
93
6839
6589
2
9
2
5073
2
6577
1006
5669
110
44
7207
1005
4599
40
528
2
3981
9530
38
9704
9448
476
5542
3523
3624
1
4
1084
5688
9062
9269
1
1096
89
6521
482
140
161
20
751
8341
5156
359
1
7
5
36
2
2
3259
20
6893
7687
194
1
1689
8394
1
129
72
925
2
280
9293
689
1
6
2128
251
25
7227
49
240
4
2
180
3
636
8984
2204
1
260
2
6063
2
227
6
48
13
4
1663
5457
26
6773
2
38
210
1
7625
1612
13
87
7125
66
195
91
5432
8754
9083
3
7946
8926
2
513
881
3175
1
7
4594
86
4744
7766
48
2176
7
5506
4853
5853
2762
1
8635
6066
1
9181
2
1528
15
7
2894
42
2
6102
462
8841
7
84
99
712
235
547
98
5210
1388
1800
5572
454
511
4
1
3
1
5620
1358
82
26
3425
3871
664
4843
6604
2629
16
1217
1
979
6
3249
2324
1
1
16
1028
9432
61
420
8423
6044
6
613
2949
3215
2
155
10
34
1
4611
489
59
6
4151
601
427
83
2420
1162
1920
3
21
8
10
33
5606
2
6
3513
1
3
1021
6352
4
6965
6
6892
826
1
89
1459
6156
952
269
9404
140
4
9209
9
7505
14
1
3411
5243
1415
434
6539
3957
8874
8533
5019
5407
5603
7067
244
16
2749
139
1620
5
13
6822
84
1
8281
2
9
9051
1056
2
3
9214
224
6026
8840
128
10
156
1
1
5
11
29
709
6
1
3
9
4471
75
1
6
7
3142
9607
7615
335
814
93
61
7
9014
8653
1
4920
1167
74
4
1
3919
11
1
652
5057
7052
68
1
449
50
1216
5568
1522
11
8
2218
15
1
1936
45
1
2
6
93
3
41
6177
4054
5414
1
1324
1678
717
883
2992
1404
541
15
68
6790
7755
7306
11
334
5856
5458
5218
11
1
2903
3155
2
1
4
5227
3
172
3
1
1303
1
7
65
73
6
6451
326
7321
2939
3104
25
16
327
17
161
9647
9
222
46
7513
1001
1754
5744
12
9883
6862
91
7524
5198
120
2416
17
38
3507
3968
3283
6
6
12
2
1
2
1
9208
4122
8
1
2390
7134
104
9080
5
1262
7866
476
184
8065
5662
8433
585
3914
22
3798
2327
8726
2693
2458
8928
1430
1168
4246
4701
4
27
321
3830
1856
6435
306
6736
7093
4739
1512
2358
48
9975
10
1179
1610
1304
5535
9116
2
10
6434
3
9492
2
1
12
4570
6425
44
296
3876
95
4
259
6241
6669
274
2
8125
1889
9760
1883
1
2747
4
2
2389
6
9833
4723
6
107
4
25
7551
3
4738
1
12
22
86
5
626
67
1
7476
1694
268
1088
2606
5314
2544
4
3
1
5752
4347
519
364
9209
8
4253
397
1704
9260
2
338
10
1
2533
9825
2873
6
2598
4938
897
9174
2459
2
4602
2
40
212
1
2591
103
1002
4799
2
2764
32
4254
4
6061
4403
6298
23
6
6
9007
33
1
1227
8570
4
8944
375
3388
1
1
5856
1
3881
1
8737
21
1747
579
5
5778
17
1065
3204
6425
7
9684
6724
2925
2
3712
3984
13
73
284
1
1
1
7911
2248
48
99
9789
292
4685
4050
27
9282
3
1
178
4
7
9184
2702
218
2
7105
5700
1
9
256
3567
7038
12
1935
64
16
5520
15
2
9101
484
9
7071
3279
4131
561
159
1086
2666
7911
4113
3346
3579
3425
6055
5730
5488
1334
7114
177
8235
557
6
3587
51
4659
1
2924
1442
146
1220
5
1
2874
4
8937
1
2
1
4
2626
8
5030
1595
236
83
3623
231
1
4653
7
3859
739
125
1467
1333
1253
554
4385
733
324
21
6189
732
132
2760
1
4783
339
3874
7
3857
1
2
4666
1
15
9269
8
33
2511
3
1264
188
3366
3462
44
737
7430
4871
7829
6
7
1
1
8812
9
3125
2158
2987
8702
19
5071
5891
246
8143
994
509
772
2
9
9209
5
5269
1
246
123
1
11
2
6450
4992
5775
2
1
9609
16
10
5809
9
169
88
25
88
10
303
2
2548
1
1
8259
2025
7063
9195
3440
3436
1
20
2375
2
9240
163
4
97
4962
3151
41
5
777
3327
1592
1028
518
1619
303
20
9752
103
1
9643
2081
1886
540
3
3
8996
7180
9952
6398
8235
1
6010
1
8
132
1
7415
3179
3728
115
9175
615
410
3210
3573
7705
16
3600
3888
7311
913
17
8719
1264
9645
339
426
5
1
224
15
5307
769
2
2090
12
3
22
17
2731
573
2
21
31
2
2807
7208
1
5453
5979
26
1502
566
11
1167
3
9991
7
512
6445
6387
9133
25
1
17
8
248
69
6431
1287
9299
8448
8538
7
57
339
7
45
5108
5
1
5447
6
1175
113
7357
9369
5
5612
1
131
2746
226
141
177
22
1366
4
13
665
7893
69
15
4010
258
574
3
740
454
5
35
91
487
1
1
4085
2787
3
7172
5038
150
4036
2
99
17
11
322
1964
9017
8
1832
10
2219
1
15
2092
154
24
9956
8426
13
5
242
33
1
3512
6630
1050
3521
4341
3307
1
1854
1
4646
834
4
7992
5423
488
5
4
1
6
1
28
2
9229
4396
93
411
2
7380
1
182
20
4
2
5640
9
2
21
68
7655
1
314
7636
764
2
4197
1177
5684
3865
4037
196
1
6
5470
1681
395
2545
196
190
2207
8458
136
8699
73
13
4364
9916
2186
1361
1
16
1125
11
1788
1271
60
5885
1
227
1
1
9131
3830
4373
26
5774
6
1565
9820
9138
45
3523
2902
43
5479
684
6975
2
468
5060
4917
3699
2198
273
3136
8400
8
9133
366
8
19
95
4870
3616
32
476
1796
186
3048
5371
740
3
1
9453
15
3761
439
6647
5924
668
1
1339
181
1808
6066
3
21
1
22
147
6959
6287
791
1174
420
2
8334
1680
1709
1
2967
4000
6659
2
188
32
9100
9771
22
5090
143
246
1317
3718
3463
647
6172
1
2742
295
4
6693
2
39
13
206
60
360
19
78
1
3971
138
8080
358
3276
2958
3257
7184
2956
5341
3004
1
3162
14
1
1408
85
3558
38
196
415
56
3105
7530
276
60
11
3425
1614
3707
3770
5573
2
164
3328
2
7887
1880
2810
88
7541
4
38
8887
6781
440
8935
3679
6068
51
688
572
3
1
5059
4563
2576
7316
3551
3
237
4392
129
6075
6
1761
8592
400
106
1
8081
695
679
109
1611
2
3
5
1924
127
2972
6295
1138
12
8196
5134
9
9388
2
2
5
30
5138
98
30
1312
14
564
134
2089
60
103
709
7343
9347
1
2977
8446
1870
644
14
8706
19
7787
6667
5
9546
2
569
1184
2
69
5
3
258
1
3097
1
5619
9012
7332
1709
3
98
374
3763
6
6
1868
193
8631
8558
6801
67
1214
5624
1
73
44
7626
60
8112
4457
184
3
5644
1
3
1278
1
9843
3767
1016
5776
3368
2
1
1721
809
469
9229
4968
4
57
3475
7750
70
9138
8938
20
24
395
6163
1
323
1
4995
222
2
3130
7666
824
32
1138
5
4736
1411
1
327
263
4352
2629
2472
6601
4487
109
88
1568
1
3
168
1815
4103
3
1825
6
4936
563
890
3
13
9
3327
1398
7240
1
4352
414
1
1043
1
3178
2288
7791
6296
1339
2
7949
4
2719
24
4735
1
45
1
8
586
346
1460
336
5
5
2
17
3628
682
38
92
3501
3619
50
3637
155
7764
5
1
1872
999
2307
3
4218
298
185
239
3825
6761
2133
23
64
36
2196
13
338
1
7350
1696
3411
1
2
8587
108
15
4722
1
241
1702
308
7407
4
7099
109
10
4
14
4989
3
567
264
19
132
1541
7389
2
22
2087
2924
3394
4
1
8007
7050
7195
5
1
357
6810
7
738
7057
4757
1
5447
6
75
156
2215
8
1
768
1125
43
62
4289
876
8262
78
1403
1555
2774
9
678
623
30
33
67
12
7878
5629
11
43
3202
1
186
4064
570
1381
3468
123
4
82
427
84
70
238
682
50
4263
1282
8892
88
3
8473
6851
6
6002
1
12
1672
1
2694
5591
5749
7041
1
1
3984
435
4
449
1
26
8189
45
527
9215
74
3559
4
4288
2450
45
7217
9186
386
1758
8390
9062
1861
4145
9307
3303
21
555
1383
3
11
8678
2
4630
77
13
4056
238
21
6
2474
401
64
1
2
1
1
266
2218
888
2571
7482
3120
1
81
2
1
8473
24
4260
7403
16
6230
7520
1180
1
1
5945
3201
1
1056
876
144
4138
6441
1101
6672
3
6340
3576
9488
5379
7674
886
426
39
2875
3
5496
136
1
2
1
6782
727
7966
3
12
33
2975
8456
517
3349
2050
397
10
1
2
2003
129
22
598
16
1536
6
1
600
65
92
1
7421
2
59
198
20
31
5
4750
2
9430
23
350
2440
18
6178
10
1265
20
8931
6964
65
1
2638
7
363
2826
2808
20
49
4
8276
1258
5244
9438
586
5612
6
39
1504
4436
5056
3515
9
4283
6
29
1701
60
1
6
5404
51
2
210
6
2643
8437
445
5
1
1
1331
41
1
3
3717
26
9
5733
1
1118
56
6290
8356
495
793
1
118
1914
2
2473
119
8777
7561
6
8353
105
49
1
389
5249
145
1
1905
1
108
5773
3878
618
5287
894
212
4879
8274
57
1697
1704
2977
98
6833
6
15
4614
1
10
1
2
4702
165
26
1815
263
5761
2225
1
295
8723
4745
8857
41
131
8432
1
1758
30
18
1
4
2
1703
1895
255
8355
994
6498
3
3
47
412
34
2
3
1783
399
2
2201
3408
1395
2483
8810
6
240
7708
2743
7967
19
727
40
1
4905
2437
92
4634
58
249
8913
7
196
69
53
6487
13
194
39
1
859
5357
8009
1
5635
4
5490
6895
7
5
181
560
3352
7965
5011
1340
8320
1
2191
1743
4215
2
236
1
2656
1
2209
2
25
12
103
1340
20
4526
74
359
428
9
7433
5260
15
5360
13
1
2038
8
27
543
2
2964
1
4553
12
1
13
1
621
2396
6052
2
1
598
3
1
4
1
1
6
147
12
3400
14
2
2
65
366
22
2401
18
1
2747
515
176
3728
3893
127
452
1
165
4286
2019
2
1654
2226
7
16
105
115
1971
4433
5
4121
91
10
12
15
4
1
1
2
118
21
2323
1175
2837
1
4648
24
8835
13
4722
4933
3259
5340
8403
5867
41
1
1
1533
1
1
8192
9
5215
3313
3096
9381
14
8756
5054
6
29
78
5898
7225
10
3
47
1054
576
3951
1135
31
1
22
12
4
2091
4044
5
6946
1
6037
5
84
6523
15
7966
8291
361
4338
21
1
153
1776
8
4825
8275
8584
8891
33
3024
3300
39
2
2466
1
5
6874
11
3
787
840
1259
6357
73
8
11
2227
1
9298
9
330
13
1
723
5110
126
6
3
14
2
4463
8944
1419
160
1
3211
5711
3326
91
2
90
1
4712
5690
26
17
178
1
2
945
30
1003
1
25
2175
8
4175
5
6
1
1588
1
1
137
4273
4
1176
7905
190
4
1
12
1
1181
9435
3468
550
69
2363
4
17
3508
7469
7902
7512
6471
13
104
2
3639
1549
151
1917
2972
1
12
8401
6
1
9991
1
2100
3
170
1701
7468
94
3408
2112
6603
8589
1
6
1
7792
19
2695
941
542
18
3746
1
80
9247
1
99
8
27
1
8
367
145
3032
2559
726
2
100
7055
103
1
28
145
4396
8268
205
3380
11
40
4367
4262
5749
47
3945
4500
188
9401
184
17
563
73
13
5591
1
79
1560
9551
1
4
7740
5979
6768
9108
243
1
4923
7092
8690
180
9032
1574
1
65
1
2
1108
6634
2
1
12
1760
4092
15
9256
2699
4870
222
3186
4997
1
3467
9040
2
7006
1
6500
514
18
292
1
6138
230
3969
1
1
368
1497
2992
811
8
12
7999
2
44
4690
17
14
9
19
6
6897
6
2
2771
1
5
2612
13
1144
692
1
1975
366
1
2
3128
2
1381
54
3
7040
1323
14
31
7726
1
1
8985
25
39
7
1471
1
927
20
7385
5706
5753
1
36
1286
7370
4525
6255
12
318
210
80
23
48
2324
5575
2647
1906
15
1
91
74
2312
7
986
5106
229
2
56
1237
1
1
7866
159
2744
181
6
2918
4743
1
8566
8846
6563
2224
47
7533
70
2
4529
8336
27
1796
3
8179
2986
4409
1070
56
53
9825
136
946
9413
1212
6559
230
707
1
3
2448
2200
1
5
6
446
1
914
18
255
38
3280
7046
9
9207
9704
142
3603
419
321
6210
9166
4125
37
22
71
20
113
223
283
13
7036
2554
15
1
10
965
875
100
8291
155
140
1178
8652
5824
1
2966
3138
390
5144
178
21
3180
2143
1
2876
3296
5753
2394
633
3
1868
7112
9494
5610
5998
73
12
6
7820
199
6379
2
2
5698
205
4849
3571
19
606
11
1228
3243
5
237
24
2769
5460
8294
5066
4397
1259
40
5952
1875
8252
1495
6441
1958
9210
1
22
3428
1
74
152
2214
8599
4
2
2605
844
9573
1311
1
28
3375
11
1583
16
734
7579
4
29
1
34
3
4692
9823
97
1079
344
45
7302
6720
2
11
6
155
677
1062
7813
7472
1
6848
1
4887
21
6026
2
860
83
13
27
1
1
8164
23
10
79
7428
2166
2730
6128
4133
15
1
3027
3034
3
69
736
4750
4
5298
5245
4055
4
6930
352
7447
7744
274
8863
1226
9527
1191
150
7955
6018
37
55
2
2356
32
7438
3656
625
5867
21
9588
1
7
3992
3
2
4433
1
7620
1092
3853
2740
3970
163
18
103
713
3
1
81
1
15
1
1186
137
797
8
231
2783
4639
13
2247
14
7656
494
32
5263
2
3
24
8713
45
463
5736
4210
5110
4162
6320
5911
1
1
1
310
5168
5321
2
3086
2
1
2285
118
2688
4638
4
14
492
7428
9700
1
1
7
671
203
2840
1555
321
2951
9217
2615
7134
3
6
1583
1902
369
8862
2
88
9969
4
154
1379
5475
2
9
6823
1
12
2
4410
48
1
13
3
1
331
36
9142
3468
1
8504
2836
761
85
236
198
16
8312
1837
7839
7703
8771
6
1350
19
2343
4144
346
8594
5
5995
1
2432
3
5150
5419
5213
7292
1
910
4750
9589
3
6188
1
1111
27
1
121
7555
12
2
6984
336
13
2
3099
5361
1621
52
105
1
3428
1183
9216
1
94
295
7161
1
6
4
6167
15
3203
4875
9030
24
3
6
3358
2
110
1
264
4760
4692
4
8601
7580
642
4522
1181
208
18
162
265
19
3
90
74
1451
9821
473
322
4170
2
937
4700
1
829
2375
1
61
4331
1
9
5540
7878
7079
2758
7
5370
55
6
10
25
4859
6104
2
2163
1
40
2691
2
2950
195
6
3129
1
2922
2
6
3197
30
2529
7402
3534
9
17
142
450
9516
357
3
1
9791
3313
6864
1
4
2912
1
10
146
2036
14
2
1
5258
147
460
444
66
177
1818
9730
19
34
9104
8069
1
9567
12
1
1256
1
1887
1
3104
34
71
7238
7659
1
8142
2286
1
3883
26
8271
5968
2
6
143
9
1
5718
3
4641
52
10
9806
1
9250
437
2
49
4215
68
3346
7032
49
5
103
4
8980
6367
8952
1
7087
9024
39
7030
496
4
7346
131
735
9
8
329
72
15
696
3
1181
9414
1818
7
10
2760
1110
4
1624
9951
7256
2
37
13
7513
61
1529
111
54
370
6117
30
22
1428
19
8465
6
1224
6930
2
6766
1
2198
186
1294
34
4787
8191
4218
29
9519
1
849
138
2028
24
2
3426
14
3576
3104
9296
1
6714
7075
280
3261
6
4044
60
9564
25
9412
347
4901
7
1610
223
5195
5027
4494
9419
7872
2
16
26
12
9708
9659
21
7087
8862
7954
6
187
1
25
8
251
8
14
32
2
208
9203
353
2
15
1
70
9452
3533
5165
2020
570
5520
577
932
3
3824
8970
8556
7427
123
952
1
1285
1711
1
4867
1
17
9061
5891
18
13
49
3886
1
535
874
3
8
12
2018
34
6181
1
11
3118
8681
3740
3396
5107
176
6532
7603
2324
4016
2787
455
2936
6564
99
3906
3631
2792
3624
73
4377
171
6230
7115
9443
12
811
5097
7141
8752
3753
8574
2
2285
1987
1
150
8072
1
1
4906
4051
3916
4547
3901
4052
811
9573
4705
30
236
5846
27
1201
8485
82
2452
2361
57
3844
4
7
2834
7
10
30
8363
9377
272
9215
1714
7621
1
33
7
4228
2
2
1654
9106
185
9
16
93
5184
2194
1641
20
5528
9800
9
4549
450
2605
57
259
1
13
7
5
14
2
5741
14
5
9508
5968
721
562
2
4
14
272
229
1443
21
1
2015
9921
20
1008
1008
1
6
249
14
9429
1927
389
2
9113
6917
447
5704
48
27
1206
2061
199
1
1412
5517
1
4287
3031
3809
2248
1
8964
9
6416
411
7646
3167
1
8481
9141
1
9
12
6075
10
17
46
8103
1942
184
6
3410
1740
1
2
3942
3049
3
2087
49
1
1
241
8069
4578
20
1335
8930
560
7405
47
1178
295
9433
4401
5
8681
1282
535
9954
2318
1
383
2301
2354
5
1
10
39
13
3900
2
149
2807
18
60
221
81
7540
9451
98
9
188
1
1
8551
1
1
4476
21
2472
70
1
3714
12
1949
6927
615
593
1
1
32
1
94
2
3486
625
54
145
18
1793
8278
1660
6
8
6006
10
3
40
5618
187
1
1661
90
120
1
6115
5083
882
4
45
6936
22
6
291
6
9
5951
8843
198
7517
3
206
650
4
8332
3
96
4064
98
2
113
6773
7830
29
7
1
589
7158
1
672
7
6599
536
2404
3425
8
528
1
3
696
4
4
10
2
409
1
23
63
1129
315
8
1002
4073
3932
5224
786
6443
1
2820
74
190
346
279
12
1
41
8657
2
187
3245
9063
4476
2188
2930
7329
5893
663
28
1
8956
9178
3345
6358
3335
3742
989
6735
20
154
74
7874
2964
80
6560
2717
18
2
23
6375
1040
6
387
1833
918
10
5382
1
734
6
8
4184
1249
799
6423
1
366
1051
6559
571
75
59
2
732
5
2
386
1
97
11
1
9087
1
9543
3260
1
264
3191
9963
154
3
1678
11
35
4183
2716
49
44
1
7
801
125
15
5375
1
3120
7175
6559
2036
8014
2801
6023
39
4
2523
216
7365
1048
6349
759
2
24
10
8743
1
4288
18
3
422
2854
8682
6880
9843
5
429
9847
2719
8237
2
8450
8140
1
2
2
1
5942
224
1
1072
8979
1
7833
9806
7033
2
3979
2333
14
516
9969
3
4
12
4
8817
12
2
3731
8319
5452
6
9293
5907
4842
9828
2354
292
5134
2661
6570
1
1
3
1
3867
3587
46
46
1
647
501
433
20
5057
2
1653
230
3672
2553
8204
14
1280
5235
3848
4
3
4
71
1
9197
6501
5536
1
1
4582
7628
1
6080
3
9440
9819
119
1
85
16
18
1113
24
9920
5940
1
9
10
416
6
2627
582
758
3605
1339
692
221
51
14
6789
6163
877
3
2113
9916
8198
843
4
1176
1516
1
22
1865
968
2288
1
2293
1
1104
745
146
48
3727
37
78
2373
11
1
9313
405
6326
11
2491
225
7326
2
7190
9227
45
12
9643
17
3228
2085
7100
3
2317
94
3
1
217
5
1489
8
2
2030
14
9012
2207
4786
5636
5570
63
5
12
20
6505
8361
1
89
3481
898
2324
3
3054
39
6
18
3
2
708
2
1
9413
3679
19
102
3103
5052
9734
1
2
916
78
203
4234
9139
48
125
853
2626
18
6
6084
2074
13
1481
1
1160
6
7460
1
3026
3645
9673
2
188
931
6301
748
43
1576
9489
3026
1395
58
6
1
2
31
9525
9774
1
785
7
129
82
4382
4211
1232
2145
4549
3
4952
2502
1
1171
557
49
6096
5
1811
2
990
8913
5536
590
8160
32
1
4
8322
6171
2513
8
6
2443
7662
4890
8905
1286
13
7658
23
10
15
134
6951
2313
1154
17
6
29
2
666
10
1
5057
5697
28
7108
4
5104
16
4468
2649
41
21
286
10
41
1
83
2889
18
41
4709
371
8
6941
4006
396
1
289
6127
155
2291
1
3
9536
12
6025
987
3121
2
4508
217
6687
4326
1330
3
1
5016
7340
1
3
8512
8
3567
2
563
1
7755
344
6
252
4017
8598
294
13
415
152
1
655
4461
1
2
8124
4331
1919
2
4332
8566
324
1
10
334
2140
1193
920
522
1737
2708
107
3
2264
4726
38
3548
7931
161
2804
3454
9596
21
4939
8872
6960
1
5105
3
9
960
108
4
9
591
26
91
3
5223
7151
8794
1
7799
3263
3
2016
8628
1
9749
2
1376
8293
4160
3
6204
3791
6258
607
715
4099
3
215
330
16
2
6392
2571
7376
852
479
4026
1424
337
31
9176
12
6514
2131
415
209
5
4183
23
3317
4443
1
2
7725
6954
1
6
19
3
76
6
8018
48
7386
4353
4
4155
4147
24
2367
3709
3763
1
1
2
655
51
20
4
3
5
1
4581
2
52
1
8
7778
13
876
7529
1072
2
1086
8146
1194
42
5118
12
6249
7186
4221
14
128
1
7595
7164
5050
50
13
222
7664
3483
8525
3120
1
4319
2198
1691
92
2
286
499
1653
8122
295
61
3860
4525
7427
138
1265
6320
918
9
1
746
7
1698
11
390
7690
6594
33
2
874
22
135
7110
111
1243
4
57
2400
1
820
26
5
6332
9282
9800
6
38
64
131
6823
19
1567
1
11
5129
140
1451
218
8162
1
4442
679
22
13
3
2685
1
1
7322
7152
3882
712
9724
1
19
5
1076
66
3584
1
57
7
1
5
1427
936
9
443
5680
700
36
11
1
1346
8958
200
1504
474
2106
44
4056
1
2
2096
164
646
4484
913
4177
179
6658
2365
9931
17
1
425
2686
898
585
5977
1
1
601
16
1606
9143
29
1073
2
55
1778
48
9413
5212
6763
8
8236
1465
3927
1
5262
3980
236
27
9
1
12
168
648
5805
1
6
1
1
740
5
8548
405
1432
4224
76
1
476
1637
5
6181
1369
5
6027
1
4138
3588
6259
22
1332
4
236
39
4744
1193
8
9853
3264
7522
2
9225
1071
132
880
2722
5
4
4266
66
92
11
5924
2
285
4630
1962
4842
1593
10
5458
21
1
28
4386
152
2
3549
157
14
4
365
6002
7760
4371
1684
8292
1
4058
10
3583
2277
5770
13
1624
209
660
296
3841
18
5284
4
367
3296
3751
4816
5434
3513
1
1554
9
3
7
2
1727
153
8132
1566
5059
5949
22
1597
5
4646
1677
117
5664
9808
48
1540
1
1272
2
13
4484
1565
6591
6122
14
197
3948
215
1
1810
170
353
2
4
31
70
2607
17
4
1026
2
1678
1173
2678
4
7
3356
5
1405
8240
4633
36
1523
5227
2
10
1128
1
35
2243
75
2882
133
6383
878
48
9399
100
4639
9
44
5602
2
9988
2605
9964
7240
114
6582
2234
15
2
3
5
9315
3498
22
217
3313
2986
5
1
9199
1406
2
2531
1989
7
85
5749
84
1
7
2
3012
8656
67
1019
6375
4276
6057
1
5
8673
5
6090
492
5
906
2
25
4901
8
1226
24
7418
9566
2189
8740
1821
3
6754
241
89
3829
72
99
5175
428
10
77
24
43
36
5996
1
3046
7391
9666
6
6922
5884
1506
3654
8241
8
3621
1292
1
545
5872
9528
167
785
7984
4102
2
6771
992
15
7609
13
1514
36
5961
1565
2349
7
2108
5676
7439
1260
3044
1360
1361
1511
8145
5613
29
178
3366
1327
7840
60
1
66
3
197
177
172
5915
20
6
21
2
2859
4767
309
297
6278
4
9680
827
8333
28
39
31
250
5175
4126
6207
296
1732
704
1
4
2
29
101
32
1
27
11
389
23
778
4
1365
1
2937
1928
4658
5
472
53
9
3346
1321
3038
3
8871
396
291
3445
8847
2736
8084
68
99
6
2589
2985
19
3012
18
8637
7735
2435
9872
9028
2939
8
183
1
22
3874
627
1
1213
687
2882
1624
1465
2816
6538
1
2339
5
5757
2
9232
5984
3946
33
151
2015
1
1
206
6581
75
206
4009
216
16
2495
6158
4193
5
4060
4159
26
1
4792
7171
600
2330
9393
1438
26
18
3337
2830
5
2459
1
1
1
1827
7442
42
2744
63
2
1380
6
5744
5163
34
1
20
6804
1
7736
183
4438
4913
2770
2
24
4771
41
2
3415
1
9517
43
7
2156
985
9295
854
8796
5
5
78
1456
79
4395
19
3779
8905
186
1981
2320
16
1
5357
282
2875
6536
1403
13
5863
217
52
9847
5467
2
9965
9
169
4276
16
926
7083
7426
2734
5235
2693
2647
9
1
16
6
1372
513
1
9984
7109
889
19
1845
376
3495
406
6
3792
1958
1325
2127
192
1034
921
1
1047
41
8531
6793
2929
186
6574
3331
9878
8505
79
52
11
6768
120
4486
8951
2124
1784
1
117
6949
49
1676
7
5785
1
1
6650
204
354
4
1
7952
8
114
6738
377
9222
531
9084
23
5643
6085
9355
5007
5
961
6648
1
58
20
229
1585
8495
5963
8954
300
376
6621
1
1839
93
80
8565
55
7824
2
253
1677
21
281
1
1825
7720
558
240
9472
3
6
1
2610
6
1
1803
5
937
5943
39
1
10
468
1
1
4139
75
43
1155
7057
9693
3844
2096
5
14
5
5044
1
8
11
7157
1637
51
3677
6
1196
620
4453
10
2
560
5964
13
63
8717
4916
4771
1312
4515
1973
7441
6105
3026
708
18
2613
1186
1
3307
179
2
8492
1
4
3404
754
82
18
222
25
764
7
10
7548
1
73
4
5
5655
5324
2428
52
1772
1
2420
9685
81
11
7294
2091
2094
7374
699
29
228
8247
5018
1077
4
1099
2467
142
8835
6794
2811
146
138
7275
1
3301
16
43
4507
54
278
2643
17
6862
10
6
74
346
1520
2358
50
4163
8
4599
3826
2
2
1
1
483
1
5160
8036
44
31
8
669
51
2423
1
3978
5780
967
39
7644
135
102
74
1
2
349
9617
4
1303
5682
257
3
3068
1
5282
1387
7
9
2
2
4
2832
9855
118
70
17
3617
3
2
9980
7438
1
2071
1
3
7656
4229
45
199
26
8539
3502
1
3456
7139
865
239
7452
70
1
4
2
6375
5449
3550
1
9456
5390
194
3
80
1147
28
322
5586
721
1
1
165
2
492
1
1
724
4473
4
1
140
731
5764
345
2
6891
8
8927
1
38
1
9786
30
7090
5602
2
1
92
2902
11
234
3
7123
2
335
75
108
1313
3548
1296
789
1576
17
986
7955
2050
7
1
4251
6478
927
7952
12
9268
5953
2450
3
9122
569
7446
626
13
7777
1
5840
1982
5292
107
1762
2932
9
1146
2723
3174
8082
1
1
1169
156
21
7686
56
4881
996
80
3
833
13
19
2455
5
4322
22
5
2310
557
18
1017
600
2638
307
2606
208
111
5073
2485
699
6058
1
4679
9695
8540
7727
2641
7
6958
3
6
1
4
715
2
2751
8451
5787
2014
1
5
1815
1
75
1680
376
9332
8
8135
3402
95
7
10
2
7
2762
3047
2477
2483
1
3
73
3391
1
3
8583
146
6256
7298
8088
4
120
1
493
3010
461
5151
511
8404
237
30
13
29
625
99
3906
87
2512
4946
10
6856
7838
78
738
950
71
223
135
2069
1704
9473
225
80
3033
13
2550
637
279
12
2163
1
1412
1
304
35
2008
203
5
9032
3
5024
2298
7181
6918
10
1367
2
1
311
690
1
20
2828
498
763
153
27
6
8189
1525
1214
81
4478
1108
8521
2249
1
1540
7115
7
10
414
1
6048
7839
21
6864
6976
6324
1
498
29
1
6022
4490
2040
8913
16
2
10
7961
4164
2
9
4
2
58
1544
181
792
4
4195
2
1
3017
2898
1
1
23
5918
4731
10
4811
2128
8
194
8624
483
1430
9901
154
1398
1057
5114
2982
36
1
7005
7270
76
2
295
4221
83
1875
3911
5500
1021
4
2
1
4209
5
7
3750
1
1
9049
4097
6
5321
1
841
5
3
6
3
1785
5602
1
1399
5408
6
2345
5013
7400
7248
11
7834
9748
3
2745
197
5789
9070
15
20
40
8148
3
2876
5382
8041
37
2894
5984
2777
32
13
810
5
48
5003
1
12
14
1
53
655
25
7341
3
5
2
1555
26
3732
7387
2374
2014
33
1
216
4777
21
166
1
65
4546
274
8831
2
4559
118
283
4636
9880
7778
121
1
1
2444
7953
1620
6
6397
8403
33
218
7160
9208
589
1
1
1
8
4093
4
8747
225
1
5340
41
6
1
4093
7541
93
93
333
20
5025
1
9406
4
1
34
84
71
2854
223
165
4
6266
2435
4572
5
2858
5915
1
1
1
272
879
6
1
5040
22
3422
5797
8784
4676
4924
206
165
4218
20
8
3
12
8
49
9764
568
83
190
93
1191
1829
87
5
19
2
6671
1209
1033
2
1339
23
6
7155
9
8041
7230
8725
22
2992
8020
6
1
1177
6
438
1
2410
35
512
5388
1
256
5556
909
36
6775
3017
50
2
25
2565
1
3
9
26
92
5566
78
1
1774
1
1
84
400
3298
46
9321
539
2141
1228
764
105
313
130
23
8384
5046
850
3125
1
4031
16
2
4
53
9
1
2292
10
13
6
7902
1173
11
2194
3
2
3
2
435
258
9
1
2
1
2
1
9370
2
10
4
8
2170
559
23
5114
7364
3
40
1688
1
8718
1
7391
2
4596
225
4
4698
7461
9026
6206
8314
560
2350
1
1
4
5512
1920
1
20
133
3
8070
62
375
9201
2741
4231
2114
76
9
7841
466
3
2
7879
72
3192
9602
9124
831
10
3096
1
1
122
1
13
4897
2
7
5
857
5
9775
2
2588
6139
45
1913
7672
10
1
28
4283
2396
9856
8805
1497
365
13
1340
2143
5837
1
192
5478
1719
1
5747
28
131
2534
2456
3
66
1
13
34
6501
1
2
3206
9542
418
2
1317
806
90
6
50
1
4908
99
9073
329
80
3608
4255
6702
5993
82
1038
6
5698
1
9722
8712
7797
2
1039
2
6635
380
303
1
1280
5008
7
1988
5064
1
3
5489
2336
1
1
296
1
3377
33
722
1
30
2932
7116
6484
889
4
288
23
6
3397
100
5884
5142
9
3215
2612
2
970
8150
6058
1
1
1
4372
66
27
2076
1898
15
2854
2839
19
2
1
4
97
19
1654
8080
5202
96
1308
5526
1
27
1
7758
8325
9682
47
724
1
782
3
1
222
1592
9990
1760
412
1900
37
2529
1
63
14
1
1627
1
64
258
91
1
19
4496
2
8189
4306
37
1
101
1
18
5614
2
8770
1253
6371
5440
8826
46
7237
578
5797
7120
7372
131
2698
1721
5239
3930
2303
4666
4177
3
9420
1
2559
1
912
3040
1810
3622
217
12
3
4688
6552
3
861
4470
6
7
4582
1792
113
354
43
9646
4821
3159
1
169
3
5
1227
5097
1
2
6191
482
5935
2251
1
82
5300
4296
370
1300
1
1
4438
1503
9266
8
1246
111
4303
9143
36
4
18
2
4568
1
36
3
44
1
1931
259
1715
456
1
4
5496
12
3
11
3
1536
1083
2102
3206
1
488
6175
3771
6
62
9640
1
3
5479
1
1
1577
1
131
2428
5174
1
9949
606
21
4780
5817
15
2
98
6266
1
1
4
140
7677
2137
607
8028
9544
384
1165
4789
452
9401
8
118
42
149
172
8954
2
266
7341
601
869
4764
763
376
6932
2366
3
6
5
5910
6733
5
24
2092
5322
7674
9770
8
205
3
997
6589
3045
2
889
8798
429
103
7102
2349
17
3317
61
723
254
6667
9829
272
8330
2
8
8
2433
15
1169
169
20
21
1
1
2
4505
2
126
9044
2
2
114
34
872
317
39
3606
1453
2586
8
4139
2126
5
6458
1
919
1690
3728
6
322
150
1
2114
830
7
27
3855
2
6604
2
30
8243
1
1
7695
43
5
24
360
247
2036
361
3090
545
307
7
1
93
1
2
1880
5033
2
8
4426
4
2653
14
407
2
3779
8083
66
13
84
2
3998
9292
5264
1839
9501
1232
3191
1
520
6261
3254
10
104
245
799
2793
1020
5256
1744
8
4333
26
3305
7794
60
1424
49
227
9300
9397
7137
8416
6339
1
3
323
5910
6
2559
3088
40
21
2
3632
2
5939
21
5
2620
1234
91
135
52
8420
6
28
9
1430
973
5908
55
30
6594
1
8612
1
1233
1
4900
4896
208
2159
657
353
8
2661
1080
1399
1859
2
1
345
95
218
3866
1377
1169
9928
898
14
1
31
2518
1
5843
1
1
1
42
4
4608
4
7093
1
80
20
7
19
6439
9
2
345
1057
10
3293
1282
4396
5544
24
5657
3970
8715
5
35
295
7868
40
9866
237
7878
2812
1
140
3
9
5240
5
30
472
1
115
411
130
2
2578
367
741
4068
11
7008
13
8936
320
7171
2
12
59
229
5606
3369
5522
9865
477
3684
1
129
1240
8864
5
9056
407
296
67
1027
55
154
2
2
1498
159
2739
1
6487
5
1
6376
5438
211
2
139
4
8622
7505
32
6731
915
571
1792
7550
1
3864
2
1
667
45
881
3782
1877
2576
4618
2371
71
4637
4069
3
5
8486
208
1
2199
9861
1
156
4
6346
197
1
2
9774
14
1
3095
92
5150
6953
8899
8927
589
8784
2
80
5
3544
1
458
215
6950
143
3137
24
1
3662
1
19
456
1920
175
3
2
1337
1
10
80
909
99
3436
5
5177
5467
4
1
25
3
7904
1
15
4
1
3
1706
8259
2724
89
8880
4
7551
4471
2
11
2
2
8
2369
6706
1208
1018
605
343
3309
31
1471
8094
5482
1
47
660
1233
2141
4
4405
65
3448
276
5
22
1
52
1719
7632
6
4773
257
8504
6317
33
9764
9
9
4610
2
2225
714
3820
81
1435
2
6
5
5906
10
1
17
71
2
110
5560
7301
639
941
1
3242
832
1
1132
21
5877
3
5
5826
1760
12
522
1
3970
2
28
6057
4211
44
9
1
226
425
3075
1
14
395
2423
122
6838
17
7275
4331
4659
6096
3717
270
212
1
43
8298
6764
61
10
3368
4022
1
7833
9691
4
35
598
10
2449
7300
19
8521
3916
6
9931
1252
7233
1
27
7317
2557
9
305
4954
6884
131
600
733
807
1
368
133
352
2849
4617
2867
7
697
1071
34
2059
845
2802
339
46
2
1335
5870
6962
16
1183
3
743
87
6841
7502
25
6197
2
624
8450
553
2704
3281
8428
4332
6990
5528
4000
746
51
1
3549
7
2093
1
1
3
14
6535
4
5265
2794
3131
43
7669
301
3850
6
3
1904
1053
19
9
8336
31
4
198
6464
754
3
2
540
8
9972
6360
34
4515
3993
1
14
4844
32
93
9
3842
26
762
1
5374
59
187
9040
6174
1
5
12
9
9
3445
7365
7555
3458
9841
6
6352
35
887
10
7532
2
15
1
3862
2285
24
1
1
9935
4317
1484
56
9674
4468
17
3830
945
3305
1
1
3837
21
7683
1
9196
1
80
27
2990
7852
4
7724
228
3535
7680
2776
851
213
3596
133
2
4499
9490
334
1176
3152
11
2
9937
5958
6015
18
55
2
3
5815
236
3088
14
7812
8072
6321
5794
1
1
721
626
5578
47
5612
50
67
5
29
3
3358
4
6
17
3
1316
704
3
4
166
1
6511
348
8896
6376
9695
167
26
395
62
27
2703
176
61
7942
104
2
454
1
1
1
4547
7074
9389
120
4924
2
1
3823
3813
5
26
6776
6
1950
20
2088
203
2503
27
1423
39
1
118
7572
2
2
4611
6541
329
1
5888
1189
1201
4764
1
2
9205
1
9695
18
29
27
14
6702
24
100
1869
3882
2208
28
433
5718
744
2
1
1
2326
203
3201
664
6092
5598
8
5065
125
3
10
3659
21
2
1475
88
15
8
304
2542
9
52
1243
2
7700
54
5
2
25
5098
1
1978
2
114
1
29
3712
4600
670
2
8173
4
3612
2897
1
7218
1
6565
401
9
1
238
1
45
7
2884
6035
9265
91
44
2497
5185
4582
9
43
107
8766
7258
2
1
78
3954
8700
2
83
6154
1317
4573
9399
2
1650
16
962
2481
264
5
127
2
3480
125
1
9
5
6
71
28
2
2082
1180
687
6
4008
430
361
502
782
2249
1488
9467
1013
1159
678
4458
27
3770
557
2024
7108
9826
1397
7960
15
5
10
21
1207
8682
173
4995
6035
9160
199
3306
4695
15
5767
3501
3
22
5227
14
6
9300
100
13
82
398
4
2147
1
1153
1
10
182
2236
1134
32
1
6996
1
10
1870
5906
2735
7712
3117
5482
4026
4
2
5818
210
9746
1593
3175
42
2
34
34
825
1958
45
3
3546
5635
214
5097
2
931
5
1
6350
95
87
9391
7
2626
71
23
4942
94
2
17
2304
3
1
5834
18
9760
9312
1
37
6656
259
711
244
2088
9859
8829
711
727
5252
696
1
168
5
7764
10
5
1
1
1
20
60
1
282
1515
34
3191
50
10
9
159
135
1
6965
9379
9145
1529
5009
13
9084
4
9713
8013
8
1
3
4
1
775
196
1472
3734
1867
6758
1
34
102
7795
1
2791
25
6938
31
4
6928
1
3
3219
8
12
1
3062
831
5948
867
5606
863
6
1
5011
8333
236
250
19
3179
4895
2446
12
57
14
3370
2
1728
9
6580
159
13
2040
59
7770
3645
3606
2460
7712
516
13
10
1539
432
8427
13
7716
2858
5
1
27
8414
8467
6053
2
1
5635
1378
9630
2659
16
9580
5874
195
17
17
7796
315
2554
1
7431
1348
6525
1724
9954
394
5677
1580
2
6120
8
7847
719
1582
590
2225
7857
3
1
8669
1
3460
1681
2361
1
12
9477
127
297
14
61
3
1990
2295
2
45
4238
1
5978
3077
57
6062
2
7
7
3993
8
2095
3763
2127
2158
1343
9576
1
1
2599
1
2763
3777
9913
3220
199
21
5519
9
23
1
5
2661
2
1902
4925
2626
8238
88
7
3
4629
31
5157
47
8357
5450
8610
900
13
1
4215
11
1189
1
2905
210
48
5342
2522
770
8680
279
138
21
3774
1
68
4402
1
3488
4825
75
26
2721
7917
8714
8094
1
232
6513
7578
44
1110
1
4
60
2
396
2
2
1017
2061
20
17
269
4270
3608
2
4143
1
49
171
193
1
2
3929
5904
2695
3
9
1
11
9092
4270
9
1
5270
2731
7001
362
39
29
7628
2082
1
5472
4576
1995
5799
673
1
212
122
9677
9496
1
3127
76
8430
4970
28
25
4015
8
1505
31
6767
9
8
3520
333
4066
196
3
2
9345
11
2073
1
1
8277
25
3
3
5
2
729
1
1069
9
2235
2364
5
1130
5681
79
2
13
4875
8
635
394
230
20
2770
113
1320
4244
9553
1
1
60
2887
8505
2800
1097
1
6811
3
1
2126
2126
1559
9428
4957
1157
16
7
4826
272
1
6483
2
14
23
9894
128
5981
1273
4
10
21
100
2609
78
7563
62
5
9202
569
10
1708
276
2
7264
4
6007
8109
3235
83
81
2375
15
2
7147
274
170
4521
29
645
3
391
1482
9661
7732
1366
3223
6
2032
33
5829
8458
54
9305
641
894
60
5558
61
2564
9134
6499
3
65
4548
323
2
2
1
37
5648
122
1
1
7925
512
6904
6636
469
6022
46
1
15
25
1450
50
9831
6884
1
794
6585
4
753
9228
29
1403
2153
4115
7512
5447
1
4271
2292
2308
11
9
1
94
6337
444
11
3426
4192
8531
7613
35
7786
8363
129
4914
1637
2
10
47
2429
5
6449
207
2
27
4276
112
225
1373
6982
1
5072
8
275
2452
1085
2055
7791
430
1
7631
2
9587
4042
112
2
8
9096
2449
215
1614
6
1
9
3
1
9692
1
11
69
8977
3168
8
426
8410
4190
34
3
1
20
1190
14
2
2853
4
1
173
16
22
1932
31
1
4894
311
9210
1719
8134
3
200
9310
6151
1
1
8618
5
2737
15
2
172
143
34
938
2
4305
697
13
5391
234
37
59
1
9844
3
83
9628
4
2884
6567
2698
262
2
1
8
731
93
1641
2
6620
5433
3920
153
3
1
7
8179
288
94
992
877
11
768
3
3058
4
386
4
42
1490
62
8666
2896
52
99
7776
5448
45
2
1
5088
9024
756
6543
6284
16
1027
941
4232
2796
2038
2
1
36
1
1
8513
5
1
5128
3452
154
1947
1314
5000
2
5252
141
93
9
6011
1
1
1260
189
5544
4933
2
12
11
7376
2940
1
7418
478
3
1
2415
8558
1564
1
4648
1608
3723
4328
4529
701
8212
8
26
11
81
271
831
3
1763
5568
5482
1898
20
5652
6948
5249
9696
475
5186
1069
3
7755
5
1039
555
434
6
404
1600
7392
8756
4
13
16
17
1163
4
3663
1
595
1862
5231
3388
1995
54
1
1034
6721
9149
5195
2986
8849
7093
7833
8024
2
624
1
4489
6906
33
8543
1
1
4814
1004
3157
4
9571
1770
46
2
39
832
6
2
452
3610
354
10
4689
4467
5074
6146
2198
2244
53
1405
8
15
1
5073
1
2398
2003
7970
6
4335
732
10
8851
205
9002
8895
304
5
6768
4301
970
6312
952
4396
14
1815
17
374
3
108
114
525
2021
1449
133
7329
5986
5
11
62
12
8977
5249
1906
2
5767
28
1
11
9992
1
72
70
8122
9
730
2882
25
8022
7582
174
9313
6
1462
1847
82
36
2109
644
92
1
6654
2
528
1813
6
5255
45
20
1
113
447
100
33
8972
1
9852
414
10
1037
413
963
392
2
985
268
33
5990
51
8100
1021
122
2684
7673
12
1051
54
1
17
870
5332
4
46
16
7947
5
7
846
2516
1056
1192
3
82
35
70
98
4483
30
4
9
3517
5999
1453
5208
12
6935
5
294
6887
16
1244
3
10
142
1275
2660
9728
9
5
37
1
9480
1
2391
1
4429
1
4530
9792
53
957
3942
3
8667
2633
622
806
48
70
622
5441
7606
125
1
9386
9749
6197
7724
7778
2983
3002
611
1434
1
14
6681
8330
5308
142
6736
5872
14
23
654
4877
9541
21
13
11
2045
2228
615
3
3023
316
6306
1487
2498
6006
2
9800
5
6592
3
1312
1055
9620
6351
61
3249
3509
32
13
865
1
65
1246
27
34
7
5
3718
3327
79
13
169
377
154
5679
2
1793
1
7066
42
5755
1657
9235
9946
73
387
1
1
3898
3
163
7087
557
6
677
114
3
229
4512
2036
7446
8544
6
9590
7886
9583
1
1
9259
3111
4492
249
8415
135
1
2
1317
27
10
4647
7639
1
627
5840
9776
1
6042
3014
5302
7
2
15
259
682
2
689
195
5179
161
2147
5
3940
9722
1114
1833
2
1
7680
44
9789
3625
6
3331
76
2
1
904
910
3
186
1656
1359
1
35
2843
415
7605
8696
7883
292
1
1
6400
5033
2998
3
6119
8
18
1
2
176
1
48
45
44
2420
14
7
9088
3027
1759
4185
2203
1449
3
3977
14
4
12
14
1908
2
2
2697
1
43
2372
8
49
21
7450
1
2172
9118
59
2893
3621
15
7625
3802
157
1197
9048
6650
112
1792
9127
5490
4284
370
11
4435
3542
421
5347
1060
7235
6108
2412
6652
1403
16
70
1
8
1014
5954
4
4826
1166
5627
1
390
1098
5384
8755
1667
5654
1578
9212
8961
522
8170
2
4128
589
2646
1158
2600
6
7127
6197
1123
84
6175
62
21
55
2667
10
1449
6987
7963
2070
216
2
1978
265
1701
17
9
566
3
58
4097
9
2538
71
126
1
4322
2
1568
3
8
2448
1
6860
5105
2
133
1
2604
1806
59
9100
1
5259
3232
1225
6619
44
3
8623
15
455
778
9662
3
7810
7865
1
1
2
56
806
8948
3
2869
262
1581
177
8
4953
2
2
1183
25
14
64
2134
803
3565
4
22
7706
1
1
6696
5536
1963
2
60
2518
2261
359
3334
6119
4
898
14
1
49
9763
1
3438
4562
23
462
238
762
7155
7979
46
1
1
2176
465
5347
243
3157
4
4
6
81
1970
192
62
5
3084
157
5336
127
19
5502
3
45
3336
18
66
7390
789
25
3
3946
5
6305
1
3
3507
26
169
2
1
4055
5187
5752
1131
1
9
3815
8310
6
20
156
7693
676
962
13
7
161
8
5
3550
483
423
557
33
8383
79
1940
8343
7763
21
7478
48
6941
6684
2
9773
1
4
2
46
5293
1372
7
2
8002
226
9
2
9728
23
127
2524
11
1424
1
99
446
285
1257
6
8688
26
9936
3597
4411
1
2
6051
20
14
57
1296
11
310
1
1
6
6768
527
7385
16
4478
340
4
8
1888
5261
2246
267
1
11
5113
5897
107
6897
1
2944
6376
231
53
2
415
1531
29
8467
5
9765
3597
36
2
9025
631
27
17
1551
9317
8
14
9350
2197
2887
355
2
1
4274
123
3
4149
3676
7894
562
11
1220
4915
1
5551
5444
1836
3680
15
5924
6707
7956
14
3
21
4749
1
4
927
5
1
3514
50
3
3
84
15
153
1
1179
8539
1
760
414
392
3820
4186
2585
191
6
36
2581
8899
7827
1732
60
744
222
5460
9987
873
39
832
11
407
1073
5159
3
15
8597
1
618
12
2
1
12
7677
7
736
8
557
1
1314
30
848
18
8370
8904
19
9654
2562
2320
7320
6
1
5500
2912
28
4837
5468
10
3
9144
6411
2
36
2840
43
5008
3
9080
7615
171
9771
2743
2
2221
1937
2299
5147
44
2
56
1
5347
2480
83
61
5638
2410
36
8781
1243
5
119
6721
636
9
60
234
2
7118
13
5097
11
10
1
41
209
9
1
2
822
1226
59
25
40
288
1844
13
4140
583
145
1
1003
4
3
5293
1123
9044
3
28
1326
2204
2129
9392
228
7550
128
614
11
552
72
5
1
6733
9903
37
5636
5729
4909
1
7434
8596
539
53
5
759
13
1495
1
8225
5032
2
362
98
236
6630
1073
3
8512
376
8548
43
9350
7
2885
9209
14
1124
62
3000
3068
3788
5641
3168
35
3024
14
9015
2128
16
2
1475
18
5
110
9
9503
1
62
1272
160
1299
4
8056
508
9563
8105
33
139
4514
2
2368
8328
20
222
1
2
3996
1
1
1627
100
37
7
1
6438
2
5227
1536
16
1567
854
9836
6248
2324
1
74
3440
1696
3
10
1
13
2927
62
9754
1
3292
1097
395
124
1
1626
636
103
3978
73
3056
1235
2
3
7
156
10
1866
4805
6140
690
1
624
3773
512
2
5406
6817
254
130
875
5
174
5204
1
8149
6763
42
1251
1
7073
2
357
3011
1
89
4894
4
5877
1
7896
7169
7254
5844
2104
559
2
5
60
10
9933
2142
1
1019
74
352
1516
7
3
1
124
361
147
4583
1
409
1273
1767
1
19
6624
6264
3
1
6736
1
4019
5017
2
3856
1
101
17
752
4
6127
9
40
1
8228
6950
1839
5
985
50
2149
15
35
7889
427
5560
1
83
2254
35
80
5923
3
2
1
3274
9
11
6155
30
6633
3351
1540
9325
1012
3
35
10
4563
1472
3527
1
9494
2684
63
1427
6317
1
2157
7531
4305
9
1888
105
281
235
1
49
13
2203
9748
1555
1
1321
10
1
7798
4
4547
21
1
93
1
6965
1
4
15
3440
90
2760
1340
9869
4782
36
9770
78
7263
4871
1660
5846
7162
932
817
8160
2230
306
6107
1
3529
54
244
25
1
3
3292
22
41
47
319
3969
8252
4314
3
1663
1
2703
742
22
47
4
3420
2
1505
341
1
7110
7122
21
2
230
4803
844
3270
2440
4392
12
21
11
4005
2
3849
8
5081
6
9152
7053
3312
83
25
177
1
2656
7820
1
593
4380
1
475
1367
346
8709
963
47
4685
40
8
4404
9882
3
3398
1
8194
3440
2551
465
678
16
4953
415
82
59
5
1235
8288
23
4
3568
9404
3
4663
18
4
749
1
3
1
5733
117
4075
1096
6124
8776
6
3
8008
1469
1755
327
18
1582
3
2
7769
676
1
5715
5
4
2252
7854
3
1
1
1122
43
1
2
618
4
4
3362
678
1
1
9856
15
81
1
7864
1
1
2392
8378
8343
4
8121
367
1223
44
111
12
2362
4
1096
8532
460
7
324
22
1411
176
2650
6086
2
1480
9
3073
707
1
6248
478
3
3
134
5
14
6
689
1610
9206
1190
7515
9
1
3050
1
269
246
10
1
8473
81
95
373
716
2585
337
2
5
2
4888
1
1
5264
5
24
377
428
9736
1
40
3842
5
3250
2354
283
1
6031
1
6996
253
1
535
91
1
9193
31
1
19
848
1
1012
7650
6587
2669
7877
760
1
7
4039
160
1
16
1500
3044
8509
4092
5568
4
6924
18
3
7
1513
9220
2
1
4
6764
7136
43
21
6138
3182
2127
2221
4931
1584
9840
3837
1
6731
1312
60
2389
105
5175
4257
21
14
8830
502
443
6548
9
112
8373
12
7
9028
49
15
3038
42
1
2497
7503
17
379
12
6732
8593
9745
1
143
302
21
15
3237
4497
5
2144
9
9465
73
1833
2
2
6
5931
8890
266
11
9
3
5372
58
6848
7456
1
684
501
236
1512
7
6380
360
6166
7734
5415
20
23
768
1926
9183
1410
5
449
16
973
10
2
33
2
8580
1101
19
820
1
1034
2590
2444
111
167
2220
8305
8864
23
22
1
8273
1
3
5481
3
729
4259
5838
9
1379
3
9089
2753
9473
7431
1
499
423
2999
6621
5
82
1603
15
598
7
1
26
1431
1498
200
9012
7112
6165
3
11
869
172
4860
4972
8439
7245
1
7433
4
5696
118
3
4212
93
9796
5934
8502
1
7955
872
2
2147
4401
14
6
9518
124
2
1
2795
2515
18
4365
1
5027
197
55
1
4564
7899
139
97
51
41
6
8
6
1571
128
61
9899
3450
1985
5959
18
1371
622
1939
1465
8283
5
1
15
33
4453
7
878
3649
16
56
581
101
6644
4200
9434
4372
1
18
8509
7289
7
25
144
3
1
7
9799
6
236
1815
55
7
6896
7612
374
2
6975
3328
1
41
180
4993
9
5488
3
8889
1813
2968
1192
79
9851
1
3
4726
117
8754
8776
3
9
1
782
1171
9036
3
5215
556
12
1
4034
1369
5240
104
638
4
11
1
8032
2543
3667
964
37
7027
2928
1
2
388
4310
1171
36
53
8670
9983
76
4367
5328
386
4
4032
28
16
7857
57
70
6442
4444
8463
2
38
4975
52
258
7
154
7553
2739
7544
7494
6739
5612
8
6990
369
2
6102
24
9228
487
9206
477
4922
113
2
2
8517
4
15
3
254
4189
6522
9452
1
1
1
7230
4
21
25
8432
493
8809
4985
48
7
1348
1
9764
2
4302
2
28
143
353
2
4189
6430
1
4958
36
2
3389
3021
27
1
106
4
29
45
8459
855
38
357
2
1
7088
2873
6642
6899
253
23
1
9512
2282
1
9165
8931
1
507
6411
3272
1680
7896
1
8494
8536
4
6849
42
618
711
4966
4243
980
4526
1
9125
83
6978
241
7414
2376
7141
104
8201
126
1
6950
6534
4018
3311
1720
6335
2
11
1
9
17
8475
2383
41
8745
655
9108
2
9548
1
122
3498
63
4787
7282
4111
17
1
9534
104
4316
701
9927
150
3424
3924
1
1
21
7936
9
1453
708
321
3829
1
5392
2194
5824
7149
3015
366
613
6369
1
36
4209
1
3033
5240
1
1
29
43
73
134
286
6052
13
1
12
2193
8
1123
2914
8636
1
3152
4418
3531
7877
894
527
3
2552
4339
8
4
1457
3830
2116
9698
5583
1369
4253
414
1330
552
1
3952
2
9235
4115
8264
9208
13
169
2
3952
6742
2
2512
1
8640
3439
6
879
1
7865
8394
241
4016
135
30
1
3332
4
351
8644
8602
4223
9138
2
2
718
26
7
1
2716
771
3965
3
272
306
9923
3699
9457
2
3905
2
2041
49
346
9489
15
6798
3661
1
3672
9
1007
314
5
4395
709
299
1345
17
9010
2108
3
1
13
9329
5097
35
5
8551
1648
2928
7828
3
1
13
5
2
31
7515
8560
2
1162
5900
1
2
1
1
45
1986
528
953
4
536
7
1102
24
2822
8
110
16
1842
547
9018
120
9598
26
2477
2
667
1
1167
11
3
2210
34
9449
1634
4177
3136
4
1
4669
138
1
1
4
7120
1
11
11
329
1669
66
4
544
6294
3346
13
56
2
3
5538
8313
1072
21
2
5233
1
1
9199
3945
1958
2
7959
9656
582
1
6836
1
7764
2
6
2
9792
1656
5630
756
6170
728
266
1352
69
7
535
187
24
4844
1593
2612
17
1879
3
7093
3
21
8025
5784
755
1
405
15
29
1726
2475
6
5211
2
2761
3104
1836
2400
144
1948
1
66
384
140
2063
24
1
287
13
1906
6123
1905
21
8311
4072
6661
60
5
191
170
4684
428
96
2200
11
7151
41
2
1051
1450
5053
5198
4579
9405
24
6
400
21
179
143
7526
1401
4
261
548
3554
312
50
4311
81
1329
6
6569
2836
8
106
9317
173
514
5143
7376
46
1476
4674
8711
36
1067
1
8779
4563
6662
87
344
92
2018
23
3
65
4614
131
968
3841
62
4984
5751
987
5
7
4080
4
6908
2702
312
4701
2840
2
969
9392
3
2448
3
2
7916
3
4790
1832
5564
1456
60
94
6200
1020
8847
888
6648
651
7
1635
5
10
30
4
1
32
7843
12
1
33
11
5117
7848
52
3645
26
10
5
36
97
757
23
10
2
5741
76
7533
165
1858
5948
4665
8683
34
1
286
7597
62
8831
5
3
1379
1060
7389
1
142
829
98
7
1756
11
1
3724
571
25
7
84
4091
1736
735
9770
41
2
8457
1000
9080
5891
1
1073
7
127
8458
41
5
824
12
159
5190
865
5185
935
986
3
15
6960
4286
1
2
420
2712
9905
1963
276
8103
6743
2837
3520
988
398
726
466
1
1
9957
21
1
1
2
21
18
1
414
2339
9611
4014
1
64
1
4611
8244
6624
1
1
7027
60
7065
3301
242
1
7248
7417
163
72
7
103
4669
24
53
6767
24
6
1
1852
4350
405
40
36
6548
509
8795
1632
5924
13
4151
2309
1
5253
5621
8844
1629
9999
45
5803
164
1
9579
2
2
3769
2064
5712
1246
155
5
114
1405
7577
6428
3802
6474
1
5
9792
1
43
1
1052
5821
1
1197
6
4398
945
1980
3924
2511
6075
7665
254
6053
6758
82
2
1
4635
4
21
1
45
21
10
2809
9576
1
2501
8100
9
726
57
321
9623
1
7146
2
3413
81
241
13
7310
1
4891
4393
9783
93
1
2289
7
60
3281
1
73
11
868
1557
827
8773
18
17
7557
62
1
1593
274
732
2
8498
167
796
6
353
3
13
2942
2
4064
8
2853
490
4
1
3444
4
24
22
9704
2
3939
8089
53
6738
7
2
1
572
8503
485
1
1
1
141
38
3042
32
5543
125
49
30
13
1
39
7736
206
8083
3033
5132
1
25
6429
8103
2400
2902
26
5949
5307
6517
3525
903
2912
9154
1
3514
1040
37
4
40
6
2
31
1
1
1172
254
6128
6487
25
2078
725
1215
1
2156
1
9750
15
6
202
9
5402
9505
13
7502
316
6726
9064
2
754
7836
4
5584
8
3937
1
1200
7651
4
3819
1
7
1
4
1187
6
28
9102
5
1
9277
220
6479
2
2
155
312
4869
9622
8731
9643
2902
15
2779
9148
1
8873
825
4
6404
2667
1
1
7
22
13
2
374
6282
1351
1
3
970
7633
9638
8407
2
175
1
54
28
47
4
570
3
9344
9694
1
6
24
18
38
1
1
2
3
5
2
7946
38
5000
1273
5712
465
4
1
2
4493
9884
1
2
9450
3284
63
4661
1
323
1
1465
1533
855
9446
17
88
9375
9043
2719
1
379
8482
3
6101
76
738
1
4913
6
1489
1
9084
5
48
1382
8959
1
1282
6158
2
1
5974
8831
1712
1569
3
6608
7562
1
5240
3435
3
1146
3
2
57
1
7645
2026
2472
19
572
3
465
45
3229
6
54
2
3
1
184
1
97
544
243
18
29
575
7435
2084
4695
1
22
9
94
3626
4334
5422
1
12
51
174
1
2253
2258
6198
11
27
13
771
7048
4376
3
6
154
1
3642
3654
2658
1819
141
33
2
4083
21
566
23
121
5405
8950
454
5946
290
6174
3
5753
4681
3843
6779
37
986
1907
5
6
6
371
6950
2
8395
152
28
7430
59
1
9020
7907
11
723
23
426
140
2959
5678
9077
69
8537
3
31
7395
8592
14
1
7
3
15
548
11
4
7316
9728
9966
73
3668
510
4634
1066
3954
31
338
1612
5029
8
5240
5169
5409
6877
1140
1
438
2488
9952
15
1
4
1
2
4962
186
4
3428
1233
8864
23
30
7601
1650
6242
7001
381
4186
639
9408
34
1
184
73
318
258
6764
5109
184
6119
1
6
1656
6
4
5187
2095
1130
4204
4
67
2
7
640
4835
42
3257
1696
8412
493
9546
7037
4
2741
2
856
131
4422
55
9
6
3732
4
146
2529
244
31
457
582
6951
1
2
7469
372
1172
4217
3532
17
1
8552
5234
8527
8742
1295
40
2
1
64
9663
234
20
1
2
327
7292
1424
2216
116
3424
1
13
9693
8127
5359
8157
660
11
2
4663
2
30
1343
1661
50
1033
5348
2128
70
4368
46
12
3385
2
14
4811
131
4940
31
4907
1756
4032
1
2
3
27
3225
28
1
6
6384
4
2761
6765
12
9938
4
2
6374
9277
2
1344
2
3464
149
2201
47
10
6764
1120
9755
2004
11
793
517
1327
6045
1
5
9696
3
6208
217
17
517
1
5
2533
27
5340
1
14
2735
1
2143
2001
239
192
2213
50
7
433
2832
17
199
1
15
52
160
1488
591
1
6
9591
13
2915
1
7610
14
1
1
7055
1239
1749
6
1
7214
8467
3
1
5456
4627
1
5608
6
2
54
162
6777
3
4829
2
364
9812
6639
405
6038
9919
4
10
344
76
1
1109
148
9141
9522
3
142
3991
2967
96
6204
2256
1
4763
594
5172
5842
9885
135
44
1
4
3
8618
186
3
3252
4
6762
3
3096
3536
9134
5328
60
7516
4
6414
296
5289
2
4189
5830
23
1318
8415
9
805
1236
4261
145
2
6560
3147
9004
6255
868
4
8850
146
1690
1152
8
6412
2
3599
5
137
6421
87
1
85
2
2748
12
5922
6406
5179
13
725
31
3179
3
9287
1
6171
3484
420
2852
572
5689
3858
7561
6
11
8260
9261
2255
13
7459
314
34
13
1
1460
1373
2
3454
5
4
2838
2727
1
235
352
4754
2
4
2769
4256
1
387
6
1292
3333
800
8450
5
2979
1
1
8038
544
5
286
2623
4946
200
1189
4
5856
11
1905
8528
2649
42
4480
5819
6
61
2820
4690
6
1
6443
1659
15
7659
7888
1
4
1231
109
2806
8
666
13
9706
16
8584
218
1
227
5319
291
912
5
517
5772
5871
8693
166
9060
9652
6789
438
4
9924
88
6552
3
11
1898
1287
6608
8639
5334
5757
4267
514
20
7011
7174
967
4166
1417
2714
317
2863
1
48
2983
4092
39
32
7687
1
9
2796
4
12
2813
1
2072
21
2736
8377
32
2940
19
10
665
9563
506
2
2112
8692
1
4190
5
5
3625
7687
48
34
1
6853
9643
7
18
1
2
5556
8
1228
2767
5
94
16
3
5703
4
5
673
1807
2
489
9990
60
15
9156
3995
35
279
4
1
1027
4399
347
6010
1
56
188
1
114
1
2
107
125
9664
264
1
8993
4036
9
4776
5409
5693
4871
252
6700
16
3808
3270
5
300
5700
5384
4193
8533
2207
6305
847
4
4746
9957
7
2394
4
6567
61
8963
3043
6723
1704
4537
5110
6070
4816
2905
103
377
85
2
1115
3
8520
13
2089
426
11
1652
1
14
9806
333
2
3
1022
4300
112
2340
1
608
3
9
14
35
1356
5970
2
111
33
4198
3
476
4
250
1607
2757
1
3
2
11
640
1
3
7286
3866
6471
4256
2919
7935
1101
506
8385
2732
8564
2011
1049
7325
1
4
3459
9911
888
270
3
3173
244
5929
245
9
5
16
7936
2498
1067
4342
394
482
3
116
8399
7931
4212
547
8246
9988
36
1
1
7880
7744
545
62
1
8932
5382
3777
4839
981
6977
2
2
30
1679
8
1
6540
2568
503
955
9
28
2381
353
27
42
1
2182
21
1
707
5226
6
1
6542
5566
6
25
2104
3
1197
27
3851
9301
9461
1
6097
5389
63
9887
223
463
9
5383
11
7653
2400
1208
1231
9
6353
5767
1975
4892
1
1
21
1
249
7852
4
1836
6185
8220
5189
20
12
1162
7371
2
1
10
2
280
16
43
2
2
11
1
8597
1
609
259
2
15
31
10
7
5997
2
116
4595
8946
3112
4244
1429
334
1800
18
18
1
1
8177
1
378
21
709
2
75
7249
1140
8805
1970
726
6
842
4499
27
1
7769
2
1
4426
1655
3
6394
7158
456
11
7311
1087
16
1
8174
179
9393
2
2402
8495
6107
142
6983
1595
2
1
1
6208
41
2
6447
470
178
28
9774
62
4
2
1
6620
40
1440
4
3898
1641
14
5008
8823
38
1
6
1
6
172
29
1
301
31
76
7722
9218
9669
7635
5
5492
2302
226
1136
52
1697
3
7053
2279
8074
9951
1
5044
3432
373
15
6
1048
189
5960
4
3506
109
6426
3061
13
9
2385
13
4256
2
6648
684
230
337
1770
3921
6040
2
4517
17
1349
8775
9
9724
7722
4298
5
1
7
2
7
93
9892
7846
542
66
1
13
977
1
20
2
1654
942
655
19
8790
35
1
5003
156
5700
4609
9
7104
7
2
3
1919
98
185
1
7309
3930
2
957
4
2062
246
1392
4272
611
6837
3
657
3
1
5
841
7
77
49
858
488
4141
79
130
56
79
9959
8406
29
3
1488
3
1
9751
42
10
2
621
6
8196
4577
8244
11
1
17
768
8112
5998
45
4
5583
13
426
3286
2736
9223
2
225
1289
1036
6885
1
76
543
102
7194
2706
2833
1
3137
4338
9291
1919
5
1064
186
4160
3679
4173
5288
65
14
5086
2814
6267
1
1034
10
8200
1
20
8524
56
1205
6762
4036
3
4400
2
1801
2
3325
3
2651
6586
9
1
1023
2
95
6
2
6952
861
18
872
1
10
345
6
10
42
13
239
5306
6932
5901
40
917
4005
2839
9318
4
8670
1
9218
3370
2495
9076
153
6432
1
8140
4
10
1
7500
900
19
373
5
13
2112
804
3386
300
238
4345
2336
3
419
6
3972
7651
62
233
1788
5663
516
32
145
1
21
1
31
9382
2
3700
9893
136
4236
3132
434
844
73
707
5891
3
5
78
312
9759
5
1
3
694
2248
296
6296
9780
2
5260
58
4
29
5207
2600
9999
5
1542
10
7259
2
7831
3789
107
4
24
9624
2874
1031
3067
1264
1
381
486
3028
34
6832
1
3
1963
10
2
22
5587
11
5299
1266
299
492
6
7180
367
37
3
71
1132
1
821
4734
8811
33
1
712
446
10
1196
1
1
1085
2
5455
33
81
2
4052
5582
3
29
1
3668
3965
586
1
4702
27
2
13
1762
125
206
172
1575
9161
175
6332
9754
90
905
155
364
1
448
2330
4
9449
10
4121
1
2713
2089
9826
1747
4175
9
2593
3
2547
6
4
20
3
6966
210
1
3131
89
6824
6024
3269
114
587
133
9307
2997
438
32
103
7861
544
3
9088
577
16
18
8343
2661
8007
2
7308
6292
1438
1
2160
6063
7430
3
5824
2541
2
3
2097
1
1
8
10
14
65
1
5012
1911
11
2060
3253
6
7599
1335
19
348
8142
31
6035
9298
2
411
1714
4
4774
933
8
393
6956
7
3
2871
1
77
1313
58
3299
3379
18
367
9
47
9992
7480
3
5519
113
7676
4032
8
3272
9280
4183
7902
337
8997
5
2447
8
1881
23
1380
121
31
1505
4
2189
2
1287
2193
3715
1
7387
3111
5165
1
4737
22
4778
1
57
1
651
3
96
1
3742
575
7308
74
1838
1156
79
1012
2
5638
1962
3813
32
5934
5674
34
3959
11
5792
107
146
844
8419
1
6940
369
3257
9453
914
9775
6867
2428
1766
6757
545
912
3
1944
26
6805
4671
4697
5437
631
7176
29
6531
11
795
4
1
2910
323
62
7615
3264
258
52
2
7756
7086
6490
1
1
5930
1559
24
302
5239
6061
7697
769
299
1
3
884
244
4616
9722
1588
3746
3084
14
10
5611
9
955
4
8957
176
11
7350
2
2
51
3288
3148
1
311
3
4
145
1
2928
1353
83
3
3732
4660
1
143
1250
2644
7
225
8024
9528
4214
6898
7123
2785
3864
3404
8121
349
2405
9741
527
1847
11
479
8682
7832
42
203
304
7186
137
138
9589
5
2
5164
1960
6629
2
459
2355
28
2224
8154
20
5755
2800
55
4
204
9207
126
3342
2169
4792
8
5916
3
6665
4
311
103
2451
3
2
4707
3276
3731
4346
790
3
295
9506
5
7
325
3842
9074
7182
809
154
335
8781
44
7949
1322
9447
5
17
8880
1
8255
10
6
1
5
7877
107
589
6113
224
5
23
1
6
46
77
5227
567
6273
3922
160
45
510
795
3
4045
9568
789
38
1320
1
1484
127
72
25
596
20
26
1
1964
1073
277
1
1
14
28
182
6891
32
9768
719
7812
123
4
1
22
6328
6205
1
4993
2
4969
1493
890
712
4257
26
3368
8667
9431
839
4338
1
8959
164
4364
14
4374
32
15
2216
4
242
21
11
4932
6
4
9997
4
2205
841
5
38
2032
4351
22
1
591
966
1
1
907
1
1
3
3603
2801
164
6200
7619
9513
6
16
6061
3
8483
1
1
5
3791
232
1
4416
5863
7973
3
1
4308
1378
2518
1
8586
9384
5536
2509
1113
2008
56
4924
6094
795
2
5427
6
10
2791
7
1
3
7825
4784
1163
445
118
4514
6557
2
8414
1444
110
2
194
7183
2
3
7912
4589
534
8336
2
3
5152
2262
4098
3
57
559
82
57
7500
5192
5012
2
1
1
42
96
708
5634
8067
8294
3728
4737
52
7312
5298
17
7647
3653
1
10
8251
5834
1
34
2997
1
1
4
3217
9
9708
3798
1
8318
16
125
2799
4
3
10
1
403
196
2012
143
8820
758
2661
4
16
4935
26
7
1
9471
3199
1
486
12
2680
6
1640
4
12
1544
3530
2173
86
1
2810
5649
7630
56
12
462
283
6
336
7659
13
23
23
4
5753
9771
1
1
24
1
7866
8269
18
1
15
59
1091
1
404
8360
305
29
1
4
807
12
212
18
9998
5672
672
305
47
2
2
155
4
736
4327
39
63
9801
9269
134
33
1
9325
8260
2460
4296
2
65
46
19
2803
189
531
154
217
481
7424
7432
5232
3249
95
19
6213
32
7984
9635
5376
7194
42
9
2434
8333
49
3781
1
177
6799
1
5
126
4371
482
5
666
8626
77
3165
1721
439
1252
3089
2
7823
7012
3704
6
435
523
6787
9307
3618
1
55
128
6058
9
2
12
5257
1
1
1
328
1
5
5065
6
3845
1037
21
29
3
569
1
7231
3
6214
5777
41
9568
216
2300
5630
2260
7583
1410
144
1
7683
9296
544
9653
203
4
9586
3322
5300
5
12
3645
5228
405
1
5
1908
16
8274
6402
3
8902
1652
5179
2781
2
8461
7
1
26
1048
3949
5
1
856
2920
3587
2
3
127
46
5
790
2878
2707
2
2
418
5763
9100
1
2
47
46
2
6947
5028
249
1
1373
9931
59
2510
2410
1768
13
8949
3000
18
1
568
1
212
310
4303
5
1957
1150
252
7709
6152
2509
6952
1
83
3
180
262
253
14
2461
3
1
1
5916
2782
30
1
5893
1
15
8814
254
8791
9023
7508
9703
7634
51
8592
3890
13
2109
17
2455
92
1
5
2
460
5
9849
11
121
2098
1
1
1209
8541
6412
728
437
2733
1
2159
184
1
68
2109
1728
4488
3717
174
6121
5
230
2
7624
1
3988
2
2973
125
1375
1
4796
2277
1489
91
2411
5643
12
1569
248
31
1
4184
1
5055
3695
3478
49
155
20
3
5357
1
240
3518
2242
5527
10
444
1740
1673
128
2
2759
5888
2209
1
2
11
1
113
293
42
31
3777
2614
34
31
3
37
7929
367
4460
8
72
11
231
1
2
9987
3473
9468
349
3536
3
138
455
6751
1
7487
6955
39
7761
152
7476
5686
13
54
44
984
120
8802
1446
4
2711
3
1
7621
4
2715
149
5493
4402
6
3
4519
9370
8472
45
12
2640
5737
16
2845
5
2
395
2521
967
1646
2324
846
3717
3143
316
1
1
52
159
8911
583
5
5
5
4
6134
1063
3
691
19
13
5286
7222
7
109
1803
37
230
7947
6373
126
5
9522
3161
76
225
4560
128
6028
9409
6735
2930
1
9
1183
3531
147
1
3968
105
14
1
108
202
1872
6
3
290
65
9
3868
9780
7404
21
3203
5707
35
1823
9121
7
42
1
814
4
60
368
2
1
391
2227
1
3422
9120
782
1109
45
9637
1
3689
285
6762
3837
19
39
2
4
77
15
3985
64
2075
10
560
2403
1
4220
1207
5
8302
1931
111
7739
2111
1
5952
3873
1177
7040
6177
1075
6499
8077
3183
6
5
3
7105
1744
6741
7487
1435
481
53
13
6721
3
958
9
1
9666
72
5283
13
2325
21
15
22
1500
513
2
2
15
98
5
2916
3210
2
1
7096
7453
2254
1148
7017
5
7744
562
1
9913
4958
8
3099
4890
5714
9250
1
3
1590
7327
4
3157
1089
337
41
4154
41
1
10
3293
3566
1914
2
310
1606
6399
112
2
103
7423
27
6863
152
1072
2
4032
20
1416
6250
192
884
141
2666
1
514
6
7
4600
6275
292
1
4
8417
2546
9
109
689
32
6960
2016
9582
3
3
225
12
9000
8
9456
1572
7105
1
1
2087
8138
16
8
6138
1
7
1
10
4
4808
1
79
919
2
2
1
8419
141
9290
4318
3125
208
1317
6303
6099
4643
1601
1
2853
1
1
9840
1
2637
1426
115
1332
1
4730
5377
8996
55
6
1490
103
1
1648
2835
3812
1050
50
1
8358
2058
1
1
440
68
3485
1
3883
13
162
3
3369
1
6
8978
3906
8096
4106
141
1156
5
7691
243
1
12
360
10
4716
4
74
2172
32
31
37
1
10
378
6
234
4293
30
1
1461
5437
3933
3
15
433
1682
8729
6
102
5
127
1225
7497
3
849
34
5503
1827
61
7826
25
33
3532
3975
46
1140
138
793
1
6531
9
122
30
6700
8116
61
4
99
8276
13
2
2286
6922
1822
121
1
2111
9593
37
1011
2
3197
143
2020
48
8004
337
8
8286
3
9315
510
6956
202
7445
4
3
3278
1
4938
1
634
412
779
1781
61
8413
3910
17
9933
2051
1
4
2553
8531
9947
8242
1
2
9214
6
1
206
10
129
2
4210
1293
600
1
6650
20
8449
2240
95
2306
7466
2854
7024
541
757
1
40
2479
2382
3419
6468
8333
169
9
673
9276
6760
2420
2257
9285
672
2
9511
2739
8
2423
126
8443
864
2721
3083
3
5856
6482
1
4
2550
4788
10
76
22
1458
25
6920
5
6
7389
122
300
9609
1461
3017
11
6291
31
505
7760
1763
11
8964
1
580
1581
2843
7920
7599
10
1203
7643
5
3169
7522
9525
92
4244
152
5
5347
3
1
504
2817
55
2266
2
28
9
2
2608
8520
6041
7489
1
1862
1
6615
2014
6606
4
21
4
1
23
1
64
9751
2
4867
1015
907
5
4675
17
589
6264
1945
2509
30
8359
1
668
2553
147
6238
57
9
6
1
7844
2958
5251
1366
2268
7597
767
28
1555
2
108
3240
2854
1482
2685
1
136
53
21
401
3
7
3550
371
9932
6626
7100
14
2
7110
8
5617
8120
1
1
210
3304
4241
786
36
5968
17
1
1
1374
1
29
1
22
1640
7001
3159
2384
1
5279
5750
4739
1
130
304
22
8621
6
46
9925
6356
1547
171
4121
6
4650
7
1784
1
3029
2310
1
607
1886
62
14
8838
4
4
1018
42
129
5
3735
2324
986
2
1824
1273
33
5773
1
1
7006
599
7984
7794
37
1535
9819
2133
6388
6432
6670
5667
4
1
9025
3
6097
349
12
16
4083
4
3644
943
7091
6459
9629
1
8
9224
9995
1520
316
3428
3
4
3456
2999
7150
20
3482
5046
1774
1777
370
5341
410
1
1
115
1751
1
3817
906
1312
4933
2497
4357
2
428
11
2
6775
5009
8905
2959
4234
825
12
1
2849
2
414
7
6189
7075
7059
163
23
10
7474
6
14
8234
4931
48
468
8011
5177
5372
39
6
1
2411
24
1598
4205
5
3452
5221
5
103
8
28
1848
8140
195
4
133
1612
8125
1
12
1
3
2461
3
238
2585
1116
4
6202
6
1
5408
727
68
1
5807
826
11
423
1
17
8
1156
5779
24
1
6256
1483
13
7670
42
73
39
6088
8102
2478
1400
1
40
1529
2
5738
85
18
227
468
6804
3153
1017
1081
17
5029
7029
979
221
1
5826
7
4331
48
8272
1
873
7
30
7105
88
5
46
4795
7055
7616
1708
542
2
1
173
1
1216
2827
841
7631
42
96
9299
6443
7
8
1343
1
2461
5627
2
1
6699
54
374
161
166
11
1
7548
259
2
5514
1338
3812
272
3
4259
1099
609
13
5261
3
785
870
7579
3274
380
7617
5
2818
1
563
193
1
2
293
7873
5270
2538
7059
263
16
5454
1701
6871
3684
3
3162
3686
2
1
7015
1
7
1
580
4
2
9992
3073
400
369
5
8918
21
7141
24
670
633
3087
2
9718
163
9154
2
6829
5662
4
1436
3327
9736
4442
73
5
4202
111
9158
3012
133
7714
7195
9544
5
7
53
5
5894
3
85
6224
17
4081
2
27
7005
1
1384
124
4
8563
12
659
2391
82
4021
1
175
5
867
1
112
1055
1
1
5006
597
2735
3859
5081
252
2367
8
22
1178
2
2906
4635
1
9132
1242
5
1
6827
3906
1227
1698
3
33
7647
2
1
3532
129
1
1
3151
8918
21
2659
1
7
802
5
4
7664
4921
3
1065
4945
4
2780
76
4939
124
2139
6
2
2384
6020
17
1017
982
1
235
8373
8599
25
8999
263
189
766
127
6067
1931
7776
2
6688
9768
7206
6
2087
69
1748
1184
3832
3513
1
6452
371
2
459
89
8019
175
1280
1
1
5274
4
154
1
1415
1
4
4788
1
6953
3025
15
7793
6000
1
5264
8
6422
3914
6136
6001
3
1
23
3969
8
6932
5889
16
414
10
12
2
3686
1
9971
3256
918
597
4
1864
7
118
366
2
1235
1
1
782
7415
6467
1
36
9882
4760
7
9
19
1463
3
9921
613
1
1
22
28
1
7114
5723
48
5359
2
6770
214
5730
975
50
9297
1
7251
4
9872
2942
3115
1
2328
1
9607
143
8
3455
9428
13
305
4900
1402
691
1
13
6507
5
9390
167
14
6184
6668
2154
15
13
2
8173
3445
1169
2
1
8228
6
6
172
3
9331
982
2243
2
441
1
641
46
2
899
1956
9677
5755
2774
207
5120
2
7497
18
2948
57
2965
3216
4063
8366
6080
340
125
5
3240
4414
4944
2198
8449
9385
45
9344
8603
32
965
189
7111
3
1018
51
914
9482
3059
5909
3756
3
1
91
2769
5
22
80
31
240
9097
1120
2898
223
2
3443
3852
32
2
744
9742
1
8918
1
7686
9885
5738
4589
8419
7
1064
81
12
3492
2
6506
7
2
16
491
6
939
2965
38
3497
1548
5289
8
6325
4404
127
1100
5909
1486
7802
1
2832
2443
9875
1218
26
1
2
53
3586
18
1
3779
238
19
1
18
6750
79
11
3013
809
5684
10
26
11
1312
5751
56
1
7618
5664
3
4160
2601
34
4772
8441
1241
100
5591
2291
117
33
4345
6
2853
152
5565
7649
543
2
4723
7580
7
9095
161
378
2
120
9392
109
94
3
9425
7424
7
8360
5
4
288
6
6883
5
1
1237
8997
84
3127
142
4902
8
20
4463
298
1149
66
29
34
750
3664
5623
200
8332
26
1
4489
2
6321
3
7482
6730
9683
209
9821
6858
78
8985
158
59
4010
17
43
503
266
2874
7814
6173
15
1260
8017
8685
238
131
766
288
3915
2928
3
1276
1248
8732
201
1407
36
468
922
1
2
6
1
1
9118
27
5162
7697
2
3
2808
9813
5
6
1730
10
92
7766
2
9629
2
14
5871
8193
1
1244
48
4713
2
9445
78
8376
105
5793
1
238
10
2
7495
309
9188
756
6
612
8292
22
28
15
2
419
7494
9800
17
525
664
1824
15
9428
4937
5
1
3544
8312
208
372
7991
455
871
8751
1
7245
8022
1
4960
4
12
4241
399
5
40
783
3404
9201
370
7745
5243
5750
6194
1438
655
20
3
376
4104
15
4064
9778
6662
236
6915
5
5941
8211
9883
4157
3104
486
42
760
2
2053
1
11
77
6074
11
1
14
67
67
686
5
6
824
32
113
3316
3
2
1
3994
1761
662
336
11
8
4
270
2426
5617
1
2456
2892
6570
139
97
169
143
3182
1087
1
2196
1
3
8152
3939
4697
674
4208
6632
1751
3219
1
538
15
25
2856
994
8
3
578
3045
6
24
54
3711
3100
1
1
1111
5451
28
398
156
6747
6733
27
41
5333
1
325
5
178
140
254
16
392
287
8502
1
2
2966
2
112
826
9235
4
307
1
1061
5316
78
225
1
3488
932
5
355
3190
7063
588
295
3255
6616
4199
2258
9677
120
50
4254
1
6480
193
4598
25
2904
17
817
6768
138
23
9181
13
5572
352
58
588
106
2587
16
392
7468
3138
1
1
1
14
79
2
100
8428
4779
1
81
4633
19
5755
4409
682
8712
571
2
7256
6093
13
2390
8085
41
3
3
1347
4319
8883
5661
2000
3
520
8834
14
8196
41
718
3432
1
6276
9298
4435
2287
773
2
5803
477
1
14
407
395
3
5000
5409
2711
4
35
1
35
20
634
1
8773
37
75
5247
1
15
3369
1
63
7756
4473
2878
5454
1
1
30
5
3
2043
12
1
2490
5686
8365
605
7138
486
4193
13
66
6137
102
5824
227
4671
751
1
554
9359
1
7
5726
3525
30
9239
25
5459
1806
1
2
3037
5897
288
9034
109
208
27
5078
1
1
2366
13
4
7516
49
411
215
1
8
2
2
1
311
1367
777
6
945
417
1652
7
2
9194
17
3354
25
700
6
83
5764
13
3402
102
1
1095
26
1
2828
7950
8457
1
8124
63
7
4932
11
63
92
9862
48
3920
533
6821
1
3634
150
389
423
21
1
6850
529
3
616
9360
8
2003
78
21
8194
1
3774
17
1026
2
2000
367
3
3
9600
4747
1
2023
2
1950
3358
20
2865
6079
8937
212
217
1
410
9337
6681
778
1
19
1
4697
8
29
6098
6437
4
5
53
6569
233
3
719
1
3
9
105
5728
1
2
2623
9
2
2843
85
243
3
8482
62
2
15
1447
2115
72
1371
19
9842
9
2290
664
6633
284
122
2198
469
1
185
36
1
6174
5
4
250
4
7
45
104
1
33
2295
347
1
52
83
113
7951
7315
1142
526
2599
58
546
4
1
6958
223
2060
1980
1838
1
2070
7
6501
9
9
4693
69
3494
6422
5625
2735
9212
3851
2
14
8067
1
1669
5
4911
28
2
8013
8
8
3
3595
7
168
739
244
64
1
6544
6078
7
8765
2097
6
145
2484
2622
7256
8588
5449
7400
9
7740
74
7
16
16
1
1
7842
7
40
8
2
4207
8667
5597
84
1
23
213
2418
120
6354
1
6375
481
160
9757
5
9896
27
5983
1230
6
6
7632
3009
1657
1297
3
10
8511
1
6284
18
3449
2
9382
1
3240
1127
34
1
4036
1
518
6751
1
1
1307
9910
7
161
62
246
668
3097
198
1
6
3685
4082
8199
130
6812
2522
9659
6082
2172
7004
1754
1
13
2206
58
163
2
8382
23
8444
9543
6
58
171
6942
4094
4
1
779
207
1
5619
11
3974
7176
1749
9251
4631
4310
634
2842
3
4
7657
137
2395
1
9798
1
41
4886
16
1587
3630
2136
50
225
68
3
945
50
9
1098
1
491
457
2
1
5
1979
5
7198
105
69
6
94
1363
1
33
62
559
472
7322
18
91
2732
1415
4326
3
4565
3587
1
215
6302
8137
817
4907
843
5294
3
7461
4503
10
8913
146
9143
759
96
925
2195
8
344
3253
5
2635
5506
916
5873
5
8
7284
8632
30
4151
428
33
4
992
100
7920
3761
162
1452
3009
689
3772
8024
20
5517
4
1
7527
5593
7955
1525
5962
1093
8470
4310
7
8
13
9
73
579
1
6966
50
38
13
1
2
2915
856
1529
1
5500
17
46
173
5659
249
62
61
6568
2557
1
2
5404
1557
1803
14
562
382
6451
6060
1
1049
2368
3
1
4940
246
3803
6882
8911
1
9
332
11
1
8
6709
1
67
755
403
11
1
13
1
5092
1
1770
3649
3689
6462
1
2
4028
5055
197
6
3
5
102
5594
19
184
1101
1
4832
3302
1308
2
1
2283
4
1429
5
9896
14
6715
4229
7
23
2
13
3567
2
17
3914
8852
708
1
2
50
6310
1
6412
4338
9866
4395
2685
681
43
3586
298
7093
65
1
8871
9708
7017
1
180
17
6771
348
7540
174
5481
2123
3319
177
3
51
13
283
398
3962
6
41
3314
562
16
1346
4526
7062
7071
55
8969
21
2
1317
2
2535
17
290
7
2532
1
3633
1518
2606
23
8026
3544
3741
9
25
1
814
2
4848
9855
8516
8
1634
7
7
9838
4550
7514
5
945
9853
68
3571
8710
178
1573
7
4583
633
152
957
1
597
1
813
632
2
3122
4854
9516
8521
405
9
9
4378
6
403
7924
4637
76
2123
4196
11
33
2
9673
7126
25
141
277
5441
45
3095
2
4367
4
8
27
3310
4860
5905
4148
3
1
1
96
1869
4511
1
1395
7
2
9663
67
1
60
296
3
241
1
9969
4552
7823
5824
9222
68
3
18
815
9263
7922
1342
561
9403
340
1111
29
161
2
104
2
6564
7196
3
8764
5022
9705
11
3547
9454
513
672
1
2
1417
2
35
6168
150
2391
1
2
20
4036
2
1
24
5801
240
67
3664
3832
8
6161
2
6000
5574
1175
7033
29
1
6557
1
2369
2057
7
191
6418
8986
7
1
1293
47
8364
2272
851
240
40
540
974
1364
3132
2
8033
5
217
1
36
8234
15
9
5684
182
14
4648
3
1842
41
200
6
5412
64
2
2
47
1302
1793
154
9409
53
2592
1373
9913
1080
1669
473
7419
119
23
2
6248
65
743
573
10
1
4819
97
9280
48
60
38
1026
3734
3484
26
1
146
1
83
1809
1
7106
406
3622
1067
9466
1
1
1
8
1686
2
11
602
64
2679
4
5041
1
888
5974
12
11
917
6701
1
23
102
173
22
8226
1
1
9806
9985
2
4790
3833
6494
2
4056
7
1
3
3018
1133
7855
7987
26
95
9169
2
8796
53
6576
6
1
327
1
11
14
6824
64
1
3
3009
671
1
18
5204
6
6
1
1463
6595
10
1
2767
4108
22
10
10
7568
7497
52
14
3
6538
2850
1679
4
502
1
1
2
1
221
15
1
7
23
6853
19
42
9
9803
212
207
5967
5990
1156
10
9906
10
2
7031
198
2097
1
511
713
152
9908
3937
7788
22
890
79
4
912
2545
16
3141
3693
7627
2
1
75
123
9681
5616
7999
2080
3
1300
3908
7353
12
3866
2534
64
39
3
32
41
2051
4
3
12
6844
4389
6
95
40
49
35
9357
6
7430
16
2
1
5603
9
446
1
2
26
2017
5648
78
6673
7230
1
6740
36
7
4109
102
173
1743
6
401
107
6277
3
224
611
130
2
5529
2
3333
160
2194
3
7440
5
324
4500
470
7261
26
1905
1
18
4760
3521
1
18
46
43
8938
60
210
11
132
1782
8974
45
75
20
2865
37
2
9272
1065
5256
2967
9744
2054
31
9903
5
8764
1
872
21
3992
3
5918
1
89
5144
249
17
79
2444
2
3
5
7908
483
1953
328
4266
7779
2514
18
31
9447
2
1
8
4905
724
2976
102
463
24
4
5966
3341
7
1
6353
859
4917
618
7333
6317
1
13
1
1112
6413
1
5
1
249
773
9682
1
1010
40
232
31
1
4530
68
1
171
7812
147
5
8
1
140
5
2
3353
6
3427
5090
1
139
8606
2
12
1
1259
9730
1740
3723
7946
90
7862
4488
214
27
1241
1780
4687
87
3
2818
589
1922
4396
6830
1670
9008
1266
1377
3971
5107
4416
1557
2
7874
7707
7954
1
3660
3119
7
6302
1407
4717
6
5
30
11
7218
2
15
3273
1
3795
151
4174
3
8
489
1114
155
8718
25
1
6008
573
2
3256
1
3517
1
1395
2197
8894
7
1
3695
2013
5231
1520
141
2
5
413
3409
5
9360
4408
3422
167
34
6327
5153
2
23
1
40
258
148
23
4420
1
321
9686
4
39
5567
480
1
8820
1268
1
3084
1860
1279
7182
66
5650
34
6036
213
1231
539
1524
1488
20
843
357
4127
2
9
1017
7013
47
838
6084
1
1831
2022
7957
2659
2355
1657
5269
1601
8
6708
2659
4990
794
3186
7
4746
1109
7406
5
3390
5689
1032
530
3
2943
2143
5014
21
11
40
3114
30
2202
1
1874
7532
25
1
1
3100
1
5002
440
1281
359
1
2
231
6
5082
17
6080
139
2604
2103
4639
3
7585
30
9616
1197
5
2014
193
1802
348
1
43
3865
7621
72
2
4
2
5379
12
337
6768
1880
2835
4001
1027
525
7106
52
2
2962
7095
5262
140
2
1779
178
119
7
1
3214
9084
23
626
1
2653
8962
8992
20
109
9161
71
3659
213
2
2
4159
8381
69
12
6
1
41
101
843
8360
19
69
7438
3
1
291
73
1987
14
370
5059
1
5
5873
4138
2066
12
2710
5606
42
602
193
1
1
6056
3671
1566
2185
1
4
8
2
36
16
275
33
8633
6477
2269
11
3875
38
2
3
1023
65
349
4
6712
301
9
2
322
335
1
1
1
1576
62
1260
8493
1
3725
5082
1834
13
1094
2071
58
3175
37
106
905
1
769
801
2984
1328
7
4
2
7592
582
2611
83
1109
152
166
18
7
1108
100
563
3870
9
3
34
3336
1802
1076
808
5011
19
7052
464
6881
5753
29
94
3185
24
9926
8067
3
3
6784
748
3883
5183
6458
263
36
1
5
248
257
3
11
1925
7311
1
95
2
1038
22
274
3
4361
5876
1
113
9
7583
10
1343
2057
6
16
7230
8
5106
1
56
68
1
9835
2383
2808
705
13
9597
9970
3
193
1080
9178
4927
5113
3879
300
157
1333
947
2247
3461
1400
4394
1
2
13
3924
2761
17
3723
2
3367
2654
315
4196
376
4602
162
6
17
1090
18
9558
267
2640
6468
607
14
8
4290
15
5154
2
1
318
7189
831
1
2598
244
9
3484
2524
567
1
7196
5106
15
5338
25
1
1
491
4130
2525
59
8153
5074
4
5246
2
173
4
1112
6628
8243
4339
62
12
7
2
8542
3649
713
458
2
1242
3595
12
3862
243
996
56
5
13
4875
1
304
7313
4
1
6
114
536
2471
4
2
2
2773
2
1537
773
7497
509
2706
60
4537
744
32
2
40
6292
3
2
5155
7801
1963
8690
4854
1
5534
656
6280
7
7705
55
9052
4388
3308
573
34
8362
240
9841
531
180
2670
5924
8403
7363
9720
5
1
7376
283
499
1364
14
1
4882
199
6355
90
206
274
9486
635
19
3689
111
6
1742
4528
1
2229
28
16
2
5
76
2938
2382
5045
1587
9
746
2020
23
10
5
3760
9259
2853
1678
5
1702
1
66
6385
9
8906
15
3609
1
619
381
17
26
22
23
7201
4
1288
1858
2210
8784
62
1121
4
2
151
3790
259
278
8541
142
28
6919
9282
6669
3119
1207
2513
1
6
8448
7
1
5091
1
162
732
5311
26
7868
5
6968
108
1
15
42
4287
6632
6949
1
2532
171
142
268
2531
15
9078
7945
372
2428
8728
9296
1
6217
2102
4056
34
7205
5
89
82
3251
17
7
14
24
1
2166
3991
3
6370
3120
44
57
10
3
548
7110
5130
3120
6367
288
4
3279
56
2
77
2739
76
3211
4660
1104
8762
478
2
6
7
3225
2618
9316
1
2552
1
8478
9309
4964
9767
5117
915
6275
172
3058
4771
1
1
1
3658
9552
521
8413
1
13
1899
7676
7810
17
2
50
5680
2744
1
9
1
8442
9457
2978
1
378
3
710
5589
20
646
1
17
3652
1
720
14
2764
15
3
872
6
9658
42
39
7
6605
17
3
1453
1
6
4099
7
53
159
2
6362
1
3872
4394
289
8860
3435
5820
337
5561
650
756
8452
989
490
60
1
234
3871
7790
1
3439
27
655
6383
4
3448
9686
1
355
4
1024
2
136
8420
1956
2547
9496
1
42
17
1230
2728
2918
128
1
56
2821
8049
2138
8513
5
190
2
1247
185
21
7
4695
6336
1334
7761
7867
15
855
1606
9
9806
286
5890
2696
6737
4
56
9896
9213
1
289
1
6609
2580
7
10
9606
7
5638
4
7401
6197
5134
2
2680
5707
1
3
2305
423
1312
7265
417
2
686
2
54
3
39
41
199
44
2
9357
6052
1
100
3
3027
3
9259
1573
2969
3499
1
1275
5096
7755
9
7
3
74
7987
5289
1006
1063
1
340
89
21
2
22
8
5
625
78
1831
23
1
1386
1280
1
4070
2416
7744
33
298
19
1
14
4
2240
270
932
409
1
9
311
1156
121
1
7394
5
1
10
1
22
1848
256
1303
4160
8327
805
5835
633
1205
94
6
28
5241
1
1100
3771
5408
57
2
80
16
6
8699
5697
1
1
2
193
2
1057
592
1004
817
2112
1
2494
7139
3
5
49
617
1
7188
10
22
5584
2733
4546
1
1532
2461
1030
157
1059
8396
6356
83
2
3
235
53
9673
12
1400
1068
19
1
5755
1
3928
5
9506
2
64
4
1
12
9
8287
106
2432
8778
1296
1290
23
8955
2515
2194
7157
5646
5324
1
1
1505
735
2251
1
1273
6585
358
7054
1407
2
370
5
32
2056
5
8376
1446
7
1
4652
2582
9806
21
10
1200
1
2946
2807
456
8985
104
1440
93
1
6775
6733
63
3029
9358
1
9891
1
21
21
8824
159
1
9432
2
3
1249
84
5239
2
7617
2
1
82
7436
5903
4
491
483
1
789
1
374
7257
1
9185
2
7079
9058
5418
5
9168
1
1
9
1
8
1
45
7951
8
4
8456
8569
90
1
3075
27
12
9707
7565
9
1
7346
31
1231
8
3928
784
7270
2458
2937
1417
19
49
394
23
9
9
956
5575
1127
27
83
273
9196
1
8
5
188
3019
3660
506
2
8843
408
5934
4874
1
339
491
2143
1
1
375
230
1403
4507
411
642
36
16
4779
7100
4491
55
8313
250
8
8930
1
2605
4530
1
5
2766
43
4
1
9196
145
1200
447
5
35
17
7
37
1896
1764
3
7745
373
967
1
3973
3098
1
6
3780
32
4815
370
119
8778
126
369
8854
7394
12
335
1768
1
2411
8301
714
87
2196
4522
59
2
3
402
1
1
1687
2
229
1
2
1272
9
175
6115
65
4018
1
21
196
12
6110
3053
232
761
5144
3224
7
8021
5705
6
20
4
1765
3124
4622
6013
1
1
6
834
2
5167
343
3791
3
1
2246
1049
2349
15
2790
1
4
4
7064
2
6074
168
3
9663
2489
4644
8552
4000
1130
106
4
457
13
247
3906
372
366
9774
2461
3522
15
1
2
1303
9690
1098
9
7
7065
3198
7547
2
5997
179
9421
7
8
1
378
509
8557
6
13
3
223
1317
4060
1
79
7976
534
329
21
54
1378
1
1
4
89
3
56
1
899
1578
4697
77
171
2666
6693
4647
3851
39
7330
845
75
9804
775
7290
998
2152
304
6698
8
6331
1065
1426
7558
3252
2454
16
186
7
547
511
2215
1
1
9122
942
4004
11
686
7120
7042
634
3831
783
7534
3
2
3056
8199
1341
219
4049
3485
8178
7
122
6263
859
6
3692
3518
3760
1
7444
9367
5
4748
5740
681
8915
1572
34
43
4730
952
4
3978
19
891
247
8286
35
2
2127
1
530
3831
4
311
168
1
98
1
1445
5447
24
2
1
2
68
2
800
1
2500
14
13
1363
336
46
4138
2
1
6067
4426
2
4310
2
422
3699
182
8345
132
2744
1338
4354
1702
1
7483
653
5314
5938
4215
6
1
874
9070
4398
5729
3615
852
6
1093
1
1021
11
2897
3586
6857
8598
8371
64
24
9
6720
6663
8181
2
2512
8685
22
2
2996
1087
12
63
2
17
17
4810
5195
3353
6
3751
359
5713
2241
35
1
4469
189
32
8984
759
7325
4107
31
2535
303
1027
2249
6002
1
2922
3032
11
8410
1
442
4857
16
6515
2032
2647
584
2
221
39
33
113
85
8
2966
6089
6420
718
2396
13
1764
4
919
1514
41
9720
9578
7962
2
9001
1699
1148
316
1
39
1450
1
62
2945
188
4991
6352
9712
759
1
44
9
217
905
23
8585
1
24
7670
8836
3
91
2617
9678
3778
9099
820
1717
4702
617
2724
1
3374
1
4698
953
1
40
57
7940
636
11
5400
94
7007
3
2575
7
1
26
1
3329
3748
762
189
1925
1
2258
395
3
10
4729
85
46
13
2386
165
9776
6632
1
513
1
1798
7508
184
401
3
4002
10
3358
6
9528
372
1245
3032
1
2481
2870
2761
1446
1
1531
7272
26
8805
3
10
3510
3194
4579
10
6116
502
110
565
6406
9337
9272
73
57
33
9
13
1890
4
5983
35
304
8050
8058
5565
1
3184
2
4371
414
7010
26
1298
185
10
154
5289
43
7903
4209
8859
3
2
8943
7787
9
2626
94
3247
905
1
3552
525
682
1
7718
7554
1483
68
891
7
2899
5
3212
1
7774
1802
1
35
2
764
1
5245
6
7
12
9
4178
3
16
1
1874
9772
3
4
23
1
1
3980
1116
10
3547
622
119
3027
378
6670
6468
20
98
2335
6074
6
2321
559
3827
3
55
10
50
25
9330
1
2505
1
5929
130
753
22
9651
3408
8547
629
1
349
6827
5665
6961
1188
9346
26
6428
13
1452
3
6605
5865
7518
1972
59
4870
5
7191
82
4
4893
19
6865
9323
4422
181
1003
8636
9866
2992
3
1
6537
141
3190
1
7410
1920
8753
3853
7488
7213
2157
9
8231
1330
2792
3
53
3904
6
33
711
1
2
783
4
4443
8852
2
6866
132
2761
9786
8357
630
3
7678
3
327
2
9914
6
8525
2
3
4
4889
486
964
3
1
38
8087
684
243
9
2459
5609
1050
4326
10
10
13
7505
21
2575
3408
7514
1235
1299
4828
1
1
7454
961
2
84
6902
885
7295
4
9349
1
37
318
9299
4961
3290
432
15
7155
6564
6167
1
1809
898
45
1022
2
6
256
8082
9915
34
447
508
698
2
8818
128
4499
347
3
36
3382
7
1751
4835
1
1267
10
1887
1052
2
22
3373
8065
1
143
107
1173
8089
1231
36
7301
7411
616
3964
1
6286
1
7360
2
7955
2504
2360
4604
154
7125
6069
4018
5
424
24
8189
2
238
7019
880
2522
4657
1
73
2
113
7577
389
4
7215
4248
2
6938
16
18
1089
358
121
8682
22
117
176
399
5259
706
4113
2427
2349
26
1
2355
5463
9369
8846
1
33
175
106
2
6417
1
4822
24
2791
1658
3893
7825
6024
18
8165
1
2
4
8056
17
326
1845
1485
4047
1524
102
7
30
4557
4746
358
7558
374
269
1
34
4757
1
2
10
35
5
4732
6670
1
6
1
1526
1
43
5556
5184
1
5426
2863
58
45
63
2363
43
431
7054
9880
3754
9005
15
6399
3957
2
6061
4388
5
1
127
8166
34
7210
15
1093
9265
4
1
9861
2300
6117
196
1059
1
235
5
7033
22
90
3729
2060
2440
6019
1646
1
4068
544
1
54
98
8653
993
8254
95
4
3716
7765
1005
1590
3615
6088
75
10
7762
134
1
3
7406
173
27
137
9725
8353
9138
110
40
8467
34
9989
1115
4709
8255
2690
27
3159
2781
13
1
3
43
5601
2
1688
3835
1
9721
8845
7
2
33
8529
2
403
2981
7568
6696
9736
2
5801
155
3866
107
151
656
864
1
10
4404
669
11
1777
6528
2637
2
543
2
37
5020
5879
6
339
1060
12
74
8
13
1017
6
16
1
65
1719
1
9165
2602
8481
1
5
1
644
2105
5928
463
1
670
7958
721
68
1
7133
952
7490
140
623
428
23
9393
1
225
65
21
4765
560
1
29
90
2
1030
3
1
8635
1056
16
920
144
1810
8407
87
4885
48
7
9
1
1
78
6404
9173
1
36
4154
5347
5
22
1216
3
113
8547
4
41
440
163
3646
1890
4576
3463
147
740
7806
7
1428
7
2
8328
1
5333
1203
5580
4
179
8461
6765
5
5702
1570
1
551
180
9891
5437
298
2315
1
5
1
8119
381
924
839
9558
26
1
210
16
5552
3473
1804
1
94
9553
65
2156
234
76
9329
352
17
4520
2648
2
5168
648
6712
2
3
235
11
5
2008
1
963
3704
381
4
4606
2
93
3
4
9156
4088
7779
2315
1
65
34
77
1469
2869
5022
4935
1
1
3856
436
416
4
8943
9959
7894
7818
1
1
186
8854
2
24
2229
16
5916
1911
98
823
35
5
23
8
2
32
167
71
4
10
6952
6721
2
5938
28
4360
2221
1006
9971
20
2
18
3
2922
9198
6
161
8862
31
9835
1820
9764
602
1
1
2
1
5390
2
6115
3529
64
5
33
27
6600
2
4
8577
6498
6912
2
57
135
2646
29
2
3507
3
26
19
4208
4941
3
446
455
2494
1
18
227
4647
3531
2648
147
4159
341
5
59
2466
92
6532
2
2198
9776
41
169
8918
398
3
2918
3030
2073
3869
2300
2696
6967
21
1350
3234
1082
57
1
1
295
9853
16
430
777
7
8235
68
9784
9723
327
780
3185
1
943
183
7918
1306
5571
4240
1
3341
5726
22
1
6144
4474
69
5867
393
397
2089
2611
30
43
7071
9014
5617
9378
1
1
4456
6610
461
6120
2188
2
2656
37
5616
3
1
7567
149
17
3
50
4
1
23
5
1819
425
3076
3422
2510
2441
6
1
19
2127
7
7240
4603
1
64
13
3109
1
8576
364
5657
68
44
59
1
8943
18
1751
3551
64
7
4687
15
9271
6500
1562
25
7611
44
4
7
3170
7
2312
3167
190
57
1546
9068
8787
6
7405
8
3
445
4
3
77
86
1
2
1
20
4307
7767
6338
3945
3
42
4090
46
5067
1130
1
8556
125
45
3
1
5270
98
2400
8296
2
5
5885
3618
1
5049
6509
6
9455
6922
6877
8409
600
26
1
5814
32
339
599
1
290
131
1
5
35
8623
1001
2
8431
117
3148
7
15
876
43
1
421
852
9759
12
1737
1792
9990
39
2
403
3130
755
9302
990
5133
158
7
7521
118
7562
9664
7783
79
142
229
7495
21
50
4
1
3328
6447
3909
9144
4967
9840
2193
813
9688
20
1922
3345
3567
1310
1454
2275
23
2
33
1
7694
2
6774
376
1
9
1832
3094
1
1416
1201
138
8973
5
1680
196
6938
5990
46
159
1
18
2704
7435
8473
1
13
2
953
408
29
172
8
7056
1
2428
3652
2579
4427
2
6800
3
41
576
7663
2
1916
9333
177
5080
565
692
1396
5968
137
445
1
5
2
231
2
3733
2267
125
3907
2
8195
2873
2611
1987
1
4021
6018
6482
3
1
11
5343
2
2066
1056
1
4716
22
853
77
5963
5191
3
6317
5359
5278
279
9835
9887
9702
1
9447
23
3
6096
7951
1
305
5372
1002
39
357
970
14
3
413
8969
5809
2
1488
19
8088
9
62
94
1
355
7503
217
2
3748
5603
61
1549
640
231
9615
7
8909
4362
7469
3832
310
149
14
27
715
8
8074
9040
9
2
8360
54
1598
175
1889
5640
11
6687
2
7774
6
3179
4515
9836
475
4603
7659
94
95
11
6081
7739
107
17
122
16
2588
1439
11
107
46
4699
7585
9
7
1
2255
9
2
756
30
67
2015
359
7398
22
1181
5
3490
5036
269
3813
967
42
1911
2
8318
2996
4401
1
8074
267
37
2958
2131
9188
4
6
395
1721
2
8259
4
286
3771
7155
3
47
1
19
1
7
292
4
54
8
14
709
787
12
4308
264
7186
6678
14
138
8684
5
7
190
1
197
1
25
155
3
1
8
16
10
3978
9027
9424
1
179
6910
7804
2383
6
15
12
5653
1422
3
412
314
264
3472
36
3926
15
5
174
5
18
7790
30
671
22
4786
2
2
13
85
4886
6096
3304
256
490
2466
8
122
5008
83
9002
2
2812
667
5403
4
5000
163
7
9
3223
6
180
3381
3636
99
165
9389
12
1
8790
1
1033
4534
2
6855
1
4542
392
7
866
1
340
1
1146
85
1579
1
2797
104
246
2766
4111
8
2
7986
73
8
7134
237
44
12
1
3668
2956
10
1611
34
1
2
3
1134
1
214
12
1445
414
519
4
2
6330
2725
2323
6854
1
1
2095
549
1
2
2
7733
1
1122
8
1
8627
2535
2248
17
393
380
49
9944
278
5408
1241
1
1937
576
17
3
4
3296
1137
5277
145
615
7332
140
904
36
11
7845
22
16
14
7427
359
3683
1
225
2409
5034
2125
7
766
6281
3322
1
32
8
49
3808
6978
4298
237
5796
1
8768
5140
538
1
1223
1602
2121
3595
109
1
8129
2
2030
9747
10
83
3271
2
7449
6750
97
9
5773
6755
5
8704
3
37
155
5
4
635
4
994
942
8224
6697
4
7
4
1
6
5751
185
27
3165
4808
7795
1032
16
372
9787
2
492
303
8420
29
2
2298
895
5
1
2028
5
237
362
6125
4159
4802
9982
3662
3149
63
1441
2244
3965
3
3
8096
2
1425
185
25
10
5211
17
4
327
53
8
18
24
166
18
7424
5
4
307
5997
1
3699
3654
5510
4
1
3969
119
9599
2812
1
6818
5807
3481
1
38
14
4323
8156
1016
9751
2043
7628
429
6513
1217
8951
9952
3050
1
351
19
2
222
6513
10
1897
9
9987
5
82
2
9881
2920
4491
8227
8
1
1
3437
22
1
1917
111
2874
948
1640
7790
2236
1
9263
5322
8
1100
9025
9396
5755
2743
114
4090
1018
5197
95
9109
394
130
9863
6676
3
9985
5
9486
2
3074
2
1396
259
985
1
2
411
224
6059
5664
335
2
1
1
4769
9408
2396
4736
8992
5712
5409
6778
7738
28
1
24
2511
1
610
4
28
554
8127
1960
8116
9342
1
7693
29
6391
8227
2
3
30
2418
113
185
17
1
1
6245
2
3022
8844
5874
20
59
5293
6347
5
1604
3
5874
27
2
1
6210
30
5895
1
4509
144
154
76
8761
50
123
4064
1
4811
1008
9691
223
27
1
948
5
327
63
1
4612
441
4632
121
2
316
1472
5819
331
6231
3680
3
6
1
18
8084
87
50
2982
339
648
16
4330
5129
3855
5967
5119
8348
3
9019
1
1
4039
2
1
1399
426
829
3716
71
7205
2
1
2113
1
1
2
4
461
369
15
2586
32
15
504
4220
405
8566
612
24
7745
1026
9
1
783
525
67
1
6683
9
3117
2
3551
2
1
5
6167
148
5
7305
2
2
3960
8104
16
3
1
13
1232
784
8737
1
1
4734
6848
185
6636
14
4321
9761
2464
2740
16
60
9
2126
1
29
3115
6657
1508
3504
18
25
10
5
8960
2776
4973
7343
6599
1
1002
3
127
4799
2
5252
20
29
266
4272
36
5982
374
79
1
7
936
19
5
36
8875
2617
260
148
30
753
9371
3376
3
1
193
1
9794
7524
33
6299
3309
483
3540
2789
1571
3
805
9
18
945
8727
6367
17
15
3
6
1065
1
7105
48
6720
76
7211
7200
46
632
2
3
6
3720
70
597
7265
81
4
3726
178
13
3
5630
2
10
2
2668
4733
82
3067
7
1157
4
91
30
1
7548
4640
5494
9970
835
4248
7098
7682
3259
7
2
23
298
640
8
1
2128
2
20
61
12
1517
9632
71
215
564
76
3435
1
5947
49
336
555
4
7
1
1
245
1
4211
41
6317
444
7091
691
1
3972
134
31
5326
1237
8683
52
14
223
5
2
7462
2226
40
650
6063
88
14
3386
1
3341
2225
19
24
7
8297
1
8257
4475
794
1029
4558
1
251
4705
6782
2
5387
1954
1680
688
4384
3057
509
126
5164
15
3744
1740
7
3
2735
16
336
7
204
4625
1355
4
6
3806
1932
5
4279
1698
3022
47
4899
3600
1
6
66
199
6
6872
8
6
88
6202
8909
1726
2255
1
44
394
4730
6312
1
1728
2044
1811
582
347
508
1
6617
10
2691
7496
1142
353
7
9251
2
1
10
6630
41
74
10
3
5
7646
1366
3
2691
2319
5113
1
5501
469
5421
2476
7207
2982
1
12
20
2
14
1
2
15
12
12
444
1
195
1714
406
6564
2889
2487
601
1512
1
1651
3713
5094
1165
24
457
8783
14
3
2098
9533
1
5544
722
1
3364
881
4
16
248
2
8335
289
1751
217
102
4047
1
1692
334
2171
3754
1
2
37
1607
4214
547
44
1672
10
2
8771
74
9628
1921
7961
1945
920
647
9
1
9840
108
584
64
2011
385
5550
6498
3
352
5883
6454
6
283
1
1
149
1
5625
873
1
5
132
1
6865
147
167
4744
124
5385
2790
5
8456
16
1
5339
1352
6990
1
5
10
5705
127
289
9068
41
1
9287
6588
656
8949
4
1
1
7545
565
4261
511
26
44
5422
122
3
25
8716
245
368
3438
5411
2351
8
4024
161
8598
1
2
176
55
1247
7
163
978
2
3796
3
730
3852
1
7799
4789
1
736
1170
22
6
13
112
3
7252
278
1303
2
10
115
3162
19
5121
2302
1
5
146
6881
5867
16
6
5214
58
3612
3
7536
22
5310
8995
5304
8137
293
2
5
375
4
8375
6156
1518
2
13
8794
4
5444
3510
1573
8052
6939
98
487
18
7231
8
553
830
211
3
844
637
7582
5
462
1
185
2
8833
7
2243
4464
6292
4580
106
1795
1944
3048
5788
45
3
4266
9601
2
344
17
1
47
1244
3807
692
836
3
6
2
3589
1042
6
139
7661
142
4354
76
9759
5
1449
4
2741
9204
1074
3203
489
3
4063
1
1
416
9358
8
6210
435
521
15
1
239
7236
2518
44
4288
1148
2
23
4676
3526
52
1968
13
671
2443
3605
5365
19
4042
12
1
7
7915
31
1158
1
1
8
176
651
6283
2
7688
5537
1
2
7642
38
81
9408
2993
204
6
28
9233
1
2484
251
5231
19
4065
81
57
3872
8334
12
41
2028
168
6942
6438
9069
3924
1
9474
6488
41
1
1
12
906
9
3143
7573
3467
5
10
41
1
8884
9602
1
20
6374
1
240
4983
8
1
9
758
2105
7487
1
1070
1615
9032
2
3398
5808
2
2
2
1226
9798
7924
3108
14
88
12
719
367
2543
38
1
9414
4
8354
289
10
1458
8287
17
2242
3
587
6836
3426
28
18
1
6553
13
7917
2
1
73
354
4703
2179
3266
1087
4443
3382
27
9017
81
111
4
18
5152
1649
9582
3680
2641
2
2459
8785
186
93
12
7621
17
3
1
10
8174
2
156
309
3406
2
3
276
371
452
24
8261
8
5269
28
3
864
4505
8942
161
9563
7833
6144
2
3475
4819
3209
3
1
8147
54
6088
16
298
368
4
737
1
4197
1
3430
2
62
1
2615
56
5455
2
47
6086
17
435
6868
156
108
5
2070
27
131
1596
3
8114
3871
115
5349
87
7
6
5017
2014
4
2
25
834
8721
5236
2653
8049
8506
32
8418
942
8344
8954
1
104
1796
5
6620
255
6245
119
1
1
4
123
574
4130
3188
8364
17
8
135
23
6
4607
32
2720
1922
3532
22
2
3178
5981
1
7930
1
9
1426
4087
1
918
8630
3413
578
7795
5809
1
9458
36
2832
2
1054
7031
9652
1
16
1014
5023
49
12
6271
2
5386
37
6
8528
697
5
1
4
130
2537
102
217
1488
12
321
5
5
3
4739
10
534
5989
8
1161
3
7013
2
7158
3805
3007
152
5074
40
409
7
75
1502
4659
9
65
2
162
62
3361
4666
64
22
12
1481
1
2689
1
1
4262
9858
836
1
8792
7153
1
2
6176
4
24
725
3702
508
1
534
165
505
252
9211
249
5222
2324
21
1
1
122
4
1753
7758
7932
18
3138
1
1
12
78
1
33
81
756
1449
1
346
1779
2336
340
1866
8175
68
2
21
99
16
1880
6122
9018
5077
4168
1851
6
3
1016
2096
4
1
9
2
170
163
9
753
2233
3
1220
1
11
1
1723
2
97
268
154
5
6423
2
15
5
2795
3934
1
298
1
136
141
8
2
6327
1
15
3050
6466
3872
1534
4885
8562
16
6524
468
3323
829
274
2094
22
35
43
46
2489
6829
1
828
1
4837
8649
1
7
2396
2404
47
8236
4
3702
52
4
7641
3492
50
586
5
1
9
13
31
6
1
4693
1
4892
913
133
1
7307
8058
1141
63
1
7200
9668
4387
503
2287
1
1
1
4
312
6686
5
198
7
2291
8515
8434
2
2
495
2
875
5579
4687
1267
1577
4
7781
69
1
17
2
9649
2
1
1
595
9078
235
5877
9557
6486
49
9763
91
10
330
1
13
6425
2
8320
13
3798
9052
26
606
2
660
9
4
2
13
28
12
19
44
3
2
748
680
1
494
3
23
1
9488
7646
215
22
1828
4736
3310
5422
123
5246
5210
6317
2854
53
57
1
5796
2740
9808
74
7164
1
1
4013
1
3
17
1
1531
1
4763
1
183
21
1164
627
2312
1
1
23
18
1580
63
8481
1
7163
4916
13
8546
9755
33
7019
5036
6934
4420
41
1
384
4
238
4
9303
309
1
1
892
3
5333
9
662
3
1663
10
29
50
7546
4
16
41
313
25
24
1277
2762
518
2
5882
2969
3760
1562
1443
1
3618
6260
940
1078
528
1830
5
659
1055
184
7755
4990
1
916
6
1
248
128
8119
264
564
6401
795
2900
4100
3135
89
7871
4225
2
3464
4434
4739
1
8578
1
5787
2
1
109
1215
1
1
3
10
1
23
100
1
2
7797
47
1
124
1
40
8215
1279
11
9796
6
1
3417
1822
1
9938
136
326
9342
3762
2
4562
6
18
830
1
3
7565
5966
8782
6809
9
462
33
9707
413
1
2294
7036
5
9473
1318
2535
413
313
2398
3
9140
14
1
34
91
40
9611
4817
6539
523
98
13
1
4
402
5
4014
453
418
1
9588
3893
179
3268
145
2037
6754
24
8269
1
9980
6141
215
1945
5473
87
780
1515
5329
6614
245
9381
1031
5022
3
7010
10
230
51
1
1261
21
2235
98
2
9181
8475
3307
1362
5573
2190
975
160
2184
2
348
331
19
7183
8834
1175
14
6926
6839
16
1
745
2004
3031
8593
4756
9760
324
5938
4642
2671
484
7903
46
6297
23
6874
1311
204
4087
1
13
3
9435
7210
2
6802
345
1781
6703
397
2
4496
7119
496
1
3962
898
7970
2
1
6842
563
1828
8540
2
127
56
8237
1
8099
675
2882
220
9536
8008
168
8
8
36
18
6
3
208
3681
10
80
42
168
6
1016
1724
7736
9428
1979
452
7317
15
8734
348
132
1304
329
9411
695
560
8030
2
1978
15
2736
6867
3909
7855
55
6735
5456
6520
4913
5702
533
1527
7504
21
635
21
1393
1
226
19
5
1429
9530
398
406
1818
361
90
336
1986
1
7366
4032
17
14
205
6153
3479
9687
1230
209
4
210
1746
2
4
2796
3
3371
7847
333
181
3893
6
654
1603
1
9056
323
3116
4
2
10
744
54
1400
9
9693
9535
834
176
6
1
7
177
1267
1422
5761
9984
3332
1597
5445
9966
2833
8560
1
1474
5943
9700
760
9286
68
9
6022
9
566
7080
146
1244
50
4
1
1020
5847
867
5609
871
1557
724
128
39
21
6955
4
5267
8063
1
4136
3619
8401
2576
2348
79
5611
2000
220
419
4122
5886
1
12
2208
87
8
4471
4192
1
378
2830
1
3863
105
1319
4
2
1
3641
1456
1
6747
7
9989
4094
5
1
6
4739
5292
4503
452
8844
1
43
157
6016
1216
86
202
2978
1396
12
3421
596
1101
39
1808
3708
3920
15
1
2717
3829
3874
4
9200
1
2363
36
14
226
724
3660
9608
64
24
5327
1666
1
30
7
316
8040
3098
1
416
93
6454
6
2965
346
4177
28
138
7
1898
6941
45
4430
6375
7120
38
6
7
1
7377
18
30
3681
6102
2
9960
4694
636
200
7
3003
8319
3
3
453
339
1
8152
1
2328
255
4869
744
14
2
70
41
1
2
7841
11
9
1
1
1
9015
4997
4431
7268
3776
7673
8
5
8948
7
3
141
9497
5747
5815
3065
9440
9493
6
1
2
1
6522
8889
770
9190
564
8566
9
2197
3
387
1
1
16
43
811
4057
376
6
9
1
6067
382
1
8341
1697
7101
22
2443
1
5601
1374
8655
2897
1
1261
3
9165
8016
9434
2524
4864
2922
68
1518
1104
2
29
970
2
199
6063
632
1
2
23
5986
14
11
5600
308
1189
1
9802
4114
4267
5961
1945
325
1
5734
4
404
3
1
2263
4723
2115
1
11
4051
24
143
6820
2
6912
5
176
2
1
1021
5074
28
2724
3
117
6722
4
85
177
6
1
5834
5060
159
399
359
34
4
4137
315
9677
5948
2868
6617
4
8760
35
7
570
8
4
80
1692
4
1
257
6154
5
16
3436
308
6
4696
3315
2723
669
23
3848
420
7376
883
1898
4
1
3550
595
6818
4505
376
11
249
5720
81
15
1
8
158
44
11
1791
4576
395
2
2
4467
3325
4232
1049
17
8492
1
4940
3
10
62
8080
216
1
15
931
1906
43
4620
1
29
1
1
22
9613
1230
1
7066
4707
1
3812
165
6415
9673
278
266
1
8298
5568
8
2
9
878
9294
1534
1607
112
3362
40
600
3
4168
25
991
20
9215
1
2143
4259
6852
163
1
8840
5400
4
8448
1
37
145
5449
76
197
41
1
338
15
41
1
212
1
1701
1804
5637
260
6307
154
6197
5994
2
1042
675
5
80
1669
1
485
7706
955
1
1
4176
4831
7142
7
2122
9559
2
1
531
2499
8278
5519
8182
197
6376
8444
9
5370
4652
1710
1866
410
3
3
1
5
1
22
6
3992
993
1
67
2
9427
1
1901
688
184
2967
66
365
3249
1943
444
8569
880
1194
1185
7832
6087
4621
4
38
9
5575
7989
2
107
183
8017
201
689
825
6176
81
34
2
1902
1016
25
2
1881
391
6494
2
3672
35
2
5638
7785
26
23
9178
2045
6849
289
3
3
1034
10
1278
4031
6082
7688
961
15
5228
992
2
323
1
1
1
1348
16
2
2160
1
41
2988
2402
12
3
11
3
7445
1921
103
1
2341
8
4052
463
1
4
5289
397
3
355
1
9138
2799
919
9426
1
4048
580
5232
13
2909
926
9936
771
419
1
1590
40
7911
42
3713
1
6784
312
9
1822
19
1
6733
100
3
9205
7766
25
9469
1
9610
1
5
8466
3
2571
40
2400
2
7992
3
2342
9520
7865
3898
7482
6373
533
9
3
336
1682
169
14
2681
1
2257
1
3462
1742
1965
1516
117
5399
90
3563
1
17
15
1371
553
5851
18
103
4
5597
4762
8044
1
2
3276
217
4646
8804
17
2563
4
939
2
1699
5954
35
2039
3581
3
6452
2830
6807
1
13
410
4306
2150
8103
1310
473
2
118
1
5637
7659
43
15
321
2452
43
6751
179
769
4863
9
5407
1
80
8
1
9328
5681
436
65
8478
4
6424
3
348
113
1
10
3
6667
48
2
1
20
1
3
4
8683
12
8978
1
866
1942
810
410
4505
1
93
1210
3062
7200
11
11
7
8785
2
524
4045
4025
6405
3
8618
9085
4207
4
1714
49
14
39
7297
3597
882
65
5072
661
1284
7077
7559
1856
2820
1
5373
9436
3
563
283
3923
8959
2387
1
3999
1536
3010
1229
9161
7
9078
3361
2337
9274
9156
1514
1
6254
3
287
6946
4247
2
3
1227
1
618
1253
67
7509
424
3778
15
6248
42
1272
2165
2
2
1
129
8
2
2168
2341
5192
4185
13
3
79
9080
3267
2
1689
2036
36
19
5690
2
1
363
2
427
2
8456
537
7003
3
1
6631
2
400
176
6316
5
1667
6
2
2
12
9906
382
1
6347
6637
2028
7436
1
113
5803
535
2288
9828
1
676
5356
9597
6352
84
20
2
7939
1810
3
1824
7097
3179
9
3958
131
2834
4460
7
2790
2563
2
2196
7616
7884
154
551
131
44
2347
106
3
2021
856
9050
7148
3108
4
7031
9938
311
56
557
8422
3
1
11
2
1
6478
185
11
17
2576
9261
16
7
7922
4282
9230
5506
9354
283
2
4640
6506
3000
29
765
4
3
4013
374
1
29
25
8633
4
2
4978
5
241
4858
3267
20
4856
3
1268
6455
3
1
2
3343
9
3
8740
7894
1
1984
274
3
2
8
2650
4979
2503
2
4
8829
6132
5346
99
3710
4101
3105
2262
388
6
6458
4929
9
39
762
39
4636
3070
8215
154
54
7952
1909
99
1
13
287
114
17
1
139
4403
1559
186
18
9888
2123
2
8
4784
2726
1
712
260
6
3153
32
2418
1802
2
1
8631
5754
108
1941
936
16
4329
10
1
5647
4416
4082
2459
1225
1793
22
1
1
9111
9752
399
3972
4
40
8021
3
4346
266
1
3637
7267
5406
3775
9253
30
1712
65
1265
3
8931
6791
6954
5057
3363
1137
1840
9619
224
5
3982
5066
7309
8645
63
8
373
3064
5801
3881
1643
2
2104
33
3107
1
8506
3606
2914
1
5685
6039
6811
1809
133
1
235
191
9432
16
193
2
1
39
2759
5261
1255
5
3
3
7581
2
6246
939
1
7069
8
1
1345
2
53
27
6
2644
132
231
9159
9922
1
4966
125
4
6
9
5
1081
3250
2805
1897
2
4232
2
1
30
6
6924
6
2960
36
3804
1415
9504
1021
764
31
1
14
898
7
13
26
7
9499
230
51
6934
9
8861
4733
1470
1559
1
2
216
3094
1
1
542
4179
6277
7
1
108
2878
104
20
11
270
24
4880
1
413
5363
842
3576
1597
1
8714
3084
2295
3
6
87
4628
4747
8899
1
242
6209
12
5
5
1485
2796
4335
11
206
1
5
4
10
8469
1367
564
115
60
1836
1068
623
14
5290
4966
1151
8722
2277
7639
5430
1
164
2
3
555
2
3
773
6736
18
9342
7306
82
1
3
3581
956
8346
1
81
1
157
4383
4999
7645
1
7490
19
6790
4233
7226
11
405
611
3
1
7
3578
217
4765
1
2883
5705
3699
114
6132
2
9
26
2586
4153
22
973
659
4684
1477
7
885
11
92
7135
1
1355
1
1051
2
31
4
582
1329
2378
4082
35
4514
394
9453
759
26
8
290
9046
7727
445
1
3652
19
99
4701
7501
284
3
2335
2
9
1163
1673
3301
55
549
4
9
5785
18
11
1992
90
9
9177
1
1482
3052
1
1751
1059
1774
6147
1163
218
256
2801
1953
2831
1427
4
2364
1671
7153
33
40
1612
2
25
9862
219
7958
7
6602
7254
821
4
1
4671
2948
2179
3899
5
1
16
1
2837
97
10
7714
35
33
269
156
4136
8421
269
1388
1083
1
9626
5806
537
9536
2
13
1355
3382
8042
3614
6610
211
3
1
241
96
4812
4
11
4854
39
35
1
4705
7290
21
2
6225
7021
112
5308
210
149
9012
8624
3215
3542
1962
9382
1
3861
2
3
4945
46
7
5331
12
2
7810
4471
891
7
15
9083
5652
8769
1120
1491
8028
18
27
12
3106
128
25
10
2
744
561
258
9682
65
373
2
1365
3
5321
877
5264
1
6023
911
19
2314
136
3841
44
1
268
8618
61
8
1
194
1
8585
1
34
1496
6111
6
2677
3760
2
3600
6484
1
7429
21
3199
2408
2
1103
5
9
5364
39
9903
1
1
953
2
289
1098
7083
8
81
267
3
16
1
22
9037
6
1
9755
2
2767
22
936
4647
1722
972
8639
9044
6075
1
330
7082
70
34
7599
5227
1502
3087
3
3
9003
310
2
8043
26
155
171
7612
1
7700
4162
1297
4
7089
5
64
4200
5015
5
70
14
7355
404
2
61
1376
1958
7340
121
9
6108
960
4017
180
26
19
1829
3
2
18
1168
8617
782
741
5373
922
1738
3408
2460
5975
209
1
36
1497
2632
9390
5
1831
187
2
9882
1
138
5285
6
360
1798
22
256
9078
2
5945
9
282
239
7
5
850
1
1581
2406
444
75
3
1
9342
24
5178
4626
14
112
3803
9351
3
37
4360
77
46
5305
42
4
34
9050
1939
3
16
6
67
11
30
3878
571
4308
5120
12
8236
12
6271
3
7487
6
1
6355
27
5919
6933
21
6896
364
7203
2
3817
36
1
578
32
234
27
237
8273
30
9990
159
139
473
227
97
4291
797
4046
3993
8
3122
6114
2190
1
7218
2
3
20
3
5812
17
23
5173
3906
2818
9368
1887
4791
2578
8251
12
1
5812
2928
1047
84
37
283
9924
276
3
1086
23
1474
4
8238
60
18
39
1
17
3
6214
2599
127
6907
13
640
4513
228
8707
156
1405
5
8939
2
2
13
3
4707
8742
2559
1999
10
2
53
1612
2361
10
8
295
1
21
94
356
481
812
99
3300
2152
5
2
1
8558
6188
7
7
102
6673
1120
4987
2
1
9254
12
10
9416
8227
753
8418
1770
3
3812
2
27
38
596
1
1
611
4755
1247
618
4353
37
1
6469
8570
1287
21
96
5100
4981
8559
1
4404
27
2995
221
1
4
720
158
2
21
817
4633
4
9288
108
8235
1
116
1585
9315
1477
1
4
39
5
146
4
2640
152
1
9143
37
2677
6456
113
2872
1
6815
1
88
5483
1418
1132
10
118
4268
5855
1
1
1468
147
5
1328
3
2
7183
4
1170
4800
17
2165
24
342
2
5797
1
7720
92
5077
9606
2
233
6
3925
7
9928
8
3736
2
14
9237
442
825
7311
6057
532
16
5659
183
786
2031
10
3514
107
1
239
6542
9277
135
2
6806
335
9709
21
244
7308
240
2838
536
3162
504
1959
9607
4922
1
4531
75
8728
571
847
153
2
9612
3
459
3741
6171
8531
3965
78
3046
1807
4571
2
6273
74
1804
3
421
1
16
5856
2
6062
1
7825
3803
9147
4729
1777
9095
195
9191
2
7691
7524
4
9373
96
78
405
1520
2517
2
2006
6
2306
7154
209
5541
1
14
8626
6780
3027
759
7
19
8595
52
70
459
2551
34
6973
40
7512
1391
629
4
1
127
3470
5371
8623
163
441
2
5276
3335
8790
197
3785
6612
2113
7784
7307
1
4
6040
307
374
1
8
592
6228
106
1
3108
63
198
7286
2
2760
6131
5929
2039
2
53
3736
5522
3082
1715
292
4715
2168
3
5
659
9908
78
1
1
6390
138
1
681
1
3585
7554
7072
29
96
1
3552
2
5
7799
2423
8359
90
9933
707
9846
4302
795
156
147
567
9
3445
7431
35
1007
4824
245
6839
2236
734
1
8906
152
6893
22
1
6924
5940
878
2
21
50
2486
8
1028
2224
3590
8
8
9284
2345
15
8229
6573
47
22
3841
538
6611
495
455
1
11
4189
7877
108
4952
1
1551
3
11
1
7320
2
764
5177
4759
9137
174
5982
2
2
5
1
1
588
6958
2
1
3
625
699
5
10
449
7972
2362
5
1
255
39
11
265
53
532
2385
8211
1
2
1133
2042
3939
2368
7258
5470
9303
500
76
9985
20
9
5940
3
1
800
7202
32
13
1719
1320
2073
201
1
11
2
1
1250
194
2764
1578
7583
51
6894
4216
16
515
113
6004
51
717
7
54
5
5848
5405
1328
14
8
704
43
1
9529
86
236
1
1
32
3773
7486
8672
8371
7088
2481
2354
2356
54
5
178
6077
2
2
1
8
369
2325
5
2
12
7739
6079
147
34
1
8086
8587
4
490
6055
9635
1
87
755
18
605
5102
26
429
6311
7832
6336
2420
9963
296
2041
3979
349
8992
170
3756
157
10
3267
1
2846
8994
154
2822
4233
2351
3608
2
838
110
14
2
408
7310
2
1
5364
3611
126
8042
76
5041
68
311
1105
2
16
6208
774
3045
6
9
5068
4492
2823
2
3
3165
917
7878
183
1676
10
28
1517
4706
8
4273
7573
1013
5
1
8196
609
422
2
6581
12
6
2
6951
7391
139
3770
1
7232
1
2
559
780
18
6345
1
1
2
55
342
9741
5
2111
24
5955
62
1
3
4843
2112
479
3313
205
92
4
4551
68
11
6763
438
1
2
6139
17
10
929
6558
4
45
8998
7536
3025
9322
2156
50
4450
5391
24
1
43
36
2925
1
6927
8
163
5423
7586
6
8714
1
2541
2090
8765
1
4027
2
71
6139
2882
2223
1220
556
1
262
5
6437
6113
20
24
5944
8885
7463
3441
11
2961
1
22
16
9767
18
4906
1
1365
504
8803
1
6
3032
1
1
7928
15
2
46
1
3652
7281
48
7811
7779
5603
155
3
504
625
47
8
7682
8909
3729
8430
48
17
1
2
755
768
202
98
1
589
778
7044
21
6
5
1529
22
2
5704
9318
7
1
1
3880
28
7681
1
16
3713
8605
2545
9
41
1
7278
8158
2926
215
844
2
2808
15
7
3329
2
5
19
8909
1637
2957
8
1
3524
1
8384
12
252
15
1353
5
221
4
80
1
399
503
1
41
8
4
1
1637
26
1
5133
1
7
39
5620
3
15
845
19
3454
432
1
6013
35
1
149
1
3468
4
39
5396
30
139
2408
570
9657
7
856
492
5370
3
3648
1430
2021
1
4693
379
4140
2
1
2
33
1
724
19
82
28
2
1
1
98
441
22
7168
101
519
3
4314
1
296
2113
5194
3844
1
423
7336
5059
14
1501
6222
5711
1
14
20
83
36
5527
4987
1
297
1101
81
2506
1081
12
1
50
2791
1
8439
2841
5299
382
47
107
13
257
110
12
18
1528
170
7907
1345
4530
3
39
2
9270
2950
8056
283
7066
8821
1896
71
1
1
8140
202
1
3405
2229
5881
8105
23
4
6674
1166
1455
1
3
3666
5911
1271
5055
1
5205
476
57
674
74
19
10
9196
576
15
932
1
7738
192
6776
7277
184
4
8677
676
135
4801
821
3482
176
3181
232
73
4111
3286
8562
5454
2590
593
1
1
1
1
66
557
11
999
3562
11
1
4739
23
707
4880
3
14
6372
6622
268
7
146
3
2336
1456
519
7380
115
18
6116
5
16
684
2
636
5
842
1
1
6320
492
9194
1
298
336
1
141
6444
77
2
6076
189
6
6952
2
943
5
3
3
6930
3
886
73
1
1191
18
177
7676
2656
1216
3
436
12
6235
684
3355
9
642
416
2185
337
32
2
18
1
1
340
1995
19
330
6514
2107
1862
5513
8
4
2
5984
2
3159
2644
5645
1448
1
372
758
11
126
8344
1
8876
2480
7888
1
62
5531
5016
2869
9808
8
21
2
4336
116
3156
1
118
6795
3274
33
6
1210
799
9202
9
1
2
4
28
9396
7504
2828
2230
6
6433
19
161
1
2
3
7577
46
1
4150
120
11
2
8
54
2944
12
7702
40
4949
12
3751
429
60
380
10
3971
8
790
4
5
38
1174
304
1
9036
2664
6933
53
1467
51
3744
4650
5
4452
6091
27
9800
4728
2341
5
2464
4311
1379
17
719
6833
2
2
4477
7141
227
9395
5738
30
13
3506
6099
3342
10
3178
3
1
223
17
5823
7805
8511
4072
4566
1304
577
7200
9248
263
1
1
2
1475
3
8
5199
1
3165
9592
1808
130
5
657
92
6845
87
7711
202
644
6613
1
5116
8387
1759
102
1415
7821
117
3552
1945
207
1
1033
262
1
2
9594
26
3
5628
3
6947
524
54
8562
53
57
2
3268
2
2
17
7286
4282
1872
11
33
2826
488
35
49
9063
3
519
11
399
3
8290
24
97
153
107
945
4075
64
2
9803
3
43
7695
4841
2
3412
173
3702
8113
122
4768
6236
1
291
5062
2866
245
9938
5230
5068
3
5233
690
1
1663
6162
3825
6369
637
1094
1
1
4
6611
9304
5917
5810
864
90
2
4
1
23
6548
365
174
3721
384
2
973
5004
4389
1
7727
1
117
3413
392
304
3
40
488
242
1351
30
33
410
665
1
6
1215
4296
2
1237
8
4976
1
44
4743
2241
7111
8169
2158
9611
228
2988
1
1
343
1
746
19
4765
1
9080
2616
94
1725
77
20
4
9806
3
3
3340
3375
1949
3
134
7802
2891
3962
5401
2824
1
21
3010
3500
2400
8175
4204
7224
4
4
3034
170
393
28
4651
8037
4
1
86
1
2720
7133
16
6
4957
21
9221
6
2
24
2
3777
1562
31
5322
143
42
2531
358
8356
21
1405
9264
3200
1
1977
8
3136
4
4
7881
5603
3239
5837
4
8
10
2353
4337
30
285
2
65
1
9
38
1320
105
6
1
5
149
746
1
11
7050
2240
7745
2405
1
1
5580
609
7739
369
1
1
2
9699
167
1
20
130
7530
881
891
65
1
9636
140
139
919
8
2852
126
4542
2011
25
186
5456
6
2
5980
2821
1
978
163
6406
1
63
675
3905
14
102
978
281
490
122
2
1
4
2
6360
11
2
4625
26
27
4522
11
7060
2
1265
12
1
3415
5918
5
1112
70
2
19
3
7042
577
9906
4248
20
4
3469
1
4440
839
3989
8
30
57
886
50
2881
7
4791
9687
1383
4499
856
1211
9003
3247
1
1
126
1941
3842
1
7
8786
4168
6714
80
3757
1
85
1967
855
49
7280
1079
108
3
4549
1
9084
58
5545
37
8277
1719
654
1
4074
3
1
2
49
6720
11
3260
8736
226
728
432
1483
5696
1
5981
9934
810
7431
2698
14
15
1
2735
6286
1
2476
13
842
1
3175
251
4453
1
3886
6059
3022
1237
95
9600
805
923
3346
17
1
334
1
1
6413
8558
5197
5108
3011
1263
8516
2
59
6075
9
1
6611
1
595
1433
3476
34
10
3466
4697
848
7312
191
6707
1593
3988
955
8625
1
3190
7
8355
9178
5
8
9
2
3669
8048
82
3
9685
18
2
3504
27
109
2940
3733
4431
994
4
1091
289
2377
3781
2
945
2088
638
1
542
833
6881
483
2
9619
170
1985
9061
491
9218
67
161
19
2
10
10
4785
3437
52
1469
1433
6061
39
701
5211
2
9374
7160
1
245
724
2
6990
5
2
5
94
2
7540
146
6464
3
3202
22
3
9
2937
4
8690
837
6
7278
7432
2
624
1226
7
1
6758
5955
3
135
13
4
3704
4830
1
8822
40
1010
8
433
35
6636
313
9665
59
1
4
980
8400
375
27
8809
1952
3
5941
219
5835
1
1
6263
176
2287
7260
1
105
6036
1113
506
5
8
5
1872
84
26
61
4
138
6743
3761
8
3685
9840
8606
2115
4445
25
3549
8284
2
997
1174
47
2
1295
3
9370
9094
1977
5
2207
13
5909
7318
2
135
22
1819
3643
1
5526
3
9
13
1
6672
1
8855
6245
6334
6
8214
3357
264
10
5
8507
6351
4949
7
9590
5283
7959
7183
1554
1
3816
2761
1
5
491
18
3454
7042
1603
2
8364
3
13
5530
77
149
442
3671
7113
1170
3
2953
35
8622
2
1997
3
2060
1
5876
5955
2
5262
1
57
8161
95
9391
7277
5784
4430
3
9
1128
3189
810
1649
9851
245
1811
4023
2
23
373
25
5
9449
1013
1031
1084
9338
2
7
4
6021
5732
7711
2
2736
567
9147
299
3021
7126
6825
849
10
2
6910
462
15
1816
8149
5
7
259
5052
8824
81
1178
781
26
7022
3532
32
1
9
17
4725
3146
5151
1
8825
3922
6
280
1
952
1
45
6721
1
8480
5061
1386
4184
3684
42
1
1063
7742
4
31
30
25
11
9998
502
6002
8317
126
6
53
3237
163
27
4
1
267
37
5
332
1
3
1816
5566
2797
8187
7884
6532
7858
1
89
12
1
3
4
804
4
2
2
8426
171
4
1604
13
109
5719
8839
11
2
7095
3
1
75
6802
5
8
748
9246
2696
842
5984
3916
191
5
7740
8
6790
1898
1786
1
1007
66
2
5
48
4525
65
1216
5066
70
3
2042
3713
1163
8555
1631
459
1284
35
1417
89
2
2
2
4
25
13
7284
1
3013
281
3
155
126
2463
896
2
21
3488
3166
1
7194
538
673
51
9614
7222
8
1
1
1347
3440
53
1
823
8383
2594
1
1
4
4
823
5939
2
2
1814
8
43
6856
5
8771
7022
2099
1536
3740
2243
5
675
20
3767
1
849
639
9754
1491
6725
1
3
2666
176
6
3033
8973
3078
8
1
3472
4
41
1
5
218
1156
4963
23
995
2
6971
27
5
4629
28
2257
7051
3635
1781
1
66
3
9868
1
4715
1969
4
4756
4
4890
6
449
171
2
5384
2007
125
1552
8084
4310
10
6135
992
7874
7804
1807
24
11
7
54
1
468
253
1007
6068
1
498
1
8486
744
228
1728
9
9717
8
3
19
1
2765
2
575
2514
4005
1525
25
7330
8246
1
2
6521
1
895
5278
6593
129
4
7
7200
14
9
1
1
5
1
4
1533
9206
2
7229
1
4297
686
72
3008
1
1044
6352
668
93
304
90
123
8998
3056
20
6169
812
1153
9636
6494
3141
4437
3497
105
1
154
1
1733
2
5
298
4435
2
1
2113
97
1735
8988
6122
6319
8636
714
1122
9833
1
9911
26
6741
51
8230
6
14
1
2077
1830
21
803
6
2
2
6159
1652
7838
1
7
3847
10
3450
5044
8218
219
3266
1443
2
8691
31
5
3406
365
4
439
3372
10
5
2
5938
54
653
305
268
4488
6910
266
9
188
3775
5536
154
18
2514
2711
1
10
525
3
167
9
4144
2
154
9362
9
8170
3
4674
161
8732
37
87
14
3314
5
1
635
8
7333
1
1
3774
2221
61
6993
1774
5
2
1320
15
278
4833
4040
7675
1
24
9378
28
3
8358
14
135
73
8927
6760
442
651
3
37
9464
9682
4891
18
6766
315
250
2
11
8720
1
6449
5
1
1
2433
1
1
11
105
8174
3728
622
3
9532
5628
1379
1
1167
3
32
5229
1
6
4396
5714
36
1
6855
2725
43
3275
3
1
9077
8193
5880
1376
6996
1
1351
52
148
6
1749
9352
2
5
103
5424
48
205
235
7589
6
2808
362
49
2
7944
443
15
6144
5793
85
15
2
12
3
894
389
1237
373
242
35
12
6
920
32
504
24
950
735
300
4578
43
597
304
6619
3623
8346
9781
2
2
8791
1
1998
21
3187
709
7095
2
42
7
872
8560
8005
5505
1
2
2
3
7
522
8353
25
2501
258
6
3027
4094
8870
7720
21
1439
1331
2605
7881
6
5344
170
56
4842
272
6
106
4297
708
5924
2
1
785
1079
581
27
9041
1
251
1624
26
92
4594
4183
5452
3
3108
455
8981
14
1216
7
5559
3603
4
3693
26
752
138
89
9946
1123
6383
1
361
9126
8249
4
6970
9
1523
2703
1076
33
3484
74
4756
177
117
6745
261
731
1
3
203
428
5
294
3635
2571
1
9514
14
9299
5983
3615
21
1123
673
36
21
6
3821
9490
81
1401
4700
1709
21
34
7214
1
1
5401
7835
35
5629
776
7192
2361
1366
38
36
2895
1
761
4
1486
146
4
2117
1
147
3
16
1546
5491
70
8324
7
59
1
4456
16
8935
5283
1924
1
9968
1
1468
17
5100
6722
8590
6144
5889
1
7112
2048
10
3320
566
9110
6
9416
95
8843
8
4
29
7152
1199
1887
7933
55
6
7
3
1117
1515
8531
1
197
4849
77
1
964
3
31
1
1
1
304
642
533
1
3
3
1
28
6034
26
6
4844
71
1829
3531
479
22
22
1
749
713
9555
5
16
6609
18
72
1
1
4442
4759
5715
215
33
215
4
3249
8372
1
2
100
6
7
9395
121
509
215
4992
1
5096
1
7058
355
1
9065
953
3223
22
2555
34
1883
9647
6441
5992
265
1
2
2
98
79
9236
17
209
1070
5647
1547
8517
288
105
6924
382
828
1487
3854
1
18
1
3
3154
73
1320
3016
108
2637
3950
58
1134
21
1
4
4336
1
2648
1
5
30
7984
7751
8803
4
3127
4955
4067
2
9878
19
580
4962
9468
7264
2
609
7034
1177
1277
6979
663
7647
1
1597
222
8673
7
2
266
1
4
4584
8000
1420
2
8373
162
32
6620
5735
3
5189
4814
2
20
20
2
780
6088
14
24
251
14
4658
5268
1
4
1
3319
16
5
3866
13
254
4
2
2414
3818
8693
9948
8398
188
7015
16
14
1
5734
17
3802
6575
3
1868
8
8096
2628
2948
8
3
2
448
3018
44
10
8705
3523
278
9812
9515
1
3
10
674
18
828
43
2
127
780
7370
2573
9992
562
470
6742
881
3
1328
7688
17
9564
182
308
8760
2248
4
17
56
1077
1
5196
929
166
15
21
726
1
269
2025
5985
48
6954
1
2
375
120
1320
9444
2755
1
2469
21
41
7
1
1
153
7814
1
2
9394
6633
18
4
1
5413
9
9841
5
6927
4700
9625
21
1736
394
672
2774
1
3849
15
8852
3
34
2880
785
1
2533
673
2
3454
1099
4307
67
8682
533
483
3
2
1
5923
2
6715
20
22
6225
1072
1174
581
4432
9809
19
464
1610
3
2519
1
2196
7515
2883
7871
6
6490
1
4127
5024
1
120
9519
1
24
4
537
7569
1738
15
2
4312
2126
8
594
6243
1
3092
1
5964
1
3
4
152
3280
1
1215
691
1
9
12
12
23
9734
53
12
5488
2414
3958
3
47
205
6238
987
1
4115
2803
16
1567
1548
261
1423
6027
283
9474
3557
41
85
22
702
9501
3780
7591
7
928
2
5
24
2201
4967
1
18
6017
6369
299
66
92
45
3
2
3926
1583
10
579
6
4439
511
1693
31
833
9584
1
5372
39
1048
6145
15
1
4585
2455
1
519
6451
7785
6
1
162
136
14
6
37
5760
61
240
3476
60
1
7110
346
8780
26
8864
2
4515
1665
6971
5963
3248
341
28
1
2
26
1
32
1649
8308
8746
8466
3191
6293
5
1045
1
1
8240
6461
3
1
2
1
1
29
3516
7
9648
21
116
15
380
4044
5470
8783
5946
1
8080
9081
4
3
4009
2
1
7625
3692
7665
1
181
28
1032
2726
10
4067
1633
20
12
20
97
8
9
1286
4483
7808
8487
1
3785
6678
5376
1
3791
17
3643
407
86
2
4986
32
4574
5089
8039
1899
33
3
7823
1
2
8949
70
9484
16
8952
289
27
1
1
51
369
5182
9435
26
5126
5936
8
3257
41
4065
29
2231
1
1
1752
1345
26
5962
274
128
4
3
373
6978
1
5606
3
4
5
378
5333
1
1
835
6
1164
6752
1
6139
134
2
4
8642
5007
19
9370
30
7828
4
2530
1039
7327
3
1
3
1
1215
2122
44
1263
201
1988
2
1
2
3343
69
22
199
693
6462
4498
4
69
365
3617
4221
332
14
1142
9936
9206
87
725
929
4928
7981
1
58
9173
876
2
3
5559
5641
1
32
1679
3901
3212
4
939
1546
4
7392
6025
149
1128
523
24
4
1
5
2
1
1988
1
16
8777
5313
4219
3037
1876
5198
4
1588
3
5323
10
1
68
1
675
2076
6522
2
116
415
963
23
3407
2172
104
9918
1652
21
9276
6264
2
1925
8720
7965
3339
8983
15
2
3
8335
8088
1
10
18
1
2
36
1151
4750
2
10
4888
1
8111
29
8010
28
8262
1
1
7564
767
6395
218
2718
1533
979
65
29
142
698
2
31
1
213
28
1
1
1
295
347
2
2
656
9957
3
3058
1
5063
2
2296
14
9768
712
1
529
1
7
5
5459
1162
3176
260
5
2
2
4076
9933
526
2428
32
5
2243
2075
3
69
1
2
1
69
7944
227
1
387
3236
8
6
508
3
1
20
214
674
1
1
142
1
6
1
5608
256
4473
8926
11
3055
52
2634
1
5
5563
3
1
1
530
682
8
4697
1977
1
1
3331
72
7
3
3317
1322
5103
15
432
3
14
288
19
1646
1896
9899
3358
2264
25
1364
19
953
1106
529
3
6687
1414
2
6784
4657
43
974
4
93
3124
5890
3804
7263
4
7090
4476
28
5
7813
2215
1716
2346
7274
24
885
8710
796
7
9
120
14
2595
1160
24
3
4157
53
6839
632
61
194
6077
2468
5071
1341
2735
572
9
2
286
1
9180
127
2075
12
10
1685
130
3062
17
2
3008
2754
9290
25
8624
3
4767
2380
9645
865
1
6965
5192
1218
111
1
5767
1
7180
1
2415
2686
1
2581
1
11
36
2
8594
1203
20
511
7527
1102
2
1494
13
567
5
25
1
2
765
8
1922
4687
2
4402
5828
239
5
146
900
47
129
1
4521
5010
133
7236
11
143
30
557
4
760
1
1918
869
7770
8617
4
6944
3
5132
801
19
5504
91
7735
7077
154
2977
5361
35
2634
5691
8
1
1792
2770
351
1
898
21
7836
64
3834
3
6543
6564
2240
3
5490
19
257
1
957
19
60
3689
1
1915
5361
3064
1
3338
1
13
3282
2
1216
3
84
5745
291
3814
251
131
1542
6
11
6791
34
2
5639
1567
5870
2558
1645
1953
1
4376
2
8829
5
1
2208
51
9023
2
8423
6215
2025
470
168
8272
4
1
174
123
758
234
1167
1
393
23
6
2960
1324
172
6
6958
2070
60
6
9
1111
5454
5535
2
4946
2
4731
7280
1
7876
5
3
1874
1
422
1600
8885
5499
10
8195
4
1
7476
4
48
5
106
4642
5632
1
1990
12
8010
4592
10
1
42
6889
2289
372
1
6642
2539
3933
1020
5808
2345
2
2
16
2264
3
3163
574
618
3184
5
2
711
4909
5531
21
6116
36
1585
6
9987
623
22
5186
8
291
204
6973
1
4
16
21
3414
7667
3101
1
1991
39
24
577
4379
3521
9748
37
1
7980
1
5
9
1
8843
985
50
32
155
5237
667
4362
5612
4140
2
1581
6515
134
25
81
5425
3982
9830
880
3
975
3221
9048
1318
5237
6
1
362
187
2959
7837
94
4259
1185
2
1
7881
781
1246
32
90
3215
1
2515
4
12
1246
1
2
1296
10
2
30
10
2235
23
9989
102
120
1385
212
289
1
1
41
467
18
444
5212
23
354
2
94
6
5545
1
416
4904
6964
80
4171
747
3
8316
28
86
251
2245
4923
212
180
6134
3448
162
8265
7111
2365
156
507
2243
2721
1
3
3
2038
5428
342
5718
6307
1146
952
271
5723
1
7
101
526
474
4
4891
1
4
7343
2271
9297
8166
154
1
32
5
367
5490
89
1
1044
393
2434
8112
8
18
7040
5312
58
348
9067
9525
2353
107
1
319
1
2
7
1
104
962
1
3
2630
46
26
7
1596
448
1627
2
4568
8181
17
999
1
7862
1
2365
7898
2745
7518
4
12
5332
1235
2973
3569
56
2544
2964
15
6270
496
7
222
1093
22
2
2
9
4457
5
1
6927
48
238
7
1
1
1
3852
417
1
9502
4
146
6754
9294
8852
52
6870
638
8680
203
479
1
113
6351
3180
4871
7870
3
4625
85
6487
5260
5837
1
8001
129
5707
756
2379
621
6873
8474
563
342
4953
133
9821
3835
115
3
220
8762
1212
7532
9
8
56
3
6
9978
1
49
5
7074
3052
126
1496
8
2
1930
2
6717
8
5
4659
22
18
106
950
19
9
869
1
2012
19
108
2861
4
2029
1
271
8432
3
1
8010
3191
2
2
40
4
3
12
1
44
7015
1716
3
8137
4
77
10
110
1
242
4041
2
34
3951
6325
1
8216
159
4378
4793
128
6482
3655
1131
14
63
1256
1
9230
1314
871
864
7323
3075
3
398
4
183
1
5799
2412
8
137
15
1
48
2630
705
785
1220
1103
8761
133
1
850
1
2772
3
2114
6366
1176
5389
7
3567
9521
8982
7
1
1888
1134
58
238
3
1
2
1
7685
4748
2584
1
474
50
5259
9864
2
4763
9492
25
5323
23
17
1
3953
4
12
9171
131
10
10
6056
1
752
20
3
84
2087
5509
6998
6129
4
6542
40
4
5970
7
7601
997
1
23
517
288
15
267
8222
3
5380
1
193
3220
1
449
47
1
9
8830
9024
4101
3974
15
16
6266
9648
3
864
8755
5730
4894
2
10
9322
9877
23
7789
7
159
97
3
19
247
3
3
13
5
8858
4979
2357
1
1467
8081
1639
6
1037
21
2
6457
19
6451
3
4
5148
7218
4830
1115
879
1
7642
2935
47
2
1008
269
8998
849
16
27
1327
1949
2
546
2
3129
5
2
4597
2351
19
177
1039
5227
841
30
1
26
6626
7560
1
4
52
3110
4
81
8676
74
1
3678
6048
16
1078
2
17
126
9574
5400
584
9442
2
8342
318
2622
66
138
9
179
3889
4038
5501
254
3620
153
170
1
3879
1
1274
7784
8621
7067
596
8964
8951
11
131
5802
2752
7899
8654
5236
3160
4816
6833
2029
3
6354
3963
2
861
288
842
7355
3
1077
4635
4
8
782
1
4796
4308
4
7757
6496
5772
456
27
1
8079
323
5093
23
19
129
4799
563
149
139
1280
14
8972
21
9169
7982
1064
1685
3493
7
2346
1
2
5568
1744
19
1922
10
4034
892
2619
2585
3673
5
4981
86
19
1550
139
9157
36
323
3169
3
6707
195
5301
8
533
4
103
350
56
4190
5546
7320
3
4
104
3
5214
9741
6309
6710
1399
5605
10
1
4679
6
561
417
657
1200
4403
4327
8
3053
5869
5
26
35
343
2
7804
369
10
1
346
2323
5399
124
2906
2312
3473
7055
8289
7230
18
46
7863
6423
6
121
271
5
3514
6806
14
1
8355
260
357
4466
5112
3157
671
17
13
7891
4983
3
4715
9686
178
157
7127
5209
17
9396
1352
50
9522
7573
2339
81
3
2659
16
33
3
2
364
25
2
254
4181
215
2406
4
64
1
7307
5243
1483
9710
4254
3437
41
1
3
986
856
5687
4022
5
6111
1
1751
9982
9386
5045
2939
167
1
4374
4
6993
107
3
640
2986
7610
8912
6659
2376
5949
4598
529
87
1
3087
8639
4420
4809
5
1726
32
1
12
2896
2
402
6
368
3884
10
5484
1629
688
3001
21
8855
3783
1851
10
9253
1259
1
2352
5145
3
81
4392
476
39
6361
1
6
1
8483
7183
2
5
178
1
6560
8180
12
13
1
3
9482
19
5
145
6728
8
8
2
5277
1912
2720
1
1904
6384
3181
8601
3481
11
19
4271
124
3617
6192
7
2
3
5313
9841
1
9430
51
6
6
1
2
3256
396
7232
13
64
5012
3
1
57
8974
54
812
4711
36
3050
1456
318
538
4684
2896
3747
500
3
1
1
588
9
5
1022
625
6100
3354
863
2871
6887
2273
1
89
2
2074
93
6542
4847
1
2
8013
206
4
146
594
1
177
1
6963
115
2001
8328
7904
4
426
359
493
4706
9694
21
5
10
13
18
5597
2676
93
752
14
93
5040
48
2
4160
7663
1820
2470
3
3104
18
903
2
5
7754
12
4582
5
2461
23
12
1936
5444
1
8927
245
246
9
6076
134
3706
4996
14
3
17
9011
1
1
4884
2178
14
414
1
75
8349
7006
996
970
3
19
3
13
11
5679
325
3
512
8148
6230
291
4402
2064
2675
7999
420
78
11
13
5072
2989
4029
5859
7
7471
477
52
6343
1
95
6293
6
53
8456
3
7647
22
6
1045
2045
4
11
2048
641
9922
4
2940
38
6
8
4451
1536
7142
8889
1
4
6858
215
5300
105
316
372
101
24
6858
1404
228
8181
182
1
1
171
53
776
19
9510
506
790
9
4
7453
2061
16
9497
7781
24
6
20
3298
306
8
30
1
8367
140
2846
169
2
6
1
5
54
4548
14
471
4776
1
5
1715
2
159
4
939
1
3458
38
2003
281
6
6524
2
5436
8580
5
7
15
3608
504
502
76
3
4511
7201
8433
1
19
3
71
826
4
15
34
17
560
308
51
3
102
1
215
77
5
1499
5070
8440
5
61
8889
2
7
8134
2905
9336
4162
2341
226
17
5169
1764
1171
3731
7800
7045
204
6143
1
3
1
37
128
3064
9
1199
21
2
8787
3684
17
8
9100
41
332
110
1538
8792
3441
2060
19
1
110
1
4300
1
11
2
9960
5
35
1
9
2
9047
857
9
7567
312
5955
3
25
2250
70
3078
36
2
2
2
7
5559
4
8593
1
7062
9123
1
6771
63
9459
190
1
369
156
74
2899
10
229
121
6
6975
3326
900
125
535
3
7280
148
9115
2
38
1
1
53
6984
2
2
23
256
3946
505
10
914
3202
136
253
2
9152
9840
6
7656
99
4
7787
7284
2
1167
3640
9277
3361
7118
7
7
8255
71
3248
1934
37
7682
1269
95
4
212
16
4925
9084
2
9678
1
6175
2
1
2
16
2
785
1
3
9941
6001
3469
1
4384
1476
416
3928
95
3616
4
1834
100
490
2356
1144
32
3402
509
204
1
1
312
7356
1717
9590
1737
3
239
6805
24
156
126
378
7143
32
1
3193
3
429
7139
6236
1739
244
9182
7
12
18
6
1
7932
19
16
8721
50
5
8441
6702
2
7331
23
1
2
60
236
3352
315
445
4758
6335
9800
844
1513
5
6127
1747
2343
6214
27
1979
75
8983
9001
4595
45
6549
571
3175
142
21
7280
27
7471
1376
2
10
28
1
9103
5
39
1582
4144
783
1
700
7
4168
1
53
6125
9936
2277
52
4043
4016
1
3
9178
6
9121
1328
5005
4888
2
1
1
1706
1
3034
3324
4381
6
1358
39
207
6751
99
7
8747
1
4830
4805
9667
3707
3689
1
1
1969
37
8536
3
1001
2
3
1
6
5630
97
2
7
171
1
3
1
8
5235
5898
2
4
141
2718
718
56
7155
1
4850
3
27
5153
4
1979
22
308
72
37
3447
1677
81
9086
4321
5763
8631
1258
3007
1
5133
6845
9091
45
4360
69
5696
7949
8281
1
8329
531
1
1
382
2
4
80
1
141
2
6794
41
2
1
100
31
1300
1371
2
2208
1
103
5375
6615
3902
7476
9363
150
2951
103
21
7163
8520
120
6
9144
3
515
28
1830
5
337
9987
9183
2557
19
685
79
8692
915
231
3181
1
156
7318
1
6072
1
2982
217
5483
472
2
2
1
1
3
2
1
1032
450
34
141
5
1
7084
1614
8814
31
6
5
19
2730
2399
189
201
9
2951
2232
8495
10
8919
52
457
9391
31
8585
6026
6769
14
1
3
26
79
1
8367
8318
9
69
708
6
14
9562
2
7234
7055
2440
92
16
1
6
38
438
6
1
146
203
7
8026
8288
3
2
1183
1005
963
127
5
9992
2
52
61
6
5445
538
6172
4662
8110
1
694
3895
2819
310
1116
568
4
5717
125
1320
56
62
8367
16
4624
3538
2
8418
2
7533
3818
307
177
32
2623
1415
1
6338
3843
8239
6
1
8911
314
7
1
8728
814
124
5692
18
6048
178
151
3725
41
1
53
505
6151
9
5698
1
3307
46
12
3440
9609
562
5219
1
700
1739
884
987
6156
6
1
49
4
50
148
366
1
1
1186
39
370
7
1760
792
2
8158
2
1289
1
15
6
3502
2
4588
4
1511
7403
5542
5
13
4582
6894
1
1
56
2537
9841
5205
344
1352
6113
5918
7907
192
482
2075
352
107
1631
5885
493
7024
4
2167
8935
5390
7600
182
88
238
5578
33
3805
19
6234
8946
9977
7434
1
1
6059
1
7
3173
1
2
4680
8828
4541
6
1
1
1
2379
5708
8
9189
2078
62
26
2122
710
3
7035
4719
1938
2781
5833
7712
1103
1495
705
486
17
6366
3211
1
5730
1
22
44
1
2300
2861
425
3204
4896
2796
1877
3738
7701
43
1034
794
6434
2
4
6
4566
996
5274
5775
8477
3653
11
1197
19
7870
1
739
82
2
1
2
8184
1
6613
4478
9473
683
882
3001
93
9
9309
77
8
3
67
4421
30
5000
4740
9
910
7067
43
15
2
5393
1613
4
13
3571
2380
1
1412
520
19
1413
2453
2655
515
1
2825
1188
7718
6003
529
15
7530
75
2598
5039
3618
153
3881
422
7250
266
4251
2
17
9507
8048
14
2816
22
6061
2
4426
2608
138
6676
97
2264
4987
4543
3
3788
2
19
1010
3179
7539
1
46
2080
7135
1
1804
6722
8647
6906
297
7205
3851
9145
41
8365
830
17
6648
51
9
8028
5
8658
338
8252
1361
2420
6
7539
21
4678
86
3432
9
89
49
1
8529
954
28
18
2
10
4813
9345
58
253
2
31
7
4437
3566
1
10
3
6
5125
713
29
344
6892
43
8661
1
1
6
43
9612
793
89
85
1
8417
2480
2764
5025
1
37
1973
6734
6408
21
587
6231
3304
74
20
1195
807
8
1
53
38
3
1
28
35
9803
5
238
4485
885
10
56
30
4738
2631
7
2
205
9
8386
10
1882
7
24
4932
659
4471
244
29
34
1546
6356
444
7418
5546
5769
3793
1445
1
224
1
1
5979
4872
455
8143
9248
5412
6
206
1977
5322
1211
6903
5391
1
16
1429
2653
567
3944
9212
1
80
4638
18
571
4377
4
709
8272
4
67
3
293
2
2
3095
45
8343
2094
842
8196
6
28
2042
52
21
44
3134
8819
84
143
1354
748
3
9018
6597
8
1
7938
84
7964
1
132
5090
80
6044
15
3610
1
1403
4245
4183
396
471
4
7013
3925
33
16
234
6346
7367
4189
141
1289
1
1
2
190
9969
8307
1206
2
1
1
9217
34
1
305
480
8183
65
2
1568
3374
1402
8446
2
3376
663
1
5511
1
7
9102
3
1428
2
2
3358
4531
19
714
3
3503
5811
229
59
2521
2
1
141
2334
37
3
124
974
1
4071
3
4675
13
8345
17
3
5
6684
1234
7
2061
205
9887
1041
5767
8887
1464
2100
156
2939
105
1418
8
6
7110
10
1229
9252
1
6
48
102
4891
51
2699
5745
15
6056
1965
9228
9185
4
7448
68
7269
123
2
7
2190
9014
7127
6773
459
6523
6
1
976
2231
2467
561
8275
4899
7
43
26
1329
9047
1
276
3117
1
1
307
9927
2329
3327
31
307
10
5747
4
23
4260
4979
4
5551
4
3
2511
149
5658
1
9003
7905
4
6
1500
1
1
9
78
8593
1
226
2
22
5755
3211
1071
3
91
915
1436
1490
143
2
5725
9933
4262
1
1558
6638
7005
3899
61
120
4295
2340
46
134
6995
1
1
1
4
237
5
9734
5346
8243
302
500
1992
301
2689
6138
1547
1
6744
35
3
1
17
6
3776
1658
1
10
1
6517
1759
14
456
5353
9647
167
9175
314
32
1
145
62
41
1
850
6890
2
167
661
768
5
3
4577
6485
411
8164
44
12
7599
2
6813
6472
20
1
2
2
1
8361
7404
1570
1
2410
8114
2447
1799
1
1
6911
3
3
8044
9629
6146
5
8
5
5725
2016
2353
118
3878
1065
1050
3269
7518
5967
3289
6900
3364
66
5423
1
4809
2
6492
269
1110
158
377
4908
4514
242
1
6909
7921
16
79
3702
5
244
6264
4
2497
29
3757
1
102
3
7306
10
2
4075
1927
922
5
231
12
6112
555
3884
5376
1118
11
4154
5399
940
1
3
1288
27
8318
1734
8473
65
82
4305
9443
4
537
104
41
6091
55
1091
327
4797
10
8672
38
2027
2265
44
5
18
2
2960
153
1561
6796
1770
92
7091
450
92
1
199
3337
3880
734
97
2259
75
1
1
1
85
9778
1
6822
5728
15
548
1
598
6258
9004
96
1
9111
4826
20
6739
2745
9891
398
7460
3774
2611
5854
1781
4
24
6
1
5630
29
1
99
520
8287
8585
19
8762
10
2
151
3384
203
230
29
3724
1
1
21
806
1
5
13
3642
13
8183
359
7897
2
2992
6690
1
324
11
6336
8
6156
5979
611
7739
8836
1
7249
399
474
9874
1660
40
1
1836
2
6974
12
697
6640
9177
1250
3988
1065
451
755
14
2350
6766
2
299
1
152
1
6
6037
2
663
1328
4168
6370
68
5617
2603
7987
3431
2
3
21
4452
28
6395
8856
11
4
1
3
557
8185
1741
3527
768
19
5466
7432
4216
11
4
6796
2783
3881
9894
7
8
8293
4612
5547
3953
1331
12
29
96
129
6607
15
2809
23
1186
6959
1
2
267
29
1
20
15
4505
8845
1164
5427
165
9814
441
5
6169
1
8810
2
3504
2971
369
5
1
4208
3
5760
8
717
213
188
11
1
1
5212
3744
1
1
3544
8236
2167
9982
4912
8905
6297
93
11
5823
1
3368
3724
109
7311
1
1
2
51
437
327
947
62
4657
2
31
4428
4897
5463
68
1200
26
83
7322
1
1945
230
327
2753
1
784
2
512
2665
3435
1
3428
2612
6
6918
24
9161
43
4391
190
45
57
2736
396
1164
404
2
75
6
3
7
2836
9411
2505
4621
6952
9547
1435
9906
5062
103
1088
2576
1685
50
8683
393
8864
20
2654
1530
8862
700
178
3
8799
3
11
1402
8877
2
1551
3
470
4
5396
5
543
1
42
29
143
2
2
538
4
47
1
260
3
73
136
179
746
1
2
8230
7296
2
5
8
4979
1057
21
1
5693
1821
2624
8
710
645
1
12
988
26
4928
2832
9855
1125
77
3
197
9230
1208
247
3
92
7883
6163
226
144
29
4080
3976
350
8896
834
1
381
1
381
4
1
4179
8536
634
924
4221
1186
24
88
5
9318
39
8037
1
71
100
3481
6092
5086
20
66
1
693
8250
2
97
3263
2924
1380
1
3743
11
3079
2
6
3795
85
9255
46
1433
443
64
355
2
108
1227
8065
4
1465
4469
3770
3302
7501
9452
1047
5849
166
9627
104
49
5418
3
9
5696
44
4319
6701
93
2
113
1296
1
54
7434
6632
9293
7
48
1533
920
30
814
937
18
58
1366
2259
31
1896
1
480
1
41
239
5891
3651
7280
400
2739
106
39
1
7175
1053
4
4634
1552
2154
2866
1
54
122
1092
1202
1477
25
8594
1653
4
1797
136
2401
2
836
16
8
4
1530
14
9515
35
1
2156
5956
2
6545
4424
6079
9
1089
1804
16
2994
345
73
634
7
9832
4514
2140
1097
7654
14
1322
9645
2065
9845
24
1
15
2475
14
13
1006
3
3980
1022
970
1934
2
17
7453
110
3126
6131
1517
1
750
4
5444
64
608
2720
1
2764
3
3
245
41
466
110
7269
3365
8648
1186
3953
1
9891
37
3088
13
101
1
2603
9486
27
1
48
2
2842
113
6713
1610
8284
1
6
142
2
6
6675
1843
9192
8048
6067
8
13
2
3
2
8961
4488
4214
2977
158
7057
3
3574
3090
7
6
714
560
105
13
4
1
47
1
43
363
2
35
7482
55
3
1140
5
9252
4172
4
5059
3
3944
186
1
1281
140
1
7728
2
4
1
5022
5
577
219
293
4
3968
49
33
7
356
6131
36
2
7965
1067
528
6350
2
55
1
2382
6351
2168
53
856
3
1993
8
4246
12
5
41
8491
2
205
6654
2398
9182
5
253
4566
14
5517
3254
5836
312
7643
476
38
5349
206
2
139
8104
29
6602
3
4
1211
2424
7
9
5689
3026
26
21
6
11
1410
3
565
434
8521
23
1
29
4
7809
57
948
9770
5240
2
518
6
1620
2177
1462
6000
1
4680
1301
2
1
3601
155
61
44
1
7505
4954
2360
1
1
9264
54
885
1168
18
4
44
987
1
5
1
33
1800
3197
1144
600
1
6026
1
48
7
6
161
1
2
413
15
6947
2592
7871
2051
4
1
60
2936
2
8200
4
3
291
2543
2099
3
1508
157
4360
2
1271
1754
1722
7715
3
6283
8403
5488
2454
19
1459
1
5702
210
4
1
1
896
40
1
9486
2
6297
6172
9851
1
5
3886
3094
8569
6406
2
1
4122
1
4164
813
8681
3943
2716
4929
1671
5
10
8747
51
2
1
37
5333
43
524
2
3456
456
786
986
9275
1155
1
3351
1
125
3
7160
214
6371
2
2
641
8628
1190
9835
2
1
3862
1
220
5
60
1369
2723
898
106
7
164
8330
5
3424
3
7969
5252
27
1
196
4265
153
1
1395
328
66
1941
1
3797
8440
9079
6829
316
5
12
59
6956
1
7472
2839
69
3969
1286
2
4
2017
3
8912
3
1657
3
10
3456
755
2174
55
24
7
148
166
2079
10
62
199
2452
1
1633
8
95
151
2
48
4992
12
11
5127
35
16
1
1574
1975
9313
4283
33
3058
1
22
153
2
1
6389
15
55
934
8677
5879
1027
3
1
4673
1
4052
1
3
47
27
175
7
1
2892
5
5283
8598
44
3
50
4407
20
1
2
369
7749
9819
3
12
158
1
5
896
5674
3808
1
3548
5825
7513
8492
3104
2537
4783
12
1
558
3943
35
9797
432
442
55
57
2
7
1
5703
2291
8265
295
7472
103
884
5355
15
7096
399
1902
5585
2837
723
45
152
11
9
7859
1
3
1957
5
19
683
5
3059
2
40
9
1
1234
217
3302
4522
1475
1232
2
7169
2
4003
47
4899
215
895
5550
3014
129
1
1
2
42
13
194
7672
11
77
103
9
1851
59
1127
3
7492
398
1947
4
103
4133
3293
838
1
4128
1127
270
202
5612
60
3802
9662
9842
2322
7139
1992
2
63
8
4425
1817
1
7917
180
1080
7695
3
22
150
6784
602
2
3
3
2659
16
2186
79
100
5
2
6486
3207
1
3
41
1584
4
6398
7084
438
30
513
3684
3565
4574
9681
2314
3
1
23
15
11
8586
8411
2370
125
467
1932
2
14
6028
2845
92
145
4
8174
1318
1473
345
23
9247
4994
22
1215
1
2403
12
9
7151
17
6869
7232
52
9701
1652
6348
1346
30
662
21
321
1525
6057
189
1
7524
50
386
4429
2816
3881
68
1765
8637
4932
4
173
741
434
3671
448
1463
2
5921
44
1961
167
9005
2
13
2765
16
380
1
316
7765
6135
13
1
1
366
1
219
3715
180
1951
6452
219
1
1796
90
1
12
5909
3800
1
14
1
71
5883
293
136
1
6656
726
1
4037
1507
8051
3
1
9287
6533
1496
2
33
6345
624
9024
8465
1388
168
4497
1327
656
437
843
3087
6783
23
7891
5
36
25
9
684
4
6239
6656
2
2361
1
8583
70
2
759
226
8
2304
5095
1156
1
106
6750
2
2813
557
7
7498
3178
6016
466
15
93
2029
9
5
6952
7
1915
8046
9768
3501
10
4518
1
8
560
331
410
86
2465
7261
11
2
1885
355
9518
547
4326
33
1
30
1
5735
6389
6111
17
24
15
23
7
1
26
18
354
135
2
3
1549
3512
1
7904
119
2
1
491
9822
4576
3
7
20
99
7
20
842
2828
18
7090
424
104
2
217
719
662
1
2
6309
22
17
17
7
1827
40
225
4917
6354
5263
2253
11
9832
6
4564
2
9710
2
72
5036
4130
4
437
5661
2419
21
2617
10
139
14
2
567
1754
6318
27
8865
7362
8077
3130
2092
368
5267
18
475
48
57
402
149
3
32
5
5
1597
1
9555
150
5485
5133
7878
2709
22
40
1
1
7812
170
4
12
4437
6565
157
5
96
7078
172
132
382
148
5
1
2315
2
902
8974
2294
2
3
13
410
5846
2
7
357
2
1873
107
70
5865
12
9124
24
121
13
8611
5
7356
8813
1042
1943
1531
7170
9544
8099
6278
4989
19
1
6201
13
181
640
37
7
1336
6
9832
495
1
399
878
4365
3
2
3862
4492
6601
64
15
49
4
501
42
9747
97
7376
1
46
2
1227
8229
3
2801
6992
5014
14
9378
7
2198
6
27
1
1831
130
2
1
9273
2600
8629
8105
619
2
1
1286
126
6716
3559
3
25
7099
3615
8004
4346
605
9877
3830
3690
6398
10
6988
5258
19
1
213
5171
5300
2581
837
1094
16
9643
9769
1
1
823
8
1
5300
2704
105
150
4
2358
2
2122
287
1505
7
8106
8907
8
5169
6657
30
2
8946
16
9865
2
3
5290
268
9
9967
1994
6
1394
5051
5
1712
327
4460
1577
9126
2
1
157
6050
11
9584
5
2937
3
3143
5655
7
22
7943
1
19
7363
1
2834
110
60
2
9
1937
2272
1367
1
6274
4
4330
1
741
1
2568
21
1
7
558
4966
1
76
1571
4
3186
4551
6579
5937
1
2
395
4715
9920
2982
1244
1283
39
593
157
9589
113
1679
2267
1
320
2947
24
8508
13
11
279
69
38
5418
91
197
1417
2511
2
1406
952
1
169
7129
1
23
67
6264
3
2
27
5953
4392
6974
406
1486
5724
8458
2364
908
634
2305
1
5124
6062
578
3884
1
559
5
4498
1
86
424
29
4931
42
8000
2
587
6
5026
4
3
304
1366
1114
95
1450
912
13
2
21
1982
91
2
1
3924
54
414
22
1408
2941
33
4176
2
12
281
22
8705
265
5105
86
8652
8120
6318
124
5800
296
20
1
9499
2486
3655
112
1
5314
1
4680
362
3323
3111
3802
3999
94
1
1
9186
570
596
1058
2000
4118
2
160
12
7
12
5832
43
7358
1
63
2
1
52
1
453
1
213
3
7
172
4839
229
26
3
2792
5390
4
593
1
7618
24
4358
6387
2523
29
737
1351
9791
1533
6198
7931
8837
30
6805
6855
2557
2896
2
37
7603
3974
3772
1132
5409
1
8390
1
137
1
9329
1
6
397
3903
7
4590
225
6253
2
5026
1656
225
4473
50
2
6382
9018
1916
8770
6302
3160
847
1
9543
3043
1712
9279
625
1
248
790
7194
1
4
1
278
5402
114
1
6115
9915
2
1556
755
238
12
1
1
2483
5335
706
2
8257
1617
7454
2598
6
7289
9
5155
1963
2
120
2
39
9488
4910
192
9
169
29
556
4153
1
441
2
16
825
606
3805
350
10
1760
1746
21
2022
7289
7
70
3152
1
3834
5124
2
4448
6572
3
455
10
11
6731
418
2871
1213
380
2
8230
969
388
1294
177
2138
25
4721
2907
904
5248
763
8427
1
2
96
1298
1
2238
487
8135
4441
5724
87
4847
1
59
9718
9654
1
2767
82
3209
7419
3
116
1
9
18
19
1976
9477
2563
1252
9519
7068
1
222
22
664
1504
3
5319
4249
146
1528
6081
53
1716
9713
1
4858
6
7119
1
3349
27
4
78
3966
8560
9
101
206
13
4
2816
6665
3
21
3638
8791
4970
1
1
8465
4
5318
4979
16
1464
37
1202
1
5080
278
2584
23
407
1
5516
2
2960
2374
443
2686
8956
1
8799
1
1
3121
9
2
4636
4
2548
1
3616
434
17
11
32
9750
75
6730
4673
12
409
12
3712
9807
2336
7
3072
945
9885
690
470
21
6194
2
2
6214
9535
6
3523
5025
3040
1
2
5869
325
4940
3
3
5
5836
2
3
9
1475
261
5472
3898
8552
3
252
3227
1
8256
2
1
12
70
22
10
2729
1089
5406
2
2
2710
9388
1335
2743
3
8954
5
4996
386
394
920
1
8903
12
6589
4330
8265
4461
2
5275
286
566
82
1
20
83
11
5306
2
540
9
14
3
6604
2
1
104
5467
663
8
7416
5532
6628
8973
3926
2
1
9368
7928
1
70
263
1
88
183
3236
13
140
4015
8461
12
2394
9
247
17
6028
49
8323
16
4
128
10
12
7
10
3711
862
679
1860
11
617
2
5102
7521
1
4943
51
13
66
95
2885
6297
1349
1
1612
5
1
3166
3938
6241
2923
5
2561
6862
3
1
241
856
652
55
3490
169
5730
15
2479
64
5676
9600
2373
140
1
222
7446
82
4967
9138
2
8203
5772
189
30
151
2
5420
2
4090
9606
56
1
621
11
3386
9402
1
3967
6189
302
131
1
1004
1
55
6077
4
9
5803
3466
9114
759
55
18
261
8531
4558
1197
6
2
2193
2232
7
4711
1
128
975
3075
30
554
14
5497
483
1447
678
8519
16
10
1
132
1
16
247
2
158
639
1755
134
10
8895
650
9637
9816
3
3819
7407
333
2281
9204
6634
1
5897
3231
5488
6596
86
940
14
269
6811
1
2
1
182
1
7589
16
2521
7333
29
1748
1
35
2483
27
4371
4
836
1
8872
2554
27
1
1434
33
137
4029
9297
170
6785
561
2
4
4
1526
8938
4539
5311
1230
5
19
2
4578
92
4
3606
416
1
488
5
7513
2161
78
8347
7898
4886
1012
322
36
110
11
1062
1
19
4893
126
163
841
7
39
413
781
3
6506
9926
688
1
2556
73
3930
1248
1401
541
43
2
4085
37
32
7483
7
6
52
1
5048
381
186
72
4934
5
9412
3210
3737
24
3
1
3536
4
3165
5430
103
541
7338
28
1
9461
675
5388
5
16
15
138
7304
7
348
775
3
7562
16
2
75
9
1
4477
14
67
5
2539
50
4045
55
7823
5626
5162
5711
98
3468
1999
3946
4441
6
5713
3935
2
2
4605
8
3
12
4530
8950
20
192
134
100
1
326
94
10
69
3834
1052
41
3237
1
1236
11
7914
1804
8386
5534
7
11
980
110
83
6359
3833
5815
2
1226
1
1652
616
9196
111
5175
2
7380
8519
2
487
689
87
139
9239
3
4189
11
60
8098
172
6614
6386
374
57
6
184
23
3743
7252
17
2234
5187
3847
9159
26
5587
17
440
3262
790
3990
9213
5952
1
1
9851
5
106
3078
6
203
50
8700
140
7
2
74
392
46
474
338
6490
5
20
1675
276
11
5822
2578
3
6612
3469
1
714
1960
1229
5293
115
22
93
2
68
1
3
484
8353
14
9317
7238
4
7
3590
8600
4649
8
137
185
2
28
7625
17
7
9327
9602
2026
5
3
8210
4
68
4629
2
201
1784
144
79
4360
11
4309
28
2
1
174
8914
5
71
880
3946
1
1530
20
1
1
854
29
296
7496
2431
24
9
3860
5
6320
1744
4453
3532
135
6994
6
133
5
3
23
7548
9925
2
377
162
62
3110
6
2
966
117
2
13
7894
11
8096
40
9568
9329
6577
3226
1636
4909
202
7
8495
20
5616
7913
304
15
8885
1876
615
3103
8
8156
2014
1
6216
3
1
1292
9
2
3156
1619
25
8780
1
33
875
371
2672
2
325
2815
8817
26
3
133
5462
18
59
2795
568
191
2
718
281
1
9785
2
239
5
8004
2
20
85
7633
1427
9055
600
196
1
6075
8
1032
19
236
26
97
9091
7913
195
9667
1904
2419
5693
15
10
4
7219
1203
8634
3
163
1770
6733
7
2688
7256
1585
2
1
2944
6
327
1010
5931
32
5
3558
6109
5504
276
8298
3999
294
1
339
3155
1
3
2237
4
320
12
5354
16
5671
260
7
6984
273
395
20
5091
337
4
2376
1
7
1403
9636
34
2
5
83
592
257
3080
11
656
3948
8317
649
3383
16
8993
4802
1
9
36
2
5142
2
7224
4214
4
7579
109
6
6702
1
2
2724
2930
19
42
1763
332
38
3009
7324
3
17
7020
1817
1278
8764
4946
3
882
8625
1
5320
5
3654
3496
2669
2
2
6200
20
5794
2
30
3264
1
4212
70
2
19
19
10
9296
1978
1857
1
56
9317
363
4365
656
7943
25
3
3
52
33
17
1
5656
6172
1
1806
9646
2
3397
3
746
3
1
7930
268
27
3
471
35
1
1
7
3640
16
1
1
317
6
5598
2
4
16
6
2
152
575
5596
1
639
7
1
248
2
51
1
1
82
1136
5362
3042
1068
918
6746
62
1
5
4
151
1
4
1
8607
7552
7513
1082
2
2887
5307
8262
11
5422
7233
3852
2
4
1771
2
6629
324
1
3581
12
2
123
62
5688
2919
2481
7784
25
5799
1023
1200
70
1991
93
3119
1
2868
1547
189
30
4
5291
9856
19
25
7
989
4002
7398
1
9611
3120
27
570
6507
13
1316
3
2945
53
2
1
2
2894
7479
2
2320
9911
4821
13
9430
7728
1
5822
144
4542
22
6935
6
8
375
9284
3
7980
536
7312
4080
125
773
2888
4979
5840
6371
6049
4
419
31
3512
9821
1
1
4296
5
825
2
1
1
232
29
14
14
5
3860
6736
2826
1
1
578
126
104
56
29
9488
3377
548
2
2163
500
8780
299
416
73
11
1
1799
15
86
1664
2381
3273
309
6
3090
9444
5255
476
1
1980
1249
559
4
5197
15
3
3316
68
8718
475
8118
1065
4
5206
661
1
3934
26
5677
36
8250
1
1
5
9884
7460
6937
3243
4095
8742
8654
3210
8063
141
7636
5694
7
1
3
8630
1005
1925
2025
6495
11
2
7
401
5909
17
1
4623
15
427
1367
24
28
1090
7
30
3
6
5937
2425
1
46
40
1
69
30
6960
5810
121
466
4
1356
119
980
2166
2775
5
5777
16
3355
165
239
7020
3180
9157
8375
9568
4135
7984
5435
2
144
6375
929
281
973
319
4
6792
3
8
6
4589
695
16
134
91
1779
17
83
3250
22
2
23
3428
15
193
4120
6
2873
2
367
5140
102
168
6
10
33
2
128
9801
12
7654
6685
1
2
389
1
1440
105
1
36
39
4139
7196
5893
26
10
1320
6881
93
32
6215
3207
9891
40
6
35
16
1521
3568
52
5
25
7786
5
8984
2
1
56
2
5
5
152
8466
1
8
6572
1
2502
1
4260
3855
114
1
2797
12
12
6795
8
230
92
6
6394
1040
1
13
6964
3
4
1
6
1
5899
4866
58
8422
2497
7975
6989
2
1445
1668
4
18
2313
8
9584
1
9568
45
9487
1
7891
67
2
77
7
52
1
1686
126
147
2289
16
1493
6
143
1
8921
6
5
217
3
5
3
7148
8
1866
1517
6417
3395
127
4666
5693
528
6
1
3
5309
19
544
4898
1
557
4415
8685
4464
106
5265
3875
5153
8502
3774
76
4404
3575
3
4095
95
395
3709
3001
1
8475
7381
1
7651
3288
1
1
2784
970
1
3788
7
192
29
422
353
1991
15
223
3
1119
4
7080
2916
11
4060
4
5696
9
31
75
249
3389
577
1756
8611
1
8259
232
17
63
29
8586
292
9907
215
207
1159
284
9288
3169
2941
16
1
3225
2443
890
9475
9075
15
26
1365
15
1298
2187
2967
720
4019
4
38
7
2
6952
7270
6855
97
2
3288
194
27
1
98
1
7706
5676
3375
12
270
5260
47
22
33
5098
2470
1
6
3
7002
385
9905
1242
7353
8634
8367
9512
9
2867
51
3
6329
1
1
4047
4
1
9716
6855
3
3
1
1287
6577
17
69
503
6906
4
6888
702
269
287
5110
44
285
108
923
5219
4
1030
27
5673
1
4713
1465
25
1
7520
8451
5906
1
11
74
3312
87
266
3995
9214
6
7875
9651
202
1009
4
9988
2886
20
5
13
415
614
649
390
5089
4410
18
2
4962
4808
2
17
1
2188
9312
1385
226
710
53
3
1
5600
4864
121
721
9770
10
433
1280
57
2050
8475
2608
4159
1660
8556
1254
297
360
15
158
4
2
1
1423
186
9117
8
3372
259
2
2056
1
212
3
33
17
9593
1
3105
2122
9926
2
708
7654
5417
3171
2702
194
2
264
3334
13
5695
6391
2659
203
17
2
6
8
7828
6632
6
9063
969
2511
7671
17
147
616
1
23
177
227
9229
139
1
6497
1800
197
5
6979
534
6399
7939
12
8727
6713
177
3842
7782
6431
1
5515
1
154
665
1
14
57
31
3867
6717
6032
256
599
7331
3
5547
233
1
3
67
3904
1
516
317
9549
10
1
1844
31
9
1
4
3414
8427
9
2993
132
8469
683
17
727
7430
1144
207
269
1478
1
1204
291
4
1498
9654
830
5621
2
10
3657
8549
7899
4294
3
1047
2
1
6928
7182
394
3
8
3277
218
5002
2
1106
3716
43
5977
1040
4652
8
2
6546
8498
431
2627
6853
8
6151
6223
2115
22
6227
5
3
7899
7730
46
192
1854
2487
5
2
348
1
411
5755
208
529
9379
2
510
236
7055
1
3817
20
4
7
235
7
128
6005
2
6
136
291
1
6375
6416
1262
3
68
144
1
2
2
2
45
5332
2451
3
2675
108
740
6127
11
140
3361
1426
1197
2053
871
1
6148
1291
7126
1
21
280
1789
3005
3865
6019
2374
5279
1025
29
1208
3
3778
8644
8014
9851
2
1909
5757
19
3502
4
616
4
1756
511
501
5323
1
2006
15
3
160
258
2
1
766
6402
5395
2394
8453
6429
3
288
99
28
22
815
7
9069
9928
1
6383
518
11
7110
153
2792
4048
9452
6
6864
509
112
4
9296
1
4484
44
6923
2
15
5449
4713
706
4
128
2
5219
9349
274
6958
34
5083
7919
3605
1
3
883
1658
9837
1984
6378
8749
8750
5
9434
5
68
7589
1607
15
346
8351
41
1
756
9520
8
85
3196
6253
2
2911
87
2020
27
7443
1
9975
8543
25
1
2343
24
4312
8480
71
221
522
166
441
4424
875
1
657
54
1228
9173
25
9711
3588
1
1
61
5458
1006
271
24
5
8747
4
4096
7097
24
1
4579
9468
487
1
3360
6
1
333
580
97
1064
1
4624
8754
9275
7693
2
272
3
793
8441
1
29
4682
300
10
3385
57
1195
7588
9149
6499
9919
5229
8374
568
5907
144
1
5293
2
16
7711
1
72
16
3288
1245
837
7
245
1
36
2
4
8
3
888
4550
484
5977
5
261
7416
546
458
1641
3
7579
6070
4831
4636
396
1
60
1102
2932
5142
243
869
18
714
5086
713
5946
90
1
4
5
3
2887
65
4
2492
18
189
1099
2
74
7150
8494
3572
6991
1266
1
1507
19
1
2692
1
1165
4167
1
6712
1692
4717
5307
30
18
2767
7
19
8818
4921
1015
122
57
61
1
68
1516
1140
308
9856
1
30
3991
7990
2
95
32
2
6048
8666
7
1
361
287
450
4880
4
596
3377
6478
6003
501
802
2108
5737
219
6335
5595
9969
1
430
6112
1142
2
7606
6
4504
6
4
5773
1
5993
2349
1
1
3855
1687
1044
5194
52
6497
58
7838
5
33
6290
11
5
1771
39
7635
3531
663
90
7828
5
6
1369
3396
2484
3548
2062
31
23
2
7
9712
2779
3355
4417
4259
9
11
1226
3952
8041
3
9526
7815
5506
2108
3072
11
3
16
8392
1
5
8889
16
9
2
1
28
107
9846
3
12
2925
4109
1
4
1
9325
4504
5
7160
9571
2232
2038
1337
17
32
111
445
551
4
8249
2539
4295
288
2
8024
2
508
1
526
35
1747
1
7396
3087
1
6989
2018
4549
1701
19
6844
5780
1
7664
2066
3
7413
1
56
18
2792
4533
8950
40
4580
2
39
55
6
19
628
4803
1
138
62
964
106
52
5022
60
6957
9553
5809
398
3394
1481
579
451
979
8
3053
2869
31
169
697
2121
1523
2831
355
2736
9277
1404
1
4439
4739
820
4234
15
107
6448
1
6960
1
19
94
250
8
69
5184
166
12
1
1024
323
1426
981
2
74
1806
1464
57
8997
1291
465
9513
3
16
9612
4340
5
981
5
2
1
3951
96
2
1
2118
1361
273
5810
1
6086
440
97
13
9
3843
2
9739
3
446
360
5852
272
4794
6
6
21
15
181
4
396
6264
9833
1
8683
15
7
9777
586
18
3
5362
8395
43
3
3423
8007
9938
1040
9436
19
1279
5124
160
771
1
9025
1
254
148
9826
8807
169
1
2280
3231
524
1166
391
8917
2
6004
7723
8786
627
1
163
4156
1
290
7
1
27
676
10
3
4
2
86
2124
2
736
131
3436
5
3777
1249
12
2
36
1239
270
771
2818
4749
7866
5765
128
443
616
2638
3
9
12
75
3383
4
2162
1
132
2711
3
2829
1180
1406
8
7900
24
1451
3088
240
25
1
267
9955
11
1
953
6169
1
289
3729
96
6840
2
4643
423
15
9220
17
7220
95
10
235
533
1
93
24
61
9199
146
5329
3457
38
2301
161
301
55
6700
32
1921
9252
2873
3301
9847
2865
740
890
67
19
1857
8399
3
1553
25
703
559
7769
6
1
5
1
231
5
70
10
2498
338
8522
2829
1
255
2
320
23
25
26
2
135
7631
17
9760
4
2
2
2360
5
2482
4
1653
8301
2
4446
40
2
23
2505
5
46
752
1323
26
1
209
1810
309
34
74
7013
387
1
14
19
2
9355
9342
3421
230
2
9317
1801
5580
2
404
7
24
525
6764
187
14
4
9416
175
678
2430
1752
6
4929
36
587
173
31
2565
6691
2
3
462
2
2930
6459
7054
8155
9
1557
1538
29
3
2
42
2654
8517
6174
6772
2224
1
2
2550
1
9
1074
77
64
5824
828
864
55
8162
1360
1
3520
2
1
345
24
1
9497
21
5014
6
24
22
64
9907
834
4034
1
6920
1191
3007
374
4149
4958
1
716
927
199
8088
192
2181
7769
5543
45
21
4704
2786
5714
5000
9551
2593
120
2025
6405
8287
23
5
113
3
1302
7924
11
4399
1055
6678
19
185
656
30
242
3
1675
1857
3856
7520
6722
16
8972
581
1338
65
406
501
110
9497
4238
1197
79
364
5
7509
3
6413
240
139
723
1
130
23
9794
9278
5924
3525
4109
640
8712
8178
2
4327
5531
11
2
3
1217
1829
251
4
18
1555
4424
4
44
3
5
94
3
1005
1
9
1980
8
2063
2
7237
2137
8158
803
5
31
834
109
3974
1
349
1500
579
233
7566
8953
9
2071
5162
5265
2234
31
7
7038
510
1
7056
1
7679
6789
60
5
4826
7547
2376
6300
1976
1
6305
2904
8231
49
1283
993
3463
9640
3399
6091
12
14
2
21
1279
1
9054
168
13
9
1
2368
8882
5945
344
42
257
3084
939
1
8513
1
3193
2
6
174
9955
9402
1198
38
4866
3263
127
1577
4649
5
445
1
5348
2506
21
1
3350
8106
4427
1
3719
2
57
6912
69
271
17
6
7210
4
187
1
3230
8618
7802
413
6
1080
5834
46
8495
364
6
5256
9
14
1
59
9
2381
6533
437
1144
5923
1
9621
1785
7136
6
6
1104
16
4600
9001
11
3
4183
1398
2840
9807
238
1
2
4812
3
4
2726
7078
29
18
4350
974
4545
7287
5579
83
1
4390
1
8954
547
153
16
4050
2
6649
6106
8269
1
2297
126
11
3578
3994
9201
3744
1
1662
5595
650
2664
1
876
2
7335
1821
2
118
5295
7709
8
4427
658
3
683
10
265
2
132
6
2
63
4308
5740
3587
3784
105
2
46
215
20
9727
316
2
1
28
39
2
4
1
7438
3
6506
4594
1
575
107
9143
654
6055
9696
5
6589
2
102
103
3
5926
2001
25
85
8397
1
6573
3
14
8101
1799
5
115
1
846
34
4132
654
10
9
991
9266
7125
8956
1124
1417
10
6563
88
2524
2
2997
1199
8761
85
1
16
8507
1
374
1
4424
1115
34
9058
6478
489
2572
9
4
5200
16
979
12
42
2
8704
79
2
1
2974
4
1
3553
58
1051
1879
2
207
6
364
5381
116
7300
1
3041
89
16
8
5
1807
5776
34
186
8518
1
4515
3539
1825
1735
13
5999
5156
7
1
2
11
10
13
1
1
287
547
5694
2
1
3772
2853
2
6204
19
8
9059
4814
20
728
3889
3
16
320
59
1500
826
184
6894
9655
4368
1913
3
237
538
1130
7125
1374
5
4580
8244
712
7954
2074
1329
7968
207
114
3
9345
1
7968
32
1
2
5284
18
1
1028
4180
354
6
7244
4537
400
4
4
1
18
3
50
1304
7514
2
7664
7107
7308
2392
8095
1
5879
3
682
80
6
8028
223
24
360
1
6
230
3927
3274
4113
3
658
5715
8084
7501
5
4
79
746
1399
7032
1
159
1
56
5743
8
1123
4941
9
1
250
559
4
512
13
1453
555
22
8162
3
3119
2
1
346
7
5
2
1833
2839
8001
39
105
9585
4518
18
435
2667
1
3864
6007
1
1
14
9746
6205
2
9327
7816
2
5417
3662
3
87
86
453
2000
402
6
13
7258
33
739
5
3233
1
259
9264
2
2456
343
2
2279
10
2482
980
2
463
9016
507
2
2958
21
2
1888
4847
1698
1810
4938
23
770
1881
6013
2094
412
14
265
95
161
8924
8458
7820
131
39
1586
21
9652
127
6837
6823
179
6126
8529
3204
3243
1553
1
2
12
4
54
9956
8203
258
5570
2796
1671
3383
1
452
9
448
2
544
9866
6569
335
9
2
147
2740
471
9948
6806
684
15
1030
11
9
6
6
9205
5
49
740
1
34
3603
1
1826
3
2157
10
383
3
2620
6032
7682
1
11
1960
19
21
3
341
284
2610
15
16
5952
1038
760
8457
2
813
2
42
3235
10
4449
4
6240
2371
2890
9808
2860
3
1
1
76
2968
3756
89
1870
91
314
12
3588
7
12
3642
3868
8715
18
1837
59
2
1042
5685
13
2617
4359
6337
3
7345
490
2051
4665
4
6
1023
15
45
87
8657
1
3835
2663
1
1610
8326
2747
6640
92
97
726
109
111
8406
12
52
2
4
29
7716
5633
7923
11
1
97
2205
1
38
8441
1
4157
713
104
3
969
5785
82
4
7
203
9
1879
539
1
5206
3997
2
2766
30
51
2164
5872
8703
7057
8338
6
1
4
8
612
4
1764
1726
176
49
8435
8
238
6636
2650
152
4599
376
3757
5730
1250
18
5665
79
1
1722
8417
123
3979
1950
7891
3
3
8224
2705
2242
2
6161
7
9705
6
443
3985
1920
2
59
84
6887
1946
91
6432
603
9625
31
1056
8
1249
9683
9147
5
864
1
1514
668
120
213
1669
4817
2
2
7
2
26
8168
25
725
1988
727
6490
195
12
116
3556
6439
3073
3763
2400
6
3674
1591
3
6640
4227
4896
5712
5064
6340
1
5541
9
4076
1
40
1
1890
2702
6835
7
3474
66
5
53
354
2
39
906
4528
7534
11
4
27
972
6803
1
1554
1
8
6950
410
1
148
11
1
4
8
7073
4631
6420
8671
1
8655
171
3
526
284
8630
11
1703
9658
244
3924
104
2352
3
344
991
23
1
1
891
1288
8450
8108
20
15
1209
7
4
128
9804
7519
152
142
8584
26
3
3228
1119
12
9
1
1013
6780
6708
3
2
12
10
4316
34
34
165
1
4538
2
8
112
2563
230
3176
7261
132
275
278
374
1
105
3721
816
2830
2392
6215
10
3983
5787
313
7
492
1038
1
9
598
126
6893
4977
657
1
7
13
5
5955
622
7768
3
9
136
31
890
25
5514
1063
5686
1
22
15
7
284
4695
1
284
5322
161
48
29
4995
3931
3948
443
22
6816
1913
9226
299
3798
6475
9164
9504
698
3
907
1510
7911
9852
8
163
65
5301
1416
4
2294
6581
137
5965
103
356
2709
748
2
5887
1
7986
134
6940
6967
7360
9704
1
2460
10
8828
351
5
5926
363
124
1
324
170
711
15
12
5566
1859
463
326
4926
3462
1008
7424
31
4610
415
1767
1
5219
2186
72
9
22
1
64
31
3341
9224
9456
380
4956
24
1067
37
8159
5
14
2240
10
114
3214
8488
3584
2848
93
965
35
72
9
3
2
563
7621
149
6939
7033
5382
4
2479
3048
6669
1
5
1189
1274
9001
1
4820
140
7830
13
1
1
8147
140
224
7108
3261
501
905
7480
1722
5339
1512
3774
3441
1
1256
4
800
503
121
688
7184
2
117
2
1586
2
11
6548
10
7712
1093
7
1
2090
9829
8969
9
3153
291
677
4716
32
14
15
1137
2
3882
1569
2490
2
3782
4172
834
1496
6818
1
2720
15
7486
489
1
28
10
7566
5122
6766
45
54
81
1
1
5
1274
659
1
32
10
3
5305
441
58
1
3403
12
56
8931
4358
4747
6
1841
1
1584
4095
1
8641
1906
1
41
8757
17
9665
34
6520
24
3
2290
1
5559
5
6404
1049
38
427
5907
9754
4958
9744
4
8121
3087
3861
8135
3154
1148
9740
8704
5553
1
2916
6301
5559
3146
569
2
386
942
3
3018
7592
64
1388
5
7231
2045
297
11
7
8418
285
7873
1468
2
2608
2674
2
8137
82
4
3629
3058
32
4
3
3827
212
853
1072
400
7
459
7612
2159
362
3867
720
40
3912
3
9
2458
1
1
1
6
844
766
2936
3379
6935
2419
332
4745
1098
7015
527
6613
12
4263
7149
1094
2788
8015
92
1061
1835
1050
7716
870
7957
7603
589
6455
3
2993
225
1
1729
6
8210
7017
1
8556
7904
8139
1190
805
25
18
9548
1
35
19
4694
1
2620
1
6134
7667
6940
515
2
9947
2709
7440
7295
40
1547
121
903
1046
2598
4
2
6
3
3
2698
3
244
76
61
7116
3057
4085
239
40
7861
25
9587
898
5
2
35
2
9636
7515
62
9
3164
5987
13
2
740
7208
7777
5
1
11
2
1
22
37
1
4605
8279
9628
1
12
129
26
1048
179
3964
124
4
5853
6507
3
6620
9822
8525
6687
8
7
3680
9
8352
1
5940
2994
1
2
15
7096
1731
2275
116
5539
2362
1
4
8
5432
936
13
57
12
33
11
1155
94
9345
1
43
8893
6
4
61
7083
75
133
5
5376
791
29
9260
5168
55
69
7985
14
9836
25
1
11
2007
34
3351
16
4
270
3
7952
5
28
6992
17
148
1
1
1628
4080
2345
9852
1252
183
8618
9624
2
8069
182
133
3467
9196
6515
8677
12
6326
3
960
14
6577
276
13
182
8409
3
2
24
23
2646
1
2799
3203
237
1409
4474
14
1
1
19
62
6
31
6516
3
862
17
1048
8350
4395
80
5203
1
3439
9720
6498
8019
8988
3
5818
9203
14
1292
9789
10
3149
1
9495
254
2
51
4148
81
9337
2960
1
7391
5018
1
8907
41
564
3783
2
5843
15
1
286
88
11
1287
500
3
109
1421
6780
4978
292
7689
7
13
2
576
3094
78
4118
9538
25
12
21
4
335
1
19
2745
2
1918
7879
1539
1603
23
5039
6021
20
8711
2
6
16
5048
4
492
667
1
4731
2
1844
1520
5417
288
1
1
6225
5030
5971
2
9
362
9104
2
1718
2620
10
2
3
23
7439
452
6729
3
374
1259
6800
3002
1
11
1039
7248
5515
23
19
6002
401
3
3
6265
1
8832
1
37
75
8704
1312
7291
8343
5944
1
26
6735
2980
6781
8018
1575
1
2169
7077
9737
2297
6062
189
1
4892
1604
365
941
9778
1871
30
6991
217
8483
699
1
119
6
1381
179
1
2
3552
1
8518
8
25
1
8
2
90
1
18
521
1
13
2094
4
1620
48
841
2
5728
6623
15
1
8
582
2
9387
601
9934
1
1
880
1823
6397
100
39
9
687
3313
4904
1794
6
1
44
9
2319
3
1
2
38
1
1746
3
4
958
7880
50
101
92
21
3270
59
901
3
4
87
625
1
6331
5165
3
6
7036
1065
10
5904
8789
6845
3
2
23
1
594
6555
1943
6835
9690
1
2261
12
9234
4286
2822
4872
48
32
26
6
7480
9457
1354
1970
4988
7
3337
3
215
368
1
3
1198
1
32
7000
944
63
6652
83
19
133
8985
8
1
4264
1
1
1
6015
8845
5
6658
1
9902
8940
19
476
4676
71
537
432
8757
40
233
7159
11
7867
3
964
244
118
186
33
4628
8737
9689
1
14
795
6089
79
24
1374
511
30
607
105
1413
7041
2772
59
19
9721
1
4541
4962
261
192
2562
7314
1
7455
5645
4
5662
393
4036
1
7
7622
1438
1
7457
8
733
2253
8366
2924
9
2
799
93
92
1
21
2
1493
3497
1488
1
120
3
111
18
1104
10
22
7454
73
1308
6721
4526
4194
1
7553
3754
5310
6872
48
4248
24
2920
1478
8151
14
3071
6143
1239
3370
1160
1
3618
7260
40
7656
6546
4409
5336
477
3445
12
2
2902
3
7924
1
8928
5
9
1802
666
1
321
108
59
4
3
2
2662
1392
355
8263
364
1
2888
9485
2154
8653
279
4328
7452
6046
2191
3990
3
7650
10
632
1
55
4422
2194
100
9239
3895
48
4
6386
2435
7669
13
22
2
4005
1430
2
10
2891
3881
9427
305
7368
3944
6975
49
1249
6078
9130
678
5
1677
69
3279
2
2888
2716
1523
2
1
9709
468
24
1
114
5292
1
2437
52
17
1
6534
1
2749
174
2
9
3
4640
35
3123
124
1
7608
8
70
3657
8413
1735
5505
1860
1496
9525
4039
960
162
1792
3870
106
3
5
5898
9919
1
7111
2874
38
1050
5657
1830
6869
1033
113
1
8673
722
3
9034
9799
1
3
857
121
3379
2
3
38
122
5987
6949
32
8054
4821
303
24
7
39
2820
1
7103
37
3613
3214
1
14
1
1402
5
1
40
1
2320
2
9419
1107
113
206
1252
4163
9842
3831
1
1
5552
632
3
2
2
746
2683
2
2220
6502
1350
2617
112
8888
2520
11
471
1849
2
1
187
429
54
15
344
32
1752
5
3965
18
3
32
45
41
1389
106
4121
7
2
4786
4
221
1
6503
1
13
472
3
28
8648
34
1
4
2
5392
29
556
8425
2116
240
728
9515
2732
6242
4
1
97
5979
68
29
3
4
4895
5
189
2
140
2410
1
1167
9696
5634
2
860
405
5341
23
272
3382
5133
3
20
6379
89
3
34
223
9666
173
7364
5296
581
6489
9473
734
3833
1
1
6766
1
9830
5
520
4533
10
8363
102
18
1536
2761
9737
3127
8
6220
9
2969
3563
1
5
3564
3889
7294
25
289
8
3
4
624
4605
904
5663
7215
2438
15
29
4189
9066
1
33
2142
2
107
476
380
2111
751
98
9060
48
21
1
480
160
8608
140
5970
2
2
9
277
1
1
9
9
8
4769
5108
19
1
6
1
7548
71
8853
5198
381
547
4852
1331
2
580
13
5
1
8719
4
6467
197
30
3283
7
26
5468
8
1090
6
220
326
9221
8494
11
5174
5240
5288
7172
5985
802
8
1787
4968
10
14
1517
14
348
2183
387
6668
1
39
7184
2236
6025
1
19
3102
21
3
109
504
1
518
3
52
1480
8158
1260
1
1
9071
188
8636
3
9577
169
5494
4
86
7192
2380
913
3796
632
93
5044
24
1
506
95
29
2746
185
187
7177
9
89
1
7
8954
115
14
12
10
9976
4
1
31
363
5
356
214
538
11
176
11
9626
7813
231
4522
2
833
1
10
10
13
9834
8958
1
1955
755
2
4741
1253
272
5281
7851
2
3696
9479
67
1
176
7970
1135
4010
7808
2444
1419
148
1
3328
20
127
41
6540
7
56
3763
176
7
11
3083
3008
2
1115
6397
8224
2
14
291
8167
3540
9455
298
4
729
2
2813
38
9049
14
9607
9060
19
7604
6589
295
8284
8039
74
16
8770
2071
2960
2313
3788
1
315
36
421
1247
5631
1
1
6191
232
1
5
1553
5979
1
7718
5519
4
3669
24
9413
1
7943
134
8078
7468
19
25
650
13
6023
6358
4817
1394
116
4961
8671
8636
3020
2
9
6
3617
167
14
3
1
2
7
94
7036
8766
195
3291
271
2095
5386
3362
87
587
3573
2631
7376
4906
19
10
25
2793
1
9
37
1
8411
57
7
10
4
4284
1
1
10
2
98
7793
3020
23
93
2
1
72
9404
3
1161
1
19
2
10
9608
1269
39
1
51
872
279
5
3
3216
9902
3
8
6610
2173
8591
9124
2449
7443
13
1
2130
7637
3290
3047
7
32
302
1
157
8
8892
1
1
41
5928
20
5689
2273
8436
2
4
1450
13
1
6128
5
12
3874
7178
3
5281
7752
3
5359
7
9896
1
4
1950
87
7606
3742
10
4
1
3987
1760
2
483
328
3746
1
1
4305
9030
2
208
706
4113
4647
718
1263
4445
7
557
6376
2
724
4
9833
59
1435
44
43
274
2
4523
4787
7290
8905
5070
4382
100
9
8440
1637
1
2208
30
4
645
8139
1
1625
3681
4
1
33
185
5042
15
6181
15
4032
67
15
5317
5
8067
3710
11
5527
4
33
3
3673
5637
31
55
2
2245
7408
156
13
8227
2
46
314
10
44
37
1489
1
8
49
320
1
582
3
4235
1263
150
6
8091
9
25
20
12
3555
5273
3
6113
1314
191
8
285
13
4840
1903
9676
5202
9
23
6410
1245
5226
5441
2
9443
38
16
1201
132
12
309
3887
1
5118
7659
706
2522
294
674
9456
9916
6250
70
3221
4479
4689
11
4
1
5062
7587
5188
3
5100
8969
2250
3392
9
580
6
6411
6567
1408
9633
523
5155
1
1
1410
54
3
9
27
1
1
99
1
7520
7265
3210
3112
7616
8249
1644
9732
6916
4915
7921
976
66
1
4
123
8611
6843
27
43
4595
9559
2
7631
9505
3
1771
52
6
6
1180
299
11
6
44
4398
6019
8
9136
6924
2578
143
2534
2
5
6882
332
64
8200
1
2
145
2279
5607
17
7888
3
1274
3439
9130
4726
750
1718
6688
7991
1
98
8497
7
38
465
7665
127
4
12
7650
84
9836
6037
44
59
7000
3367
9153
4508
4
8085
708
18
1670
8
28
6337
3770
5
32
5
1
1
1523
587
27
6
3360
8046
22
45
11
3
1962
29
4681
206
334
5432
3157
365
1
1014
1
2001
1
3
16
471
2
708
5818
2
1
46
2
219
3
2316
136
51
4
2
16
225
928
21
96
9924
112
238
2952
4213
6045
3512
3
41
8225
820
27
60
3190
3474
37
19
9018
959
18
11
3184
53
5074
9086
1698
2887
2029
1492
6926
4
11
1698
320
6807
5262
27
5177
1
9345
37
7636
1
546
292
238
53
2
10
23
4694
5
4402
8809
6217
2
89
4740
649
1310
1
698
3183
1
5531
365
7395
2
2715
7291
4031
3519
2
7
36
3701
40
3662
3
17
17
1
6757
4490
509
8863
8
5171
6831
5
1799
16
1386
54
3988
5403
23
8295
13
1344
1
3120
2767
2
4708
1
9375
603
3
2394
55
2
2361
17
1
5831
52
126
1
1
2
1
2777
5703
1397
1
4
8
115
2
39
8
7212
3
340
10
9
9233
5
10
1
5
3390
8
9033
8412
1620
583
2
9040
587
94
6
2159
2
244
7
5
32
63
2
142
4704
1156
5933
1
2
11
2543
4931
2
8875
67
5409
7187
4266
2496
111
631
47
2041
3705
8
5737
1106
1
2
7
4
6422
6891
10
7506
5
253
9243
3155
8502
147
2291
5000
1
51
1442
2
28
2642
23
1
4064
751
3498
9047
2982
7181
62
2805
3700
112
9919
1
6
7
1019
2
4
3
7040
2
6
8
4749
6469
1
73
91
6
284
661
1
6355
2
236
6603
149
771
12
6992
13
1
1754
1637
4824
644
195
17
7145
2
8034
316
8342
20
3114
608
2032
5
2144
267
483
6
5037
1882
461
41
20
50
1
2261
6831
6352
189
732
7078
8
57
4552
4235
2
780
1
1741
4128
32
2130
9554
2778
2
6034
4679
7258
4
2
1
1
73
1
7050
386
4
4
7178
2055
1
5736
3
1287
7248
1
3115
9158
53
28
26
1
30
5347
9468
214
7863
1149
4
4605
18
1648
2
3
5212
4
9193
1125
8835
7868
1
8987
7511
3737
7559
32
3
2
6418
913
4847
7809
2597
45
5691
29
4772
3519
8166
457
2933
17
3
3140
1243
4
1
16
3308
944
4617
237
1304
3009
21
8498
3
16
21
7619
5
41
3136
4
7494
2
6
36
45
1703
1799
23
7313
285
1153
5085
8193
7876
1434
1
4223
161
117
282
1976
2452
101
2112
8243
5515
99
4017
9047
213
2948
2814
1
1
3214
1
1747
1
296
1419
6896
1
2
2
86
1614
10
55
27
6470
17
3
6009
6
170
55
7769
61
2614
6
1
3
556
9362
6103
8695
3941
12
3
5213
8262
2146
461
4221
2821
847
68
1
1
5664
5444
370
8
337
3
45
5548
22
5393
5377
8227
7516
106
1524
4653
237
2183
7197
23
75
7462
3
9379
293
6768
4606
9880
2
9
4549
8986
7190
9119
17
8038
6
666
4091
703
1
9060
45
596
53
4558
4
256
14
5696
1728
172
4276
30
32
7839
8457
14
1760
5477
2
9749
33
6477
1
2508
3713
3928
5
27
4252
3
3895
7165
12
3
9197
2
1237
196
71
171
6764
9122
13
5
1604
1
6594
9742
3431
7
1765
4438
5702
3
2001
5312
4955
433
64
53
318
18
2
1
2956
7541
17
450
4
50
1
5
7017
4922
3488
51
5
7328
1
7321
9110
2012
91
2
8
1
2
1
1867
152
8780
11
236
1
5439
28
5464
3241
215
5608
1
1830
139
7513
27
3173
49
1
6
2028
405
8450
6
5102
1368
7292
9
9348
9992
5099
125
3314
33
6
626
20
714
87
3
4
296
307
5
995
45
3849
189
9001
206
135
9195
27
8353
9
734
126
8323
6513
149
3678
1
2728
2231
7457
4221
5515
3
55
184
3
7
2610
118
7274
4
19
4618
8416
1
6831
1
5016
5602
5763
744
26
1
7319
7228
8770
9
4
3
8962
302
2992
363
3171
167
1
1370
9391
20
7
249
1
4194
6
1512
9708
7
1810
12
6202
9
4860
38
3421
3701
45
945
4
2405
26
15
4445
7170
1046
1
4240
51
770
2
6
6
501
5033
6213
2
86
4
3
175
8829
2161
5
5349
1856
690
4133
1250
7234
3
658
8805
8822
97
207
77
600
640
276
12
7
1105
221
6163
883
4
4683
8936
90
1691
5428
1046
8276
3
466
119
729
4858
5038
2268
9010
3
9421
9667
1
167
9050
92
6772
7
94
1498
2080
672
2
75
2
7626
319
234
2919
2313
2744
8758
9248
5061
6299
7371
665
10
13
2553
8421
1929
2
16
1344
22
8167
1210
61
85
7265
5637
39
3486
2507
576
5500
2362
14
3682
1052
3884
9005
179
4835
3727
7400
4569
1137
1110
1401
1179
1214
4761
33
2
157
7011
4128
18
1
1536
2382
1
26
396
274
4768
1
76
6164
24
7624
2249
2451
2816
2849
9270
1111
2348
1
8691
1505
1601
8729
136
1
1
3288
1
6019
407
2451
7572
6044
13
1411
3967
200
504
3608
4493
643
210
2871
7126
21
2221
5462
7550
2320
4576
5
8748
121
19
2
2758
6
40
1
2
8186
7201
1617
1485
44
624
7865
1505
15
1
2
221
4707
7590
2
828
2
3747
915
5252
6
7253
272
682
84
7076
2854
3471
14
4404
2639
7690
3
2497
5196
1791
5633
4442
3245
638
296
1
4392
293
2994
9163
5616
1069
1638
1
59
2390
7533
1
459
1
9952
122
8548
7
7844
2431
94
497
9594
15
1
6880
183
210
146
148
13
4051
353
93
2
1616
5083
339
1
3386
4943
3
209
1056
5
2
5267
22
397
1
11
6571
5
7760
5
1
8
548
8937
9480
2
2085
2549
2042
7
157
185
1
2
12
3
3017
3
6
3943
5993
5107
1348
2
3659
3488
4674
136
9562
1
7
2
134
151
285
1847
2563
5375
215
6365
8907
389
605
8633
396
961
563
8268
17
1965
652
6888
4
4859
4
18
2331
4689
58
3738
3
14
1623
606
129
3
4
386
4
4
9510
7317
119
1
1819
119
6
1
9330
1501
3
9
1
5050
6969
4
2
4
168
7265
3376
3
1
4
2
3597
1978
7264
1663
8316
55
1
6323
313
20
1184
45
97
3
2
7
1217
2065
2
1
5541
8939
1
2976
658
81
9994
8
7
91
6162
949
1102
1094
2477
901
9465
15
2
5042
10
5055
9280
1196
7935
6
6
1214
6
8860
46
6657
7829
9101
4890
3824
4
1
2313
12
351
838
81
3
4
7830
7179
9113
876
2
4394
7
1
5249
30
7
88
106
4185
65
4890
5117
701
337
7223
4
59
5179
4
99
3666
593
2110
2814
8
8
6
327
2058
68
19
3987
1608
16
569
2130
33
331
1178
1463
6
1686
8710
3
3
1
3482
781
4
3159
266
469
239
9419
1412
8
4777
4961
2
168
5585
3713
3327
2281
1992
4
933
7292
15
5
7535
1
61
2592
5061
26
160
11
3947
56
3
8841
7794
4738
1
7225
6303
1271
13
46
13
9038
109
1
4200
7
5136
559
2
2
4795
6646
1996
2003
4933
4528
2
2004
1627
38
4765
218
799
742
13
27
427
29
1
5927
6540
3
49
30
1
20
8302
3795
9565
3377
7231
5
1
2
7733
38
671
9465
2204
935
8383
5687
2491
9662
72
668
9268
7
342
3
2529
608
9400
19
566
1
8634
2070
15
248
891
1
4021
102
119
2328
1685
7739
2608
2
4
1
1805
1
8225
2366
3493
9
4208
28
197
246
9271
654
14
3
1661
8850
2
6479
9224
15
1710
6
5
1408
2
433
575
1
2488
442
49
1
9246
294
7349
3356
2
11
1
1
157
7800
1
6395
1
41
2
1
6147
36
1
25
8123
681
3
46
4408
3484
209
16
7
12
4364
3454
4
87
4010
6958
9753
591
8
10
1067
19
7
35
166
4432
5626
7158
7881
3
85
1
6268
8548
52
2806
8
1
2
15
6219
9042
4292
20
4
213
1
1
6421
635
4147
492
7946
35
5
2368
9533
2
2
2
4030
8667
2
6977
1
1762
1
6250
8088
2672
906
200
1
2685
1
195
38
3712
1801
375
3872
3951
177
18
9738
3
15
445
4
6593
3
2025
1174
9362
1
159
4403
3
13
5045
7809
1
2217
191
21
260
12
7738
212
11
5
2
1
8490
2
6313
5334
5346
237
13
3
7867
1
7232
3
541
2
6833
4
1035
22
7934
223
2808
1198
4648
1
13
4
1640
8371
9346
4360
9110
2686
2867
438
871
1086
1920
13
3790
38
5885
190
4
55
51
3
8543
2779
27
8462
8734
5341
6711
1
3132
5
1545
6926
3
34
1
2105
3
1013
1
3344
40
102
2305
3238
1818
1
2
44
4300
53
2
6685
17
2721
5468
3376
8727
5125
5970
4899
8287
43
1
5299
1
1
1
14
30
175
2767
142
4756
2336
7966
2298
2319
6704
5506
29
1179
29
26
6507
9140
1
86
237
677
47
24
27
79
2703
1
3577
22
3460
5013
111
5410
779
9239
6
9146
16
1
49
34
3608
3739
4038
8056
8551
1
5
45
55
8
1963
4
5629
174
3
11
3383
4420
7645
96
1
1
8
154
3
9049
2013
1
5
1
2882
6925
1
7250
626
11
368
4967
8839
2674
8277
985
1113
8258
1
4702
8079
7996
1100
9136
15
2
7387
8783
3327
19
26
2
7508
303
12
1
64
8137
102
8772
3
6451
385
5474
802
1279
392
1294
66
5465
2
590
8
5681
4332
351
8
1
3477
9223
1
161
3251
4
103
1
25
17
3869
30
254
3
1487
1
8698
5
13
7740
6289
1514
4225
4336
8166
4841
5827
1345
4988
2
3477
15
6575
7953
8
2114
7055
2858
6
2
3980
3248
1930
3149
7136
8789
3
2
130
4415
38
9981
1322
5984
1345
5765
1016
6
5529
3
185
5
6
2587
2
1
4348
9136
2
804
4312
5413
3
2316
7705
758
4593
3941
260
93
28
4013
2
8
1733
7
1
22
35
367
6821
2142
57
1
30
4271
7
8
5
799
2
3898
9320
5042
487
2
1095
7984
8
1
2624
509
13
2670
580
3168
3
2080
2889
87
396
184
7814
5
52
22
2
154
12
3969
7550
1627
263
203
13
2413
27
3186
14
6812
7
7
9123
4
466
845
6404
53
2
45
5345
4
4638
1
3224
4181
69
7
8876
3
1053
6056
5903
84
137
4
3873
3
8488
8995
7998
8367
4
1449
6102
2
1178
1
5400
7824
5760
3116
9955
25
1458
134
677
1
6473
1
113
1920
7
671
7496
7823
2
2
3333
1313
2
3
2
4552
4
4597
2242
2
5636
52
2
1
8824
79
7
165
1083
27
42
392
2846
4965
31
3793
2366
423
8549
62
1
8
168
642
9508
5
1
1541
6009
2884
1
47
9104
388
277
3
17
1
5158
2621
2777
1
35
1
2
3672
508
511
4
1118
3150
35
2
1454
8160
2530
1
8677
11
3
8359
7404
1
14
9875
5170
1679
2
6051
7090
5872
8069
3
85
83
7674
1
6144
10
274
7389
4
1256
1
3367
6
7271
331
1
1
2884
1
9565
4796
2100
1
177
24
41
9443
1002
5533
16
1263
44
9000
101
30
1306
6934
25
579
1
4
4959
1
9
6766
6109
2
6480
2179
6064
37
22
3046
630
2672
2
701
73
5887
2
37
6751
2
12
84
2
8
9804
88
7
2873
14
7
1657
9820
1
1
2893
165
1491
1960
268
235
4448
7224
2
27
4589
477
9
1
1
9937
4
8661
1
31
58
5122
11
19
16
1910
5
66
79
3251
215
2
7072
2609
9176
8690
82
155
6607
3
72
1
1
1
4292
8264
4800
923
4907
3
10
791
4719
5413
4116
1
5778
14
8771
236
4833
5
7585
9
1592
170
1857
4113
2
62
3489
2390
347
6489
9472
4894
3627
3
6924
1
1
167
7407
4
1920
1
34
4189
1512
2236
2913
5977
2425
444
107
336
17
6663
1003
195
2307
2
2
2904
6938
37
3623
6552
5536
6
3
1582
1
2546
9796
1976
2568
3
75
3010
91
23
85
4628
1
1
3340
13
2336
1
3113
188
3689
177
62
4
4
785
3588
127
6219
1
10
39
1063
9701
1463
1805
2640
80
3
1
5276
390
4980
9393
470
1
1135
2274
9592
7
3
6258
2604
1985
10
1
13
56
4584
4
127
1
21
4393
1
28
1
2725
223
9877
8
3232
4609
2136
1655
5
9445
1
1
83
523
792
54
2
14
353
59
1
396
708
1
128
551
4456
107
1
3168
2
102
5
3716
17
7
1
6
129
531
19
7
2934
1575
1
1861
4
2666
28
5453
9735
1
1
7066
158
8312
1179
3
278
2313
6271
11
29
274
3988
7
1047
41
2043
4
1
24
59
11
8
2270
8993
28
48
1427
1011
74
8
7
7941
510
526
16
2701
36
2075
8700
10
228
1
624
2031
2
465
9073
1
3
3713
5
1895
4448
6064
7630
469
4377
1065
8735
1116
1
2
42
8915
5023
1
1
48
6
8274
190
1443
4
2
5121
26
1619
4228
1
5559
767
9338
29
4
5
1
120
15
4
1056
5605
12
6621
1
1
9
9350
2912
1
596
303
2971
1694
795
121
8688
1
6775
1
9
191
4490
1292
4
3
8
1381
8503
6688
6518
531
2960
1540
1066
2
4614
6070
3
40
2
12
206
742
48
12
182
5
175
6693
796
1
347
1
7801
3
2877
237
1772
42
4
5
5331
49
12
23
2812
1
6766
2151
13
198
8886
9731
4
1
2927
3382
156
1081
5307
2
3489
1533
2250
7484
1279
378
2
3578
6053
23
6952
7000
9814
8
3
85
36
7
4308
5856
1
9174
1
175
381
16
2185
44
3602
5111
3874
8016
60
6918
4564
1
3
113
2814
7
112
1864
7776
1
1
9951
17
1773
6
3313
4891
2071
168
46
1
138
49
814
1
1711
8
5
37
1210
2600
3
1
1
9412
3124
1
913
236
2712
18
2
2446
43
6706
9
1
3114
1
10
1
6647
314
776
1
2543
176
5519
6
5
6084
9518
431
660
7492
6681
1
5926
3
36
4
8393
4077
470
3
24
609
1
3
33
9
2126
1
6
1
126
9
5581
1
500
1365
2645
1
9230
5611
272
5054
209
2
9966
1948
8360
1
1
97
3318
1
4
6560
758
8134
7
8195
29
997
15
13
1342
4063
388
2833
1
7844
5598
828
3875
3082
17
2322
439
1818
37
2007
4605
1
4
2971
2228
317
6142
2
41
1546
1176
1256
5
3
6882
2714
5
3881
578
2
569
199
641
1
17
1
176
14
18
9948
8702
12
233
3535
1008
8354
653
2
250
1299
916
903
1
5113
874
132
19
5509
6298
1
5026
92
9166
4169
8198
229
1069
1
1
914
7
3143
4146
3389
31
166
8
1
1
2
4859
5603
6374
4
3270
12
19
4775
615
5
3129
28
114
475
8
5184
8510
12
52
904
1
4008
7177
1
33
24
561
1477
190
5018
133
19
4279
2523
8870
115
1
1170
2
5970
6
463
2
1
5471
502
23
9
12
2646
5983
9043
8373
3989
8434
455
5616
96
1102
23
2
1
3459
247
3739
13
39
10
7
3
1
7798
8534
5
317
46
5062
435
376
3175
4091
1
3
16
9584
20
1693
1
1
7
2264
270
6
2560
4915
53
27
7073
9299
7
253
1
7329
1
5657
1
224
2523
3630
4591
24
1
404
2
4107
2
90
28
1
17
7561
3360
5157
5127
4986
4
2676
5104
2636
1
45
2747
13
184
1729
3409
187
33
298
2
114
138
3907
5124
9646
64
3976
1
21
2806
548
3556
235
2322
39
1798
1593
2
2439
2220
4
2
9472
8179
4
818
140
7
30
2878
2
18
9293
424
5633
9824
1
1904
19
2891
1029
269
8
1460
7
2
4054
9409
15
8359
1
23
3796
8810
5203
9133
6261
2
19
62
4718
1
1
1252
138
72
2
3478
6690
8464
30
9
7288
2190
8
85
9097
33
504
9887
232
2
7414
3787
1
32
6392
2184
8420
5
5058
1061
5265
112
125
776
2
482
816
4997
1
22
676
2
4752
11
4
2985
29
1
9049
8370
261
6209
7
1
1411
3829
2634
121
1
43
295
1914
3
144
9105
4
1825
1
1
329
6652
1
7655
9120
191
9374
8
1
6585
18
9853
6175
4465
28
2
6999
338
6083
18
205
2742
735
14
1600
81
10
4
11
2101
214
91
8674
258
9825
23
140
34
7524
81
937
426
161
1
2468
9528
54
13
38
3618
4385
315
17
4106
3984
17
3
295
320
12
4
109
2581
849
3688
599
11
2
4
15
326
8
9377
31
395
4415
201
12
56
20
45
3
4588
9566
4391
577
5
480
673
5202
3735
613
709
33
1
7744
1
2312
5147
193
2612
9250
7008
23
7
3142
5
6290
388
3
1
514
9
7880
9990
2
1
518
5
4944
58
9930
8992
1611
399
2520
5049
61
1
7568
640
2438
1
239
195
1
7993
4162
2993
3652
5543
3215
7207
200
13
3
2
17
4292
617
3904
1
2088
2453
409
560
5
1
52
19
5537
2
1296
58
43
71
22
12
1697
2
9519
11
4
12
725
1019
3
126
1
74
3519
324
484
6166
2610
37
5183
1
8814
514
505
4786
2
2
1172
236
55
2
1484
2
8
75
843
4343
764
9423
2481
143
3
6914
1767
89
2702
382
1
93
4030
78
1830
8715
531
820
673
1
256
452
182
41
6920
24
8485
7
3334
5
418
3
888
2914
1
134
259
3551
2880
149
1421
9047
9791
9043
1445
2323
5603
38
5621
8187
50
1155
562
17
1012
119
3
9008
9
3
13
1
16
726
186
80
30
3464
1
5904
6655
221
86
2808
2
7936
9
315
1904
52
33
4528
1946
207
18
2598
5052
475
8850
5630
99
4359
19
6
993
1530
20
5084
56
4
161
2305
341
5536
2138
9992
1520
1312
842
1376
9822
692
3239
5
4140
1
52
1760
7789
1
5070
3
368
6
49
8733
4940
3194
417
5988
8
6353
847
213
1
3909
2
6894
1
7753
9521
5
8
4
2984
1773
2879
767
8
15
1
9239
158
2
3227
2
178
18
4405
1
1
29
39
1
1824
4499
314
23
3
380
9696
7825
633
15
7901
251
3684
322
9264
3
7664
1165
2
20
17
8
10
3040
17
27
1
1
10
296
20
6242
253
6253
2368
1
3631
6193
1
10
107
7002
409
789
2
1132
2822
5077
15
727
8955
1857
2
1
2
23
172
2
897
3705
4028
6273
2
3700
1030
99
47
6
409
4030
106
269
6382
9351
19
92
41
436
2
3
245
3664
1
1065
2534
5686
1426
2
4604
34
24
464
2397
2380
7465
5810
2
8677
3
14
6663
45
1
1568
6743
19
221
6352
938
6778
5
3519
1627
9399
10
1
7376
57
5
2
188
10
84
980
5
3669
7846
3
1
8951
8538
11
13
8549
2455
4950
1445
47
12
3199
1
8036
476
3430
82
2966
112
116
7826
8364
9303
665
2701
2137
1
990
7019
4713
1
7
4849
2
5
5
4766
1529
7706
10
6551
96
1836
1
9
1108
405
8
2
13
98
8970
9330
2820
4
256
6664
1932
10
23
3987
520
3
2
65
5428
3346
163
5366
148
6227
1
1121
3844
26
1633
186
3460
77
4
1045
4489
103
2183
49
9685
69
3468
194
3081
9230
5265
6531
2
9023
40
3177
4434
1
90
45
15
15
62
655
7477
4
3349
2313
41
5
283
32
7136
10
4
268
668
5963
1
2
150
347
8730
2055
5005
246
1633
8474
609
298
72
3
137
1
138
1033
386
90
3760
7896
3
7807
453
1
22
59
9
1
67
4831
3647
18
1
70
6
9509
6586
7
7730
42
3412
1340
6541
928
2221
5070
3184
1549
1362
3976
4108
7
3017
710
1
1
1
6468
5281
8796
14
3
18
1
2818
8638
103
1
1
192
15
2
206
4
7483
9
1
15
7153
7003
304
5121
223
16
18
8053
5503
3
1
339
2826
2
87
3
9
21
7216
9536
478
4431
6229
1677
8725
400
198
9367
4134
32
3
9750
3
8147
2855
4443
9815
2602
8955
11
4416
74
4047
8969
6675
59
2380
4
6249
3
2393
11
4927
4757
5543
11
1682
2
7284
5311
6743
1
6994
1
5033
227
1
14
2
3
767
3
231
201
3
2359
6895
3310
5422
1098
1
8
1
4
1
5566
181
6373
43
1
5
1
6871
203
286
6243
48
2487
9744
18
5
1262
5183
6378
1
1
2
6260
132
12
21
67
37
376
7082
9
1
462
3
17
321
929
8696
8144
2
146
8864
8548
1509
1
1
47
37
2412
9188
14
6349
6136
45
114
644
33
872
64
802
46
7685
5
110
249
20
5
11
8682
287
9
1
6888
2104
5968
7847
2
19
9
144
5636
1507
3974
9
5886
1
77
26
101
132
2
1
150
1
15
8224
2017
5
33
2
6971
4912
782
594
6
3784
9509
865
9559
3979
11
124
5691
1647
4330
32
7
9
221
2
3078
1804
2106
74
8865
42
2
6732
15
3910
3
2
7344
366
2783
3
440
3675
237
48
2
11
275
5296
790
496
86
1617
3289
7919
2613
14
4
1
8742
4
1478
2
1
1
7
6998
1
5
274
7196
5838
4236
2102
4
214
11
6123
9
400
8555
3638
1895
6315
207
1
116
2
37
4
3265
8381
14
3429
21
18
32
2
34
1
377
112
7474
4383
2552
1756
6
1750
5697
9759
1
2590
444
1
1
28
536
1509
187
2
167
839
5224
30
798
5
213
3
18
6
17
1487
8440
880
46
3
9504
1
4383
8073
1357
2
3828
18
3
4
1836
2
2525
1
11
987
9391
3165
95
65
16
8295
17
3
1
49
27
9411
20
307
202
5104
3
24
2181
770
150
4664
4
7
5
89
1
36
9032
2104
8
15
2
166
2011
2862
119
6990
142
8271
1
535
7
9798
179
1
6366
9189
7762
400
2813
1
2
1853
1
7952
2099
3422
82
3617
2320
5
3504
2746
9352
992
4690
57
10
342
8458
1115
2
2269
1
4
6348
3272
5958
134
8448
2451
5384
1
5082
1
2870
1
1
2454
399
1
8586
2516
4370
6578
8
7067
1890
29
3
2
2515
8999
52
2163
3
3555
15
5696
90
9985
7
9914
2750
6461
6545
6094
1
4529
5825
9963
2016
1
3138
36
8042
1
4331
2774
2
21
2557
5546
5178
84
10
209
1
4192
85
31
7518
146
724
91
1
9210
7200
240
2252
9
7329
4886
5551
3234
4813
8
1
2030
998
196
1
21
5730
9033
27
6546
470
3248
50
175
791
11
519
5711
2
5427
1
3110
1
1
2
8959
7918
3839
105
5359
200
55
6
167
3492
1158
4062
269
189
37
8612
4693
5
23
1636
5
27
1225
1022
25
1
2
2375
9881
4817
633
2222
5226
6706
27
38
1811
1127
31
4
179
1
10
364
1630
5585
1
6449
1
20
487
1001
51
2847
4
40
6
3
1226
1
8734
146
363
6477
1539
1110
2
7523
134
3
1139
246
8120
3953
1821
4
1
26
9720
57
1
9
4
6040
30
3
4922
2748
7411
1
1476
2
1345
4
7921
3524
987
3176
1
6767
20
14
765
7285
72
2
22
8
9691
2635
3280
441
2
3943
5
41
5617
2619
1907
7308
15
9706
514
8501
7039
2505
4505
3213
6
6064
50
2519
2347
357
612
415
20
3792
3779
9494
1704
9455
424
4176
5
7881
565
2344
5806
2
9299
6630
8
7852
5
8785
152
376
3087
3
5296
895
327
1
5
6
10
5285
2729
534
4201
8764
9635
1622
2173
6906
2423
7009
1225
6572
2045
26
17
813
27
3615
3
3617
838
485
2018
2573
1
882
78
13
9659
3267
3416
10
4616
3600
2874
5
2
1
1049
9840
3212
1
416
11
4
2792
37
3564
440
2
13
48
8064
87
542
7173
126
4154
745
4658
885
1
1
1
4721
12
2169
71
641
749
521
1101
6913
9697
2
2
17
662
52
5
3228
3770
5163
94
1
7244
2362
8592
13
1
10
5
8722
4707
137
49
5
974
5049
1
9966
3519
8106
2866
3854
13
35
1
1605
15
1
4892
5
1
2625
2
1
1548
4915
3611
44
99
1602
6
3
6
2
1509
2
1
611
1
3
8964
1281
41
2
17
5972
13
1
1453
947
92
37
42
44
1
8987
5128
6823
52
201
36
785
1599
5623
46
2978
9247
146
1057
13
77
2462
8086
3
7296
45
28
6948
3455
5498
8439
668
5056
43
7
140
5903
5136
26
11
1
8556
946
119
13
3453
6607
4
2
4501
3
1
1695
4451
1406
3901
935
3960
1850
5
1891
6161
12
465
1772
9
15
1808
6489
9
4
8185
3
2161
28
398
5
38
1570
2
1
3976
43
3000
3
6918
4240
9546
6799
8691
7110
1
2321
8901
96
9248
113
224
4272
6
4703
10
12
8239
1
4106
6870
408
9228
1173
365
2
75
3360
1186
2215
1255
444
7057
4
4333
66
100
41
2
3340
10
808
9462
7
528
579
8
7397
3
404
5464
3496
1050
13
9426
1
1
1
4272
5952
61
1
3043
4
1
7969
97
937
174
360
8906
5132
329
9235
4948
120
2479
5398
97
3880
1004
2472
1
27
6
3285
7768
4590
14
1
3451
36
3
786
8842
1
9261
7028
7
1840
28
4
530
2
2
1126
146
3506
4
1
5756
39
172
38
1518
36
4512
680
77
7406
7
6447
7576
1
1065
1796
1030
87
2
3
8698
587
5354
30
1691
5975
40
23
6264
95
1
76
779
2444
9604
2
32
9
3616
18
5077
1378
57
1
1
2
180
6552
32
1189
1
267
2975
7839
26
1
8431
1
2
28
37
2005
6089
7429
3350
8352
17
4
2048
957
7346
1
56
6436
32
2004
8
2127
8785
6765
5152
44
64
130
75
725
5
7913
6656
1437
5129
290
973
5499
188
728
55
78
4892
1229
3
4
1
6934
9604
4370
2455
7073
1
4697
6739
6465
7
3638
666
28
8154
38
9148
1
9707
1095
49
1
5554
3671
71
24
6706
14
5227
13
613
6728
6234
8013
909
77
6658
75
7
897
2462
621
2
700
4
1486
977
7851
731
1335
16
1446
3218
20
177
2044
2921
5448
25
3792
47
6824
4009
682
6794
153
981
9683
8452
177
188
3
1024
4652
5
663
7340
7
681
47
5
316
5863
265
1391
10
8
755
3
67
7900
7404
941
1
11
60
2669
3
4480
2137
479
7902
9039
105
2
2
6
8
4
746
3914
3
182
8120
38
556
12
5
3
39
872
7002
1434
714
4307
10
5
9
2
22
8324
2391
9483
2513
3
4537
4
23
6198
6
838
5380
3972
10
3
5944
1
1
5244
6
1
33
1421
6741
3
800
1
144
251
3
12
1827
6653
171
1116
45
7903
7824
3769
6215
4260
1195
4191
14
45
7448
245
3531
5052
7855
1
3426
9747
2
1
5344
73
603
2
3977
2
44
596
1
5
1487
9
43
1
8984
63
1495
600
4
2516
4174
16
4991
9547
17
3
1
9973
1
19
8028
72
1263
6262
4518
3
1
2219
221
6510
5456
1
7
6
395
85
9947
524
5956
1
2
6929
6748
471
3222
7
733
1
5681
4020
164
1
2924
3908
78
464
464
5200
1591
1
1
9641
8778
1539
1
555
223
985
27
8795
5566
3532
196
5
4340
10
3966
47
16
3
4050
3
18
4258
1
8167
1556
1
80
2
1195
3760
690
304
3
4022
1049
1
7081
22
163
1
2
3
359
3
902
1
1
4170
1141
1995
8
8773
229
15
28
238
54
36
6674
3445
61
2
1223
5202
46
12
474
11
9
36
2828
8542
9
5
823
7090
42
9069
6760
5494
362
8847
258
1
6429
293
223
73
503
3554
343
59
24
7
9102
341
3800
3
1944
3
8238
12
2807
1
3900
1856
3164
3289
2512
1
899
4
1355
9924
681
38
2542
2
1
1
4070
2693
120
2325
30
8380
2
45
580
9
8067
2176
2382
756
3059
6293
7558
6381
8511
9
6595
37
3093
2448
2
1470
1
29
4368
262
1706
27
3
5562
637
9045
466
1
9572
1
35
408
2791
114
9501
9881
9196
1
40
151
5
1
207
2226
1
3
22
5850
6
6516
1
5009
5908
167
9443
4
1
457
4596
8404
459
303
4
5656
8311
10
276
1
2224
8650
4
4060
4549
2440
1
380
48
1
2159
1
3200
9059
49
1797
2732
28
219
1802
4
827
5428
2
1
5
433
2
87
8
3779
11
17
8532
2015
3
244
1125
1
9
3231
2483
1
177
3729
2
12
39
3567
47
2
7038
6231
7449
283
5682
1529
4617
6646
4876
359
6
2276
427
8576
2
65
4
6
1
35
6667
108
2
143
2609
71
4406
5378
5
1
3612
3244
8928
1
1122
8581
1724
1
25
433
1334
1
35
7
7726
4410
1
44
8329
2039
9416
86
16
159
3438
6592
2
8742
729
8991
2
1815
3
90
641
818
5075
21
5552
4395
829
4411
8
4569
9
3
1215
2
2468
18
7328
91
7259
2
12
4269
64
8120
1
7
1547
423
112
1
12
634
1
3
3
5125
1
578
365
6916
5
209
4529
7943
559
135
572
2687
7127
8028
1
65
5698
740
9922
484
5
2624
6326
5
3
1750
1
3349
1
77
16
809
1
5928
4957
1
1
6261
1922
6373
1217
316
79
1
1
554
7678
1
8
6692
332
821
9322
122
7166
5769
447
9383
3436
6735
6362
48
22
4
484
13
3949
103
2
5309
2
5769
7207
53
7442
156
1
152
9439
6481
3
191
477
1758
130
1293
6
2487
8393
11
3
2
8042
6036
2
3
1
8
13
5
6417
3375
3980
76
3939
44
7807
609
5168
119
7746
18
9786
1
7614
1871
127
20
19
8663
50
2
1
433
259
113
3116
7591
10
9020
5
153
5
3
570
617
119
2436
18
2
7129
1
5264
6438
3582
3107
4900
4059
9713
282
1
9152
8250
2397
1
26
96
6508
21
7718
1016
3121
233
5616
17
240
1418
135
7
5205
404
9031
